Rank,Word,Pronunciation,Meaning,Sentence,Sentence Meaning,Notes
1,的,de,,,,
2,我,wǒ,I; me,我是中国人。,I am Chinese.,
3,你,nǐ,you,你是中国人。,You are Chinese.,
4,是,shì,to be,我是中国人。,I am Chinese.,
5,了,le,completed-action marker; change-of-state marker,猫吃了苹果。,The cat ate the apple.,"After a verb, 了 marks a completed action. At the end of a sentence, it can mark a new situation: 他来了 “he has arrived.”"
6,不,bù,not,猫不吃苹果。,Cats do not eat apples.,"不 usually negates present, habitual, or future actions. 没 is generally used for past actions or for not having something."
7,在,zài,at; in; in the process of,猫在中国。,The cat is in China.,"Before a verb, 在 marks an action in progress: 他在吃苹果 “he is eating an apple.”"
8,他,tā,he; him,他是中国人。,He is Chinese.,
9,我们,wǒmen,we; us,我们是中国人。,We are Chinese.,
10,好,hǎo,good; well; okay,猫很好。,The cat is well.,
11,有,yǒu,have; there is/are,我有猫。,I have a cat.,"Before a noun, 有 means “have.” With a place first, it means “there is/are”: 中国有猫 “There are cats in China.”"
12,这,zhè,this,这是我的猫。,This is my cat.,
13,就,jiù,exactly; then; right away,这就是我的猫。,This is exactly my cat.,"Before a verb, 就 can mean “then” or “right away”: 他来了就走 “As soon as he arrived, he left.”"
14,会,huì,can (learned skill); will,我会吃苹果。,I can eat apples.,会 can express a learned ability or a future event: 他会来 “He will come.” Different from 能 (general capability) and 可以 (permission).
15,吗,ma,yes/no question particle,你好吗？,How are you?,"Placed at the end of a statement, 吗 turns it into a yes/no question."
16,要,yào,to want; need; be going to,我要水。,I want water.,"With a noun, 要 usually means “want” or “need.” Before a verb, it can mark an intention or future action — e.g. 我要去 “I’m going to go.” 想 usually expresses a softer desire."
17,什么,shénme,what,这是什么？,What is this?,
18,说,shuō,to speak; say,他说：“中国好。”,"He says, “China is good.”",
19,她,tā,she; her,她是中国人。,She is Chinese.,
20,想,xiǎng,to think; want; miss,我想你。,I miss you.,"Before a verb, 想 means “want to” — e.g. 我想来 “I want to come.” With a person as its object, it means “miss,” as in this sentence. For desire, 想 is generally softer than 要."
21,一,yī,one,我有一只猫。,I have a cat.,
22,很,hěn,very,苹果很好。,The apple is good.,"Before an adjective, 很 often makes a neutral descriptive statement and does not always add strong emphasis. 苹果很好 can simply mean “The apple is good.”"
23,知道,zhīdào,to know (a fact),我知道。,I know.,"知道 is for knowing facts or information. Compare 认识, for knowing a person or being familiar with something, and 明白, for understanding or realizing something."
24,人,rén,person; people,我是中国人。,I am Chinese.,
25,吧,ba,sentence-final particle: okay; let's,好吧。,"Okay, then.","After a suggestion or command, 吧 can soften it or mean “let’s” — e.g. 我们来吧 “Let’s come.” After a statement, it can show acceptance, as in 好吧 “Okay, then.”"
26,那,nà,that,那是猫。,That is a cat.,
27,来,lái,to come,他来了。,He came.,
28,都,dōu,all; both,我们都是中国人。,We are all Chinese.,
29,个,gè,general measure word,我有个苹果。,I have an apple.,"个 is a general classifier, used between a number or demonstrative and a noun."
30,能,néng,can; be able to,我能喝水吗？,Can I drink water?,能 refers to general ability or possibility. Compare 会 for a learned skill and 可以 for permission.
31,去,qù,to go; away,我想去中国。,I want to go to China.,
32,没,méi,not; have not,我没有苹果。,I don't have any apples.,
33,和,hé,and; with,我和你都是中国人。,You and I are both Chinese.,
34,他们,tāmen,they; them,他们都是中国人。,They are all Chinese.,
35,到,dào,to arrive; to,他到中国了。,He arrived in China.,
36,对,duì,right; correct; toward,这是对的。,This is correct.,
37,也,yě,also; too,我也是中国人。,I am Chinese too.,
38,啊,a,ah; oh,好啊！,Okay!,
39,还,hái,still; also; yet,他还在中国。,He is still in China.,"Also read huán, meaning “to return.”"
40,把,bǎ,disposal marker,我把苹果吃了。,I ate the apple.,"把 puts a specific object before the verb, often emphasizing what happened to it."
41,让,ràng,to let; make; ask,让他来吧。,Let him come.,"Before a person plus a verb, 让 means to let or make that person do the action."
42,做,zuò,to do; make,我想做什么？,What do I want to do?,
43,给,gěi,to give; to; for,他给我一个苹果。,He gave me an apple.,
44,一个,yígè,one; a/an,我有一个苹果。,I have an apple.,
45,上,shàng,on; above,苹果在桌子上。,The apple is on the table.,
46,你们,nǐmen,you (plural),你们都好吗？,Are you all well?,
47,过,guò,to pass; to cross; to spend (time),我过桥。,I cross the bridge.,Also read guo as an experiential particle after a verb — e.g. 我去过中国 “I have been to China.”
48,没有,méiyǒu,not have; there isn't/aren't,我没有苹果。,I don't have an apple.,
49,得,dé,to get; obtain,我得了一个苹果。,I got an apple.,"Also read děi, meaning “must” — e.g. 我得去 “I must go.” It is also read de after a verb before a complement, e.g. 做得好 “do well.”"
50,看,kàn,to look at; to watch; to see,你看，苹果很大。,"Look, the apple is big.","Also read kān, meaning “to guard/watch over” — e.g. 看猫 “watch the cat.”"
51,真,zhēn,real; really,这苹果真好。,This apple is really good.,
52,着,zhe,particle marking a continuing action or state,猫坐着。,The cat is sitting.,着 follows a verb and shows that the action or state is continuing.
53,事,shì,matter; thing,这事我知道。,I know about this matter.,
54,这个,zhège,this; this one,这个很好。,This one is very good.,
55,怎么,zěnme,how,这怎么做？,How do we do this?,
56,现在,xiànzài,now; at present,我现在在中国。,I am in China now.,
57,可以,kěyǐ,can; may,我可以去吗？,May I go?,"可以 is commonly used for permission. 能 describes general capability, while 会 describes a learned skill."
58,点,diǎn,point; a little; o'clock; to order,给我一点水。,Give me a little water.,
59,呢,ne,what about...?; question particle,你呢？,What about you?,"After a topic, 呢 asks “what about ...?” as here. After a verb phrase, it can ask about an ongoing action — e.g. 他在做什么呢？ “What is he doing?”"
60,如果,rúguǒ,if,如果你想去，我也去。,"If you want to go, I'll go too.",
61,只,zhǐ,only,我只要一个。,I only want one.,"Also read zhī, a measure word for animals and some paired items — e.g. 一只猫 means “one cat.”"
62,别,bié,don't,你别说。,Don't say it.,别 is used for negative commands; 不 is used to negate statements or habits.
63,哦,ó,oh,哦，我知道了。,"Oh, I understand now.",
64,但,dàn,but,我想去，但他不想去。,"I want to go, but he doesn't.",
65,被,bèi,passive marker (by),苹果被猫吃了。,The apple was eaten by the cat.,被 often suggests that something unwanted or unintended happened to the subject.
66,走,zǒu,walk; leave,我们走吧。,Let's go.,"With a destination or place phrase, 走 can mean “walk” — e.g. 走到那 means “walk over there.”"
67,太,tài,too; very,这个太好了。,This is so good.,"Before an adjective, 太...了 often expresses “so/very” rather than excess — e.g. 太好了 means “that's great.”"
68,这样,zhèyàng,like this; this way,这样很好。,It's good like this.,
69,里,lǐ,inside,猫在房间里。,The cat is in the room.,
70,跟,gēn,with; and,我跟你去。,I'll go with you.,"Between two nouns, 跟 can mean “and” — e.g. 我跟你 means “you and I.”"
71,告诉,gàosù,tell,你告诉我吧。,Tell me.,The person receiving the information comes right after 告诉: 告诉我 means “tell me.”
72,因为,yīnwèi,because,因为他不在，我们去吧。,"Since he isn't here, let's go.",
73,自己,zìjǐ,self; oneself,我自己去。,I'll go by myself.,
74,再,zài,again; then later,你再说。,Say it again.,"In a sequence after 先, 再 means “then”: 先看，再说 means “look first, then talk.”"
75,听,tīng,listen; hear,你听我说。,Listen to me.,"听 plus an object usually means “listen to,” as in 听我说. 听到 means “hear.”"
76,这里,zhèlǐ,here,我在这里。,I am here.,
77,快,kuài,fast; quickly,你快来吧。,Come quickly.,
78,谁,shuí,who,那是谁？,Who is that?,
79,但是,dànshì,but,我想去，但是他不想去。,"I want to go, but he does not want to go.",
80,多,duō,many; much,中国人很多。,There are many Chinese people.,
81,用,yòng,to use,我用这个吧。,I'll use this.,
82,时候,shíhòu,time; when,你来的时候，告诉我吧。,Tell me when you come.,
83,下,xià,below; down,猫在桌子下。,The cat is under the table.,
84,已经,yǐjīng,already,我已经看了。,I have already seen it.,
85,谢谢,xièxiè,thanks,谢谢你。,Thank you.,
86,为什么,wèishénme,why,你为什么不去？,Why aren't you going?,
87,觉得,juéde,to think; to feel,我觉得这样很好。,I think this is very good.,
88,天,tiān,day; sky; weather,天不好。,The weather is bad.,
89,像,xiàng,to resemble; image or portrait,这个像那一个吗？,Does this look like that one?,"As a noun, 像 means an image or portrait — e.g. 一张像 “a portrait.”"
90,这么,zhème,so; this way,这个人怎么这么好？,Why is this person so nice?,
91,它,tā,it,它在这里。,It is here.,
92,从,cóng,from,我从这里走到那里。,I walk from here to there.,
93,先生,xiānshēng,Mr.; sir,先生，你好！,"Hello, sir!",
94,找,zhǎo,to look for,我在找你。,I am looking for you.,
95,最,zuì,most,这个是最好的。,This one is the best.,
96,喜欢,xǐhuān,to like,我喜欢这个。,I like this.,
97,可,kě,but; yet,可他不想去。,But he does not want to go.,
98,为,wèi,for,这是为你做的。,This was made for you.,
99,大,dà,big,这个很大。,This is big.,
100,可能,kěnéng,possible; perhaps,他现在可能不在这里。,He may not be here now.,
101,需要,xūyào,to need,我现在需要你。,I need you now.,
102,是的,shìde,yes,是的，我知道。,"Yes, I know.",
103,死,sǐ,to die; dead,他死了。,He died.,
104,次,cì,time; occurrence,我再说一次。,I will say it one more time.,Used after a number to count occurrences: 一次 means “one time.”
105,出,chū,to go out; come out,他出去了。,He went out.,
106,那么,nàme,so; then,那么，我们现在去吧。,"So, let's go now.",
107,干,gàn,to do,你在干什么？,What are you doing?,"Also read gān, meaning “dry.”"
108,那个,nàge,that one,那个是你的吗？,Is that one yours?,
109,嘿,hēi,hey,嘿，你也在这里啊！,"Hey, you're here too!",
110,们,men,plural suffix,你们都来了吗？,Have you all come?,"Added to pronouns or words for people to make them plural, e.g. 我们 “we.”"
111,话,huà,words; speech,我听了你说的话。,I listened to what you said.,
112,而,ér,but; yet,他想去，而我不想去。,"He wants to go, but I don't.",
113,么,me,question suffix,你要什么？,What do you want?,Used in question words such as 什么 “what” and 怎么 “how.”
114,东西,dōngxī,thing; stuff,这个东西很好。,This thing is good.,
115,应该,yīnggāi,should,你现在应该去。,You should go now.,
116,孩子,háizi,child,孩子都很喜欢这个。,Children all like this.,
117,起来,qǐlái,to get up,你起来吧。,Get up.,
118,所以,suǒyǐ,so; therefore,因为他很忙，所以没来。,"Because he was very busy, he didn't come.",
119,这些,zhèxiē,these,这些都很好。,These are all good.,
120,才,cái,only then; not until,他现在才来。,He's only coming now.,"Before a number, 才 means “only” for a small amount — e.g. 才一个 “only one.”"
121,两,liǎng,two,我们有两个人。,There are two of us.,
122,错,cuò,wrong; mistake,这个是错的。,This is wrong.,
123,还有,háiyǒu,there is/are also; in addition,这里还有一个人。,There is also another person here.,
124,又,yòu,again; also,他又来了。,He came again.,
125,小,xiǎo,small; young,这个孩子很小。,This child is very young.,
126,中,zhōng,among; in the middle of,他在我们中。,He is among us.,"Also read zhòng, meaning ""to hit"" — e.g. 打中了 ""hit it."""
127,叫,jiào,to call; to be called; to tell someone to,他们都叫他先生。,They all call him sir.,"Before a person plus a verb, 叫 means ""tell/ask someone to do..."" — e.g. 叫我来 ""tell me to come."""
128,嗯,ń,mm; yes,嗯，我知道了。,"Mm, I know.",
129,该,gāi,should; ought to,你该走了。,You should go now.,
130,等,děng,to wait; etc.,你等我一下。,Wait for me a moment.,"After a list of nouns, 等 means ""etc."" — e.g. 我、你等 ""me, you, etc."""
131,问题,wèntí,question; problem,你有什么问题吗？,Do you have any questions?,
132,一起,yìqǐ,together,我们一起去吧。,Let's go together.,
133,拿,ná,to take; to hold,把这个拿给他。,Take this to him.,
134,更,gèng,more; even more,这样更好。,This way is better.,
135,开始,kāishǐ,to begin; beginning,现在开始吧。,Let's begin now.,
136,帮,bāng,to help,我帮你拿这个。,I’ll help you take this.,
137,打,dǎ,to hit; to play; to make,他打了我。,He hit me.,
138,爱,ài,to love,我很爱你。,I love you.,
139,带,dài,to bring; to take; to carry,你可以带这个走。,You can take this with you.,
140,时间,shíjiān,time,我现在没有时间。,I don’t have time now.,
141,年,nián,year,我们等一年吧。,Let’s wait a year.,
142,请,qǐng,please; to invite,请你再说一次。,Please say it again.,"Before a person plus a verb, 请 makes a polite request. Before a person plus an activity, it can mean “invite” — e.g. 请他吃饭 “invite him to a meal.”"
143,回,huí,to return; to go back,我们什么时候回？,When are we going back?,
144,工作,gōngzuò,work; job,他在这里工作。,He works here.,
145,然后,ránhòu,then; after that,我看了这个，然后走了。,"I looked at this, and then left.",
146,当,dāng,when; to serve as,当你有问题的时候，告诉我吧。,"When you have a question, tell me.","Also read dàng, meaning “to pawn” — e.g. 把这个当了 “pawn this.”"
147,见,jiàn,to see; to meet,我们什么时候见？,When will we meet?,
148,钱,qián,money,我没有钱。,I don’t have any money.,
149,噢,ō,oh,噢，我知道了。,"Oh, I understand now.",
150,一样,yīyàng,same; alike,这个和那个一样。,This is the same as that.,
151,事情,shìqíng,matter; affair,这个事情我已经知道了。,I already know about this matter.,
152,就是,jiùshì,exactly is; simply is,这就是我想要的。,This is exactly what I want.,
153,吃,chī,eat,我们先吃，然后再走。,"Let's eat first, then leave.",
154,所有,suǒyǒu,all; every,所有的人都来了。,Everyone came.,"所有 normally comes before the noun it covers, often with 的: 所有的人."
155,开,kāi,open; turn on; start,请开一下门。,Please open the door.,
156,一下,yīxià,a bit; once,你等一下，我就来。,Wait a moment; I'll come right away.,"After a verb, 一下 can make an action brief or make a request sound softer."
157,家,jiā,home; family,他已经回家了。,He has already gone home.,"家 can mean “home” without a possessive word, as in 回家."
158,非常,fēicháng,very; extremely,这个东西非常好。,This thing is very good.,非常 is a strong degree adverb before an adjective or verb; it is stronger than 很.
159,看到,kàndào,see; catch sight of,我看到你了。,I saw you.,看到 means actually seeing or catching sight of something; 到 marks the result of 看.
160,希望,xīwàng,hope; wish,我希望你能来。,I hope you can come.,
161,那些,nàxiē,those,那些人都来了。,Those people all came.,
162,哪,nǎ,which; where,你想要哪一个？,Which one do you want?,"Before a noun or classifier, 哪 asks “which,” as in 哪一个 “which one”; in 哪儿 or 哪里, it asks “where.”"
163,当然,dāngrán,of course,当然可以。,Of course you can.,
164,也许,yěxǔ,perhaps; maybe,他也许已经回家了。,Maybe he has already gone home.,
165,行,xíng,okay; works,这样行吗？,Does this work?,"Also read háng, meaning “a row” or “a line of business.”"
166,朋友,péngyǒu,friend,我和朋友一起走。,My friend and I are walking together.,
167,妈妈,māmā,mom,妈妈在家吗？,Is Mom at home?,
168,相信,xiāngxìn,believe; trust,我相信他。,I believe him.,相信 means accepting something as true or trusting someone; 认为 is used for stating an opinion.
169,前,qián,front; before,他在门前。,He is in front of the door.,
170,嗨,hāi,hi,嗨，你好吗？,"Hi, how are you?",
171,认为,rènwéi,think; believe,我认为他会来。,I think he will come.,认为 is used to state an opinion; 相信 means accepting something as true or trusting someone.
172,将,jiāng,will; shall (formal),我将回家。,I will go home.,"将 is a more formal future marker than 会 or 要, and it comes before a verb."
173,这儿,zhèér,here,你在这儿吗？,Are you here?,
174,今天,jīntiān,today,今天我没工作。,I don't have work today.,
175,明白,míngbái,understand; realize,我明白你的话了。,I understand what you said.,"明白 means to understand or realize something. 知道 is knowing a fact, while 认识 is knowing a person or being familiar with something."
176,一直,yìzhí,continuously; all along,他一直在等我。,He has been waiting for me all along.,
177,看看,kànkàn,take a look,你看看这个。,Take a look at this.,"Repeating a verb, as in 看看, makes the action sound brief and often makes a request softer."
178,车,chē,car; vehicle,这是我的车。,This is my car.,
179,时,shí,time; hour,这时，他来了。,"At this moment, he came.",
180,杀,shā,kill,别杀它！,Don't kill it!,
181,地方,dìfāng,place,这是我喜欢的地方。,This is a place I like.,
182,不过,bùguò,but; however; only,我想去，不过现在没有时间。,"I want to go, but I don't have time now.","Before 是, 不过是 means “only/just” — e.g. 这不过是个小问题 “This is only a small problem.”"
183,呃,è,um,呃，我不知道。,"Um, I don't know.",
184,发生,fāshēng,happen; occur,这儿发生了什么事？,What happened here?,
185,几,jǐ,how many; several,你有几个朋友？,How many friends do you have?,
186,回来,huílái,return; come back,他已经回来了，但是我们还在这儿。,"He has already come back, but we are still here.",
187,准备,zhǔnbèi,prepare; get ready,我们准备一下，然后就去。,"Let's get ready, and then we'll go.",
188,找到,zhǎodào,find,我找到你了。,I found you.,
189,后,hòu,after; behind,先做这个，后做那个。,"Do this first, then do that.",
190,爸爸,bàbà,dad; father,我爸爸在家。,My dad is at home.,
191,一切,yīqiè,everything,一切都好。,Everything is good.,
192,抱歉,bàoqiàn,sorry,抱歉，我现在不能去。,"Sorry, I can't go now.",
193,比,bǐ,than; compared with,这个比那个大。,This one is bigger than that one.,
194,感觉,gǎnjué,feel; feeling,我感觉不太好。,I don't feel very well.,
195,些,xiē,some; a few,我有一些钱，不过不多。,"I have some money, but not much.",
196,只是,zhǐshì,just; only,我只是想看看。,I just want to take a look.,
197,怎么样,zěnmeyàng,how; what about,这个怎么样？,How about this?,
198,出来,chūlái,to come out; emerge,他从这里出来了。,He came out of here.,
199,不要,búyào,don't; don't want,不要这样。,Don't do this.,"Before a verb, 不要 is usually a negative command: 不要走 means “don't leave.” With a noun object, it can mean “not want”: 我不要这个 means “I don't want this.”"
200,对不起,duìbùqǐ,sorry,对不起，我现在不能去。,"Sorry, I can't go now.",
201,问,wèn,to ask,如果你有问题，就问我吧。,"If you have a question, just ask me.",
202,离开,líkāi,to leave,他已经离开这儿了。,He has already left here.,
203,一点,yìdiǎn,a little; a bit,我还有一点事情要做。,I still have a few things to do.,
204,一定,yídìng,definitely; must,你一定要回来。,You must come back.,"In a command or request, 一定 expresses a strong requirement: 你一定要回来 means “you must come back.” Before 会 in a prediction, it means “definitely”: 他一定会来 means “he will definitely come.”"
205,起,qǐ,to get up; rise; start,你该起了。,You should get up.,
206,还是,háishì,still; or; had better,你要这个还是那个？,Do you want this one or that one?,"In a question between alternatives, 还是 means “or”: 你要这个还是那个？ In a statement before a verb, it can mean “still”: 他还是没来 means “he still hasn't come.” 还是……吧 often makes a suggestion: 我们还是走吧 means “we'd better go.”"
207,发现,fāxiàn,to discover; notice,我发现他不在这儿。,I noticed that he isn't here.,
208,所,suǒ,what; that which,这就是我所需要的东西。,These are exactly the things that I need.,所 + verb + 的 turns a verb phrase into “what/that which ...”: 我所需要的东西 means “the things that I need.”
209,住,zhù,to live; stay,你住在这儿吗？,Do you live here?,"After another verb, 住 can be a result complement meaning “firmly/in place,” as in 拿住, “hold onto.”"
210,件,jiàn,measure word for matters and items,我知道这件事。,I know about this matter.,"Used with a number or demonstrative before nouns, especially matters and items such as clothing: 这件事 means “this matter.”"
211,正,zhèng,just; right now,他正看着你呢。,He is looking at you right now.,"Before a verb, 正 marks an action in progress or happening right now."
212,而且,érqiě,and; moreover,我想去，而且他也想去。,"I want to go, and he wants to go too.",
213,并,bìng,at all; really (with a negative),我并不知道。,I really don't know.,并 is commonly used before 不 or 没 to add emphasis to a negative.
214,必须,bìxū,must; have to,我们必须先回家，然后再来。,"We have to go home first, then come back.",
215,意思,yìsi,meaning,你知道这是什么意思吗？,Do you know what this means?,
216,放,fàng,to put; to place,请把钱放在这儿。,Please put the money here.,
217,不错,bùcuò,not bad; pretty good,这个地方不错，我们住这儿吧。,This place is pretty good; let's stay here.,
218,肯定,kěndìng,definitely; certainly,他肯定知道，但是不告诉我们。,"He definitely knows, but he won't tell us.",
219,电话,diànhuà,telephone; phone call,妈妈给我打电话了，但是我没听到。,"Mom called me, but I didn't hear it.",
220,为了,wèile,for; for the sake of,为了见妈妈，我今天回家了。,I went home today to see Mom.,
221,搞,gǎo,to do; to make,你在搞什么？,What are you doing?,"搞 is a broad, colloquial verb; its exact meaning depends on the object and context."
222,棒,bàng,great; excellent,你做得真棒！,You did a great job!,
223,第一,dìyī,first,这是我第一次来这儿。,This is my first time coming here.,
224,妈,mā,mom,妈，我回来了。,"Mom, I'm back.",
225,地,dì,ground; land,钱在地上。,The money is on the ground.,"Also read de, a particle placed after an adverb before a verb — e.g. 慢慢地走 “walk slowly.”"
226,进,jìn,enter; go in,请进。,Please come in.,
227,那样,nàyàng,like that,我不想那样做。,I don't want to do it like that.,
228,大家,dàjiā,everyone,大家都准备好了。,Everyone is ready.,
229,新,xīn,new,这是新车吗？,Is this a new car?,
230,您,nín,you (polite),您好！,Hello!,"A polite form of 你, used when speaking respectfully to someone."
231,向,xiàng,toward; to,他向我走来。,He walks toward me.,
232,一些,yīxiē,some,我有一些问题想问你。,I have some questions I want to ask you.,
233,三,sān,three,我们三个人一起去吧。,The three of us will go together.,
234,那里,nàlǐ,there,你们在那里吗？,Are you there?,
235,以为,yǐwéi,think; assume (mistakenly),我以为你在家，但是你不在。,"I thought you were at home, but you aren't.",以为 usually implies that what was assumed was not true.
236,高兴,gāoxìng,happy; glad,见到你，我很高兴。,I'm very glad to see you.,
237,嘛,ma,after all; you know,这件事情你也知道嘛。,"You know about this too, after all.","Sentence-final 嘛 presents something as obvious or already shared, often softening the statement."
238,老,lǎo,old,这车很老了。,This car is very old.,
239,位,wèi,polite measure word for people,请问，您是哪一位？,"Excuse me, who are you?","位 is a polite classifier for people, often used instead of 个."
240,过来,guòlái,come over,请你过来一下。,Please come over for a moment.,"After another verb, 过来 shows movement toward the speaker, e.g. 拿过来: “bring it over.”"
241,掉,diào,fall; drop; lose,我的钱掉了。,I lost my money.,
242,先,xiān,first; before,我们先走，然后你们来。,"We'll go first, then you come.",
243,等等,děngděng,wait a moment,等等我！,Wait for me!,
244,生活,shēnghuó,life; living,这里的生活很好。,Life here is very good.,
245,之,zhī,of; possessive marker (formal),这不是我之错，而是他之错。,"This is not my fault, but his.","A formal/literary possessive marker, usually replaced by 的 in everyday speech."
246,买,mǎi,to buy,我想买这个。,I want to buy this.,
247,种,zhǒng,kind; type,这种很好。,This kind is good.,"Also read chóng, meaning “to plant.”"
248,医生,yīshēng,doctor,医生来了。,The doctor has come.,
249,最后,zuìhòu,last; final(ly),最后，他还是来了。,"In the end, he still came.",
250,之前,zhīqián,before,你来之前，先给我打电话。,Call me before you come.,
251,伙计,huǒjì,buddy; guy,伙计，等等我！,"Buddy, wait for me!",
252,手,shǒu,hand,把你的手给我。,Give me your hand.,
253,任何,rènhé,any,我没有任何问题。,I don't have any questions.,"Usually used in negative, question, or conditional sentences rather than a plain positive statement."
254,很多,hěnduō,many; a lot of,这里有很多人。,There are a lot of people here.,
255,哪儿,nǎér,where,你们要去哪儿？,Where are you going?,
256,这种,zhèzhǒng,this kind of,我不喜欢这种东西。,I don't like this kind of thing.,
257,上帝,shàngdì,God,上帝知道一切，但是我不知道。,"God knows everything, but I don't.",
258,女人,nǚrén,woman,那个女人一直在这儿等我们。,That woman has been waiting for us here.,
259,名字,míngzì,name,我不知道他的名字，所以问了他。,"I didn't know his name, so I asked him.",
260,认识,rènshí,to know; recognize,我认识那个医生，但是他不认识我。,"I know that doctor, but he doesn't know me.","认识 is knowing a person or being familiar with something; 知道 is knowing a fact, and 明白 is understanding or realizing."
261,坐,zuò,to sit; ride (a vehicle),我们先坐车，然后再去那里。,"We'll ride in a car first, then go there.","Before a vehicle, 坐 means “ride” — e.g. 坐车, “ride in a car.”"
262,今晚,jīnwǎn,tonight,今晚你来我这儿，我们一起看看吧。,"Come over to my place tonight, and we'll take a look together.",
263,其他,qítā,other; the rest,其他人都走了，但是他还在这儿。,"Everyone else has left, but he is still here.",
264,喝,hē,to drink,你先喝点水，然后再说吧。,"Have some water first, then talk.",
265,记得,jìde,to remember,你记得那个地方吗？如果记得，就告诉我吧。,"Do you remember that place? If you do, tell me.",
266,家伙,jiāhuo,guy; fellow,那个家伙一直在看我，不过我不知道他是谁。,"That guy has been looking at me the whole time, but I don't know who he is.","Informal; depending on tone, it can sound annoyed or unfriendly."
267,与,yǔ,and; with,你与我都知道这件事。,You and I both know about this matter.,"More formal than 和; it is often used to link nouns, as in 你与我, “you and I.”"
268,或者,huòzhě,or,我们可以现在去，或者等他回来。,"We can go now, or wait for him to come back.",
269,写,xiě,to write,请把这个写在这儿。,Please write this here.,
270,穿,chuān,to wear; put on,你先穿这个，然后我们再走。,"Put this on first, then we'll leave.","With clothing, 穿 can mean either “put on” or “wear,” depending on context — e.g. 穿上, “put on.”"
271,弄,nòng,handle; do,我来弄这个。,I'll handle this.,
272,过去,guòqù,go over; past,你先过去，我就来。,You go over first; I'll come soon.,"Before a time noun, 过去 means “past” — e.g. 过去一年 “the past year.”"
273,哪里,nǎlǐ,where,你住在哪里？,Where do you live?,
274,啦,la,sentence-final particle for a new situation or emphasis,你回来了啦！,You're back!,"啦 is an informal sentence-final particle, often adding animated emphasis to a new situation; it is related to 了."
275,却,què,but; yet,他想来，却没有时间。,"He wants to come, but he doesn't have time.",
276,算,suàn,calculate; count as,这算什么问题？,How is this a problem?,
277,担心,dānxīn,worry about,我担心你。,I'm worried about you.,
278,继续,jìxù,continue,你继续说吧。,Please continue speaking.,
279,送,sòng,give; deliver; see off,我送你回去吧。,I'll take you back.,"With a person as its object, 送 can mean to accompany or see that person off, as in 送你回去 “take you back.”"
280,女孩,nǚhái,girl,那个女孩是谁？,Who is that girl?,
281,以,yǐ,with; by means of,我以电话告诉他这件事。,I told him about this by phone.,"以 is formal and mainly used in writing before the method or means used, as in 以电话 “by phone.”"
282,玩,wán,play,我们一起玩吧。,Let's play together.,
283,亲爱,qīnài,dear; beloved,亲爱的，你还好吗？,"Darling, are you okay?","When addressing someone, it is commonly followed by 的: 亲爱的… means “dear…” or “darling…”."
284,下来,xiàlái,come down; down,你先下来吧。,Come down first.,"After another verb, 下来 can indicate downward movement or a result that remains, as in 写下来 “write down.”"
285,成,chéng,become; succeed,他成了医生。,He became a doctor.,"At the end of a clause, 成 can mean “work” or “succeed” — e.g. 这样就成了 “that'll do.”"
286,条,tiáo,"measure word for long, narrow things",这条路我以前走过。,I walked on this road before.,
287,够,gòu,enough,这些钱够吗？,Is this money enough?,
288,父亲,fùqīn,father,我父亲以前是医生。,My father used to be a doctor.,
289,以前,yǐqián,before; previously,我以前住在那里。,I used to live there.,
290,跑,pǎo,to run,他拿了钱就跑了。,He took the money and ran away.,
291,月,yuè,month,这个月我没钱。,I have no money this month.,
292,早,zǎo,early,你来得太早了。,You came too early.,
293,美国,měiguó,the United States,我想去美国看看。,I want to go to the United States and have a look.,
294,长,zhǎng,to grow,孩子长得很快。,The child is growing quickly.,"Also read cháng, meaning “long” — e.g. 这条路很长 “this road is long.”"
295,完全,wánquán,completely,我完全不知道。,I have no idea at all.,
296,宝贝,bǎobèi,baby; darling,宝贝，过来吧。,"Come here, darling.",
297,号,hào,number; date,今天是三号。,Today is the third.,
298,枪,qiāng,gun,他有一把枪。,He has a gun.,
299,狗,gǒu,dog,我喜欢狗。,I like dogs.,
300,可是,kěshì,but; however,我想去，可是没有时间。,"I want to go, but I don't have time.",
301,世界,shìjiè,world,这个世界很大。,This world is very big.,
302,小时,xiǎoshí,hour,我等了一个小时。,I waited for an hour.,
303,重要,zhòngyào,important,这个很重要。,This is important.,
304,谈,tán,talk; discuss,我想跟你谈谈。,I want to talk with you.,
305,别人,biérén,other people; others,别人都走了。,Everyone else has left.,
306,男人,nánrén,man,那个男人是医生。,That man is a doctor.,
307,头,tóu,head,他的头很大。,His head is very big.,
308,机会,jīhuì,opportunity,这是个好机会。,This is a good opportunity.,
309,岁,suì,years old,这个孩子三岁了。,This child is three years old.,
310,出去,chūqù,go out,我们出去吧。,Let's go out.,
311,活,huó,to live; alive,他还活着。,He is still alive.,
312,看见,kànjiàn,see; catch sight of,我看见你了。,I saw you.,
313,者,zhě,person who; -er,这个作者写得很好。,This author writes very well.,"者 is a suffix meaning “person who does something.” In 作者, it makes 写 “write” into “writer/author.”"
314,打电话,dǎdiànhuà,make a phone call,我给你打电话了。,I called you.,
315,喂,wèi,hello; feed,喂，你好。,Hello?,"As a greeting, 喂 is used to answer or begin a phone call. Before an animal or person receiving food, it means “feed” — e.g. 喂狗 “feed the dog.”"
316,好像,hǎoxiàng,to seem; to look like,他好像不高兴，但是他说没事。,"He seems unhappy, but he says nothing is wrong.","It signals an impression or uncertainty, not a definite fact."
317,得到,dédào,to get; obtain,我得到了一个机会。,I got an opportunity.,"Also read děi, meaning “must” — e.g. 我得去, “I have to go.” As de after a verb, it can mark a complement — e.g. 做得好, “do well.”"
318,警察,jǐngchá,police officer,警察来了，那个男人跑了。,"The police officer came, and that man ran away.",
319,完,wán,to finish; be over,我把这个做完了。,I finished doing this.,"After a verb, 完 marks that the action is finished."
320,张,zhāng,measure word for flat objects,我买了三张票，我们一起去吧。,I bought three tickets; let's go together.,
321,儿子,érzi,son,他儿子三岁了。,His son is three years old.,
322,之后,zhīhòu,after; afterwards,见了医生之后，我就回来了。,"After seeing the doctor, I came back.",
323,漂亮,piàoliàng,beautiful; pretty,那个女孩很漂亮，但是她不高兴。,"That girl is pretty, but she is unhappy.",
324,分钟,fēnzhōng,minute,等我三分钟，我就来。,"Wait for me three minutes, and I'll come.",
325,接,jiē,to pick up; receive,我去接你，然后我们一起走。,"I'll go pick you up, and then we'll leave together.","With a person as object, 接 means “pick up”; with 电话, it means “answer” — 接电话, “answer the phone.”"
326,场,chǎng,measure word for events or occurrences,这场雨很大，但是我们还是出去了。,"This rainstorm was heavy, but we still went out.",
327,再见,zàijiàn,goodbye,我先走了，再见！,I'm leaving first. Goodbye!,
328,求,qiú,to beg; ask for,我求你，别走。,"I'm begging you, don't go.","求 is an earnest plea, stronger than 请."
329,刚,gāng,just; a moment ago,他刚出去，你就来了。,He just went out when you arrived.,
330,如何,rúhé,how,这个要如何做？,How should this be done?,"如何 is a more formal way to ask “how,” usually before a verb — e.g. 如何做, “how to do it.”"
331,比赛,bǐsài,competition; match; to compete,我们今晚有一场比赛。,We have a match tonight.,"As a verb after a subject, 比赛 means “to compete” — e.g. 我们比赛 “we compete.”"
332,呀,ya,sentence-final particle expressing surprise or emphasis,你也在这里呀！,"Oh, you're here too!","At the end of a sentence, 呀 adds a feeling of surprise, realization, or emphasis."
333,情况,qíngkuàng,situation; circumstances,我想知道现在的情况。,I want to know the situation now.,
334,变,biàn,to change; to become,情况变了。,The situation has changed.,
335,关系,guānxì,relationship; connection,我跟他没有关系。,I have nothing to do with him.,
336,真是,zhēnshì,really is,这真是一个问题。,This really is a problem.,真是 is used to add strong emphasis or feeling to what follows.
337,女士,nǚshì,lady; Ms.,那个女士是医生。,That lady is a doctor.,
338,本,běn,measure word for books,我有一本书。,I have a book.,本 is the measure word used with books and similar bound printed works.
339,马上,mǎshàng,right away; immediately,我马上回来。,I'll come back right away.,
340,决定,juédìng,to decide; decision,我们最后决定去美国。,"In the end, we decided to go to America.","After a possessive, 决定 can be a noun — e.g. 你的决定 “your decision.”"
341,见到,jiàndào,to get to see; to meet,我很想见到你。,I really want to see you.,
342,根本,gēnběn,at all; fundamental,我根本不知道。,I don't know at all.,"With a negative, 根本 means “at all,” as in 根本不知道 “not know at all.” Before a noun, it can mean “fundamental.”"
343,关于,guānyú,about; concerning,这是关于什么的？,What is this about?,
344,那儿,nàér,there,他在那儿。,He is there.,
345,难,nán,difficult; hard,这个问题很难。,This problem is difficult.,"As a predicate, 难 means “is difficult.” 很 often makes this kind of statement neutral, rather than meaning “very.”"
346,只要,zhǐyào,as long as; provided that,只要你想去，我们就可以一起去。,"As long as you want to go, we can go together.",只要 introduces a condition; the result often follows with 就.
347,里面,lǐmiàn,inside,这个里面有什么？,What is inside this?,
348,每,měi,every; each,每个人都想去。,Everyone wants to go.,"每 comes before a noun or classifier; 都 often appears in the predicate, as in 每个人都……"
349,份,fèn,"measure word for a portion, copy, or share",这份是给你的。,This one is for you.,It can stand alone when the noun is understood from context.
350,到底,dàodǐ,in the end; on earth (in questions),你到底想要什么？,What on earth do you want?,"With a question word, 到底 adds emphasis, like “on earth” — e.g. 到底为什么 “why on earth.”"
351,了解,liǎojiě,to understand; to learn about,我想了解这个问题。,I want to understand this question.,"了解 means to gain or have understanding of a person, thing, or situation. 知道 is for knowing a fact, 认识 is for knowing a person, and 明白 is for understanding or realizing something."
352,明天,míngtiān,tomorrow,明天我们一起去那儿吧。,Let’s go there together tomorrow.,
353,站,zhàn,to stand; station,你别站在这里。,Don’t stand here.,"As a noun, it means a stop or station — e.g. 下一站 “the next stop.”"
354,结束,jiéshù,to end; to finish; ending,比赛结束了，我们就走吧。,"The game is over, so let’s go.",It can take an object when someone finishes something — e.g. 结束比赛 “finish the game.”
355,公司,gōngsī,company,我父亲在一家公司工作。,My father works at a company.,
356,成为,chéngwéi,to become,他想成为警察。,He wants to become a police officer.,
357,永远,yǒngyuǎn,forever,我永远爱你。,I will love you forever.,
358,帮助,bāngzhù,to help; help; assistance,谢谢你帮助我。,Thank you for helping me.,"As a noun after 的, it means “help” or “assistance” — e.g. 你的帮助 “your help.”"
359,来说,láishuō,for; as far as ... is concerned,对我来说，这个问题很重要。,This question is very important to me.,来说 follows a person or group to mark whose perspective is being discussed.
360,多少,duōshǎo,how many; how much,你有多少钱？,How much money do you have?,
361,哇,wa,wow,哇，这个真漂亮！,"Wow, this is really beautiful!",
362,名,míng,name; a person (measure word),请告诉我你的名。,Please tell me your name.,名 by itself is somewhat formal for “name”; 名字 is more common in everyday speech.
363,它们,tāmen,they; them (for things or animals),这些狗都在这儿，它们没有出去。,These dogs are all here; they haven't gone out.,
364,总,zǒng,always; in total,他总来得很早。,He always arrives early.,"Before a verb, 总 means “always,” as in 他总来得很早 “he always arrives early.” In expressions such as 总共三个人, it means “three people in total.”"
365,确定,quèdìng,sure; certain; to confirm,你确定他明天会来吗？,Are you sure he will come tomorrow?,
366,有人,yǒurén,someone; somebody,那儿有人吗？,Is someone there?,
367,清楚,qīngchǔ,clear; to understand clearly,我不清楚他为什么还没来。,I'm not sure why he still hasn't come.,
368,晚上,wǎnshàng,evening; night,我们晚上再谈吧。,Let's talk again tonight.,
369,安全,ānquán,safe; safety,这儿很安全，你不用担心。,"It is very safe here, so you don't need to worry.",
370,怎样,zěnyàng,how; in what way,我们怎样出去？,How do we get out?,怎样 and 怎么 can both ask “how.” 怎样 is somewhat more formal and often asks about a method or situation.
371,没什么,méishénme,nothing much; it's nothing,我没什么事。,I have nothing going on.,
372,块,kuài,piece; yuan,我想要一块面包。,I want a piece of bread.,"As a classifier, 块 means “piece,” as in 一块面包 “a piece of bread.” In spoken prices, 一块 means one yuan."
373,回家,huíjiā,go home; return home,我做完工作就回家。,"After I finish work, I will go home.",
374,留,liú,to stay; to keep; to leave behind,你留在这儿吧。,Stay here.,"留在 a place means “stay,” while 留 plus an object can mean “keep” or “leave behind,” as in 把钱留给他 “leave the money for him.”"
375,周,zhōu,week,下周我去美国。,I am going to the United States next week.,
376,愿意,yuànyì,be willing to,你愿意跟我们一起去吗？,Are you willing to go with us?,愿意 emphasizes willingness or readiness to do something; 想 simply means “want to.”
377,计划,jìhuà,plan,我们明天的计划是什么？,What is our plan for tomorrow?,
378,爸,bà,dad,我爸在这里吗？,Is my dad here?,
379,俩,liǎ,two; the two of...,我们俩一起去吧。,"Let's go together, the two of us.","Usually follows a pronoun or noun to mean “the two of...” — e.g. 我们俩, “the two of us.”"
380,停,tíng,to stop,别停，我们快到了。,Don't stop; we're almost there.,
381,不能,bùnéng,cannot; must not,现在不能出去。,You can't go out now.,"不能 is the negative of 能, used for inability or prohibition. 不会 often means not knowing how to do a learned skill."
382,他妈的,tāmāde,fucking; damn,他妈的，你在干什么？,"Damn it, what are you doing?","A strong profanity, usually used to express anger or frustration."
383,说话,shuōhuà,to speak; to talk,你怎么不说话？,Why aren't you talking?,
384,另,lìng,another; other,另一个人呢？,What about the other person?,"另 normally comes before a measure word or noun, as in 另一个人, “another person.”"
385,心,xīn,heart; mind,这个孩子的心很好。,This child has a very kind heart.,
386,花,huā,flower; to spend,这花很漂亮。,This flower is very beautiful.,"Before an object such as money or time, 花 means “to spend” — e.g. 花很多钱, “spend a lot of money.”"
387,她们,tāmen,they (female),她们都在这里。,They are all here.,她们 is for an all-female group. 他们 is used for men or mixed groups.
388,有些,yǒuxiē,some,有些人不想出去。,Some people don't want to go out.,
389,门,mén,door; gate,门在哪儿？,Where is the door?,
390,感谢,gǎnxiè,to thank; be grateful,感谢你来帮助我们。,Thank you for coming to help us.,感谢 is more formal and often stronger than 谢谢.
391,谈谈,tántán,talk (for a bit),我们出去谈谈吧。,Let's go out and talk.,
392,定,dìng,set; decide,他还没定时间。,He still hasn't set a time.,
393,于,yú,at; in; to (formal),比赛于明天开始。,The competition begins tomorrow.,"A formal preposition, especially in writing; 在 is more common in everyday speech."
394,以后,yǐhòu,after; later,比赛结束以后，我们再出去吧。,"After the competition ends, let's go out.",
395,管,guǎn,manage; take care of; control,这公司现在谁管？,Who runs this company now?,
396,照片,zhàopiān,photo,这是我爸的照片。,This is a photo of my dad.,
397,每个,měigè,every,每个人都有自己的计划。,Everyone has their own plan.,
398,欢迎,huānyíng,welcome,欢迎你们来这里。,Welcome here.,
399,敢,gǎn,dare,你敢不敢去？,Do you dare to go?,
400,兄弟,xiōngdì,brother(s); bro,我和我兄弟一起工作。,My brother and I work together.,
401,从来,cónglái,never; ever,我从来没见过他。,I have never seen him.,"Usually used with a negative word, as in 从来没见过: “have never seen.”"
402,总是,zǒngshì,always,他总是晚上打电话。,He always calls at night.,
403,嘴,zuǐ,mouth,他没说话，只是张了张嘴。,He didn't speak; he just opened his mouth.,
404,跳,tiào,jump,孩子一见到我就跳起来了。,The child jumped up as soon as he saw me.,
405,拜托,bàituō,please; I'm begging you,拜托你，别再打电话了。,"Please, don't call again.","Used for an emphatic request, often when asking someone to stop or do something."
406,女儿,nǚér,daughter,我女儿很漂亮。,My daughter is very pretty.,
407,抓,zhuā,to grab,他抓着我的手，不让我走。,He is grabbing my hand and won't let me leave.,
408,小姐,xiǎojiě,Miss; young lady,小姐，你的照片很漂亮。,"Miss, your photo is very pretty.","小姐 is a polite way to address a young woman, but in some mainland Chinese contexts it can also suggest a sex worker. 女士 is often safer in formal situations."
409,动,dòng,to move,别动，我马上回来。,Don't move; I'll be right back.,
410,赢,yíng,to win,我们队会赢这场比赛。,Our team will win this game.,
411,消息,xiāoxī,news; information,你有他的消息吗？,Do you have any news about him?,
412,女,nǚ,female,这个孩子是女的。,This child is female.,
413,忙,máng,busy,我现在很忙，晚上再说吧。,I'm very busy now; let's talk again tonight.,
414,或许,huòxǔ,perhaps,他或许明天来。,Perhaps he will come tomorrow.,
415,如此,rúcǐ,so; in this way,为什么会如此？,Why is it like this?,如此 is more formal than 这样 or 这么.
416,队,duì,team,我们队会赢这场比赛。,Our team will win this game.,
417,无法,wúfǎ,be unable to,我无法帮助你。,I am unable to help you.,无法 is a more formal way to say that something cannot be done; 不能 is more everyday.
418,房子,fángzi,house,这个房子很漂亮。,This house is very pretty.,
419,拉,lā,to pull,别拉我的衣服。,Don't pull my clothes.,
420,衣服,yīfú,clothes,我的衣服在那儿。,My clothes are over there.,
421,听说,tīngshuō,hear that; be told,我听说他明天回家。,I heard that he is going home tomorrow.,
422,救,jiù,save; rescue,他会来救你。,He will come save you.,
423,参加,cānjiā,take part in,你愿意参加吗？,Would you like to take part?,
424,办法,bànfǎ,way; method,我们得想个办法。,We have to think of a way.,
425,睡,shuì,sleep,太晚了，你该睡了。,It is too late; you should sleep.,
426,唯一,wéiyī,only; sole,他是唯一知道的人。,He is the only person who knows.,
427,回去,huíqù,go back,晚上我得回去。,I have to go back tonight.,
428,人们,rénmen,people,人们都在等。,People are all waiting.,
429,晚,wǎn,late; evening,太晚了，我们明天再谈谈吧。,It is too late; let's talk again tomorrow.,
430,该死,gāisǐ,damn it,该死，我不能回家了。,"Damn it, I can't go home now.",
431,闭,bì,close; shut,请把门闭上。,Please close the door.,
432,选择,xuǎnzé,choose; choice,你可以自己选择。,You can choose for yourself.,
433,坏,huài,bad,他不是坏人。,He is not a bad person.,
434,原因,yuányīn,reason; cause,你知道原因吗？,Do you know the reason?,
435,下去,xiàqù,go down; continue,你先下去，我马上来。,You go down first; I will come right away.,"After a verb, 下去 can mean “continue doing” — e.g. 说下去 “keep talking.”"
436,受,shòu,to receive; to suffer,他受了伤，但是他还能走。,"He was injured, but he can still walk.",
437,连,lián,even,他连钱都没有。,He doesn't even have money.,"连 is placed before the item being emphasized, often with 都 or 也 later in the sentence."
438,好好,hǎohǎo,properly; well,你要好好睡，明天还要工作。,You should sleep well; you still have to work tomorrow.,"Used before a verb, 好好 means to do it properly or well."
439,全,quán,all; entire,这些钱全是你的。,All this money is yours.,
440,确实,quèshí,indeed; really,因为你说得很清楚，所以我确实明白了。,"Because you explained it clearly, I really understand now.",
441,挺,tǐng,quite; rather,这个房子挺大，但是不太安全。,"This house is quite big, but it is not very safe.","Before an adjective, 挺 is a conversational degree adverb meaning “quite” or “rather.”"
442,此,cǐ,this,此事，我不清楚。,I am not clear about this matter.,此 is formal and used mostly in writing; 这 is usual in speech.
443,水,shuǐ,water,我想要水，但是这里没有。,"I want water, but there isn't any here.",
444,混蛋,hùndàn,bastard; jerk,你这个混蛋！,You jerk!,
445,杯,bēi,cup; glass,给我一杯茶。,Give me a cup of tea.,
446,保证,bǎozhèng,to guarantee; guarantee,我保证，我会回家。,I promise I'll go home.,"As a noun, 保证 means “guarantee” — e.g. 这是保证 “this is a guarantee.”"
447,学校,xuéxiào,school,明天我们一起去学校，然后再回家。,"Tomorrow we'll go to school together, then go home.",
448,卖,mài,to sell,他们想卖房子，因为需要钱。,They want to sell the house because they need money.,
449,信,xìn,to believe; letter,我信你。,I believe you.,"As a noun, 信 means “letter” — e.g. 一封信 “a letter.”"
450,接受,jiēshòu,to accept,我不能接受这样的事。,I can't accept something like this.,
451,改变,gǎibiàn,to change; change,如果你不愿意，我们可以改变这个计划。,"If you are not willing, we can change this plan.",
452,舞,wǔ,dance,她的舞很美。,Her dance is beautiful.,
453,看来,kànlái,it seems,看来他们已经回家了。,It seems they have already gone home.,"Placed before a clause, 看来 means “it seems,” based on what one sees or knows."
454,高,gāo,tall; high,这个房子很高。,This building is tall.,"高 can be the predicate without 是. 很 here makes a natural neutral description, not necessarily “very.”"
455,麻烦,máfán,trouble; troublesome; to bother,麻烦你把这个给我。,Please give this to me.,"Before a person + verb, 麻烦 is a polite request: 麻烦你把这个给我 means “please give this to me.” As a predicate, 很麻烦 means “troublesome.”"
456,出现,chūxiàn,to appear,为什么他现在才出现？,Why is he only showing up now?,
457,打算,dǎsuàn,to plan; intend,你打算什么时候回家？,When do you plan to go home?,
458,电影,diànyǐng,movie,如果你晚上有时间，我们一起看电影吧。,"If you have time tonight, let's watch a movie together.",
459,试,shì,to try,你可以试一试。,You can try.,
460,身上,shēnshàng,on one's person; on one's body,钱不在我身上。,I don't have the money on me.,
461,房间,fángjiān,room,我们在这个房间里谈谈吧。,Let's talk in this room.,
462,美,měi,beautiful; beauty,这张照片很美。,This photo is beautiful.,"美 can be the predicate without 是. 很 here makes a natural neutral description, not necessarily “very.”"
463,不管,bùguǎn,no matter; regardless of,不管怎样，我们都要回家。,"No matter what, we have to go home.","不管 + a question word or alternative means “no matter …”; for example, 不管谁来 means “no matter who comes.”"
464,书,shū,book,这本书在这里。,This book is here.,
465,特别,tèbié,especially; special,这是一个特别的计划。,This is a special plan.,"Before a verb or adjective, 特别 usually means “especially,” as in 特别喜欢 “especially like.” Before 的 + noun, it means “special,” as in 特别的计划 “a special plan.”"
466,注意,zhùyì,to pay attention to; notice,你要注意这个问题。,You need to pay attention to this problem.,
467,球,qiú,ball,这个球在房间里。,This ball is in the room.,
468,查,chá,to check; investigate,我去查一下这个消息。,I'll check this news.,
469,忘,wàng,to forget,我忘了带钱。,I forgot to bring money.,
470,甚至,shènzhì,even,他太忙了，甚至没有时间睡。,He is so busy that he does not even have time to sleep.,
471,保护,bǎohù,to protect,我们要保护孩子。,We need to protect the child.,
472,真正,zhēnzhèng,real; truly,这才是真正的问题。,This is the real problem.,
473,结果,jiéguǒ,result; as a result,结果是我们赢了。,The result was that we won.,
474,表现,biǎoxiàn,to perform; performance; behavior,她在学校的表现很好。,Her performance at school is very good.,
475,拍,pāi,to pat; to take a photo,我们一起拍照片吧。,Let's take photos together.,
476,其实,qíshí,actually; in fact,其实，我也想回去。,"Actually, I want to go back too.",
477,小心,xiǎoxīn,careful; watch out,小心，别让孩子拿这个。,Careful—don't let the child take this.,
478,进来,jìnlái,to come in,请进来，我们都在这里。,Please come in; we are all here.,
479,路,lù,road; path,我们从这条路回去吧。,Let's go back by this road.,
480,呆,dāi,to stay; remain; dull,你在这里呆着，我去找他。,Stay here; I'll go find him.,"Before a location, 呆 means “stay” — e.g. 呆在这里 “stay here.” As an adjective, it can mean dull or slow-witted — e.g. 他有点呆 “he is a bit slow-witted.”"
481,四,sì,four,我们四个都在这里。,All four of us are here.,
482,久,jiǔ,a long time,你等了很久吗？,Have you been waiting a long time?,
483,当时,dāngshí,at that time,当时我什么都不知道。,"At that time, I didn't know anything.",
484,或,huò,or,你可以看这个或那个。,You can look at this one or that one.,
485,懂,dǒng,to understand,我不懂你说的话。,I don't understand what you're saying.,
486,只有,zhǐyǒu,only; there is/are only,这个房间里只有我。,There is only me in this room.,
487,怎么办,zěnmebàn,what to do?,现在怎么办？,What should we do now?,
488,第,dì,"ordinal prefix (first, second, etc.)",这是我第一次来。,This is my first time coming.,第 comes before a number to make an ordinal: 第一次 means “the first time.”
489,马,mǎ,horse,那是马。,That is a horse.,
490,讲,jiǎng,to speak; explain,你讲，我听着。,You talk; I'm listening.,
491,绝对,juéduì,absolutely; absolute,这绝对不对。,This is definitely not right.,"Before a verb or adjective, 绝对 usually means “definitely” — e.g. 绝对不对 means “definitely not right.”"
492,长官,zhǎngguān,officer; commander,长官来了。,The officer has arrived.,
493,员,yuán,member; personnel,他是队员。,He is a team member.,员 is usually a suffix for someone in a role or group; 队员 means “team member.”
494,进去,jìnqù,to go in,你进去吧，我在这里等你。,Go in; I'll wait for you here.,
495,至少,zhìshǎo,at least,我们至少还有一点时间。,We still have at least a little time.,
496,律师,lǜshī,lawyer,他是律师。,He is a lawyer.,
497,喔,ō,oh,喔，你也来了。,"Oh, you came too.",
498,整个,zhěnggè,whole; entire,整个房子都很大。,The whole house is very big.,
499,听到,tīngdào,hear,我听到你在叫我。,I heard you calling me.,
500,表演,biǎoyǎn,perform; performance,他们在学校表演。,They are performing at school.,
501,正在,zhèngzài,in the middle of; currently,他正在看书。,He is reading a book.,正在 goes before a verb to show that an action is in progress.
502,无,wú,no; without,这里无水。,There is no water here.,无 is a formal or written equivalent of 没有.
503,已,yǐ,already,他已回去。,He has already gone back.,已 is more formal and written than 已经.
504,笑,xiào,smile; laugh,听到这个消息，她笑了。,She smiled when she heard the news.,
505,选,xuǎn,choose,你选这个，还是那个？,Do you choose this one or that one?,
506,感到,gǎndào,feel; sense,我感到有问题。,I feel that there is a problem.,
507,那边,nàbiān,over there,那边有一个人。,There is a person over there.,
508,远,yuǎn,far,那边太远了，我们走吧。,That side is too far; let's go.,
509,儿,ér,-r suffix,你在这儿吗？,Are you here?,"儿 is often attached to a word in northern Mandarin. For example, 这儿 means “here.”"
510,故事,gùshì,story,他给孩子讲了一个故事。,He told the child a story.,
511,疯,fēng,crazy,你疯了吗？,Are you crazy?,
512,换,huàn,change; exchange,这个太小了，我们换那个吧。,This one is too small; let's switch to that one.,
513,结婚,jiéhūn,get married,他们打算结婚，但是还没有钱。,"They plan to get married, but they do not have money yet.",
514,猜,cāi,guess,你猜，谁来了？,Guess who came?,
515,咱们,zánmen,we; us (including you),咱们回去，然后再说吧。,"Let's go back, and then talk about it.","咱们 normally includes the listener, unlike 我们, which can sometimes exclude the listener."
516,床,chuáng,bed,他还在床上，没有起来。,He is still in bed and has not gotten up.,
517,处理,chǔlǐ,handle; deal with,这个问题，你打算怎么处理？,How do you plan to handle this problem?,
518,妻子,qīzǐ,wife,他的妻子在学校工作。,His wife works at a school.,
519,进行,jìnxíng,carry out; be underway,这个工作正在进行。,This work is underway.,"进行 is relatively formal and is usually used with an activity or process, as in 工作正在进行."
520,内,nèi,inside; within,房间内没有人。,There is nobody in the room.,"Placed after a noun, 内 means “inside/within”; 房间内 is more formal than 房间里."
521,是否,shìfǒu,whether,我不知道他是否会来。,I do not know whether he will come.,"是否 is used in formal embedded questions, as in 是否会来, “whether someone will come.”"
522,段,duàn,section; stretch,这段路很远，但是我们能走。,"This stretch of road is far, but we can walk.",
523,令,lìng,make; cause,这令我想回去。,This makes me want to go back.,"令 is a formal written-style verb meaning “make/cause,” similar to 让."
524,刚刚,gānggāng,just now,他刚刚回去，你没见他吗？,He just went back; did you not see him?,
525,案子,ànzi,case (legal matter),这个案子很麻烦，律师正在处理。,"This case is troublesome, and the lawyer is handling it.",
526,行动,xíngdòng,action; to act,我们现在就行动吧。,Let's act now.,"As a noun, 行动 means “action,” e.g. 这个行动 “this action.”"
527,第二,dìèr,second,这是我第二次来这里。,This is my second time coming here.,
528,努力,nǔlì,to work hard; effort,他很努力，但是结果不好。,"He works very hard, but the result is not good.","As a noun, 努力 means “effort,” often after 做: 做了很多努力 “made a lot of effort.”"
529,害怕,hàipà,to be afraid,你别害怕，我在这里。,Don't be afraid; I'm here.,
530,酒,jiǔ,alcohol; liquor,我不喝酒。,I don't drink alcohol.,
531,发,fā,to send out,请给我发信。,Please send me a letter.,
532,调查,diàochá,to investigate; investigation,我们正在调查这个问题。,We are investigating this problem.,"As a noun, 调查 means “investigation,” e.g. 这个调查 “this investigation.”"
533,失去,shīqù,to lose,他失去了工作。,He lost his job.,
534,歌,gē,song,我喜欢这首歌。,I like this song.,
535,成功,chénggōng,to succeed; success,他成功了。,He succeeded.,"As a noun, 成功 means “success,” e.g. 他的成功 “his success.”"
536,唱,chàng,to sing,她会唱。,She can sing.,
537,考虑,kǎolǜ,to consider,请你考虑一下吧。,Please consider it.,
538,刚才,gāngcái,just now,他刚才在这里。,He was here just now.,
539,约会,yuēhuì,to go on a date; date,他们在约会。,They are on a date.,"As a noun, 约会 is a planned meeting or date, e.g. 我们有个约会 “we have a date.”"
540,节目,jiémù,program; show,这个节目很好。,This show is very good.,
541,通过,tōngguò,to pass through; through,我们通过这条路到那边去。,We’ll get over there by way of this road.,
542,之间,zhījiān,between,我和你之间没有问题。,There is no problem between you and me.,
543,别的,biéde,other; another,你还有别的主意吗？,Do you have any other ideas?,
544,学,xué,to study; learn,我们一起学吧。,Let’s study together.,
545,开心,kāixīn,happy,看到你，我很开心。,I’m very happy to see you.,
546,母亲,mǔqīn,mother,我母亲在那边等我。,My mother is waiting for me over there.,
547,辆,liàng,classifier for vehicles,那边有一辆车。,There is a car over there.,"Used after a number for vehicles: 一辆车 ""one car."""
548,主意,zhǔyì,idea,这个主意很好。,This is a very good idea.,
549,探,tàn,to explore; investigate,我们进去探一探吧。,Let’s go in and explore.,
550,丈夫,zhàngfū,husband,她和她丈夫在一起。,She is with her husband.,
551,待,dài,to treat,他像家人一样待我。,He treats me like family.,"Also read dāi, meaning ""to stay"" — e.g. 待在这里 ""stay here."""
552,变成,biànchéng,to become,这会变成问题吗？,Will this become a problem?,
553,倒,dào,to pour,请把酒倒给我。,Please pour me some wine.,"Also read dǎo, meaning ""to fall over"" — e.g. 马倒了 ""the horse fell over."""
554,离,lí,away from; from,我离这里很远。,I am far from here.,
555,解释,jiěshì,to explain,你能解释这个问题吗？,Can you explain this problem?,
556,往,wǎng,toward,他往那边走了。,He walked over there.,
557,万,wàn,ten thousand,这个要一万块钱。,This costs ten thousand yuan.,
558,联系,liánxì,to contact,你到了那边，联系我们。,"When you get there, contact us.",
559,派,pài,to send; assign,长官派我去那边。,The officer sent me over there.,
560,关,guān,to close; turn off,请把门关了。,Please close the door.,
561,证明,zhèngmíng,to prove,你能证明这是真的吗？,Can you prove that this is true?,
562,句,jù,sentence,这句我不懂。,I don't understand this sentence.,
563,五,wǔ,five,五个人都来了。,All five people came.,
564,生命,shēngmìng,life,生命只有一次。,You only have one life.,
565,有点,yǒudiǎn,a little; somewhat,我有点害怕。,I'm a little scared.,"Before an adjective or verb, 有点 usually indicates a slight degree, often of something negative or unwanted."
566,靠,kào,to lean on; rely on,你可以靠我。,You can rely on me.,
567,解决,jiějué,to solve,我们会解决这个问题。,We will solve this problem.,
568,办公室,bàngōngshì,office,他正在办公室里工作。,He is working in the office.,
569,难道,nándào,could it be that,难道你不知道吗？,Could it be that you don't know?,"难道 introduces a rhetorical question, usually showing surprise or disbelief."
570,作为,zuòwéi,as; in the capacity of,作为律师，他很成功。,"As a lawyer, he is very successful.",
571,奇怪,qíguài,strange,这个案子很奇怪，我们再调查吧。,This case is strange; let's investigate it again.,奇怪 can be used directly as the predicate of a sentence; 很 often makes the statement sound neutral rather than strongly intensified.
572,生,shēng,to be born; give birth,我母亲生了我。,My mother gave birth to me.,
573,由,yóu,by; from,这个案子由律师处理。,This case is handled by a lawyer.,"Before the person or group responsible for an action, 由 means “by”: 这个案子由律师处理 “This case is handled by a lawyer.”"
574,男,nán,male; man,这个孩子是男的。,This child is a boy.,
575,极了,jíle,extremely,我害怕极了。,I'm extremely scared.,极了 follows an adjective or feeling verb to mean “extremely.”
576,同意,tóngyì,to agree,我同意你的主意。,I agree with your idea.,
577,如,rú,as; like,如你所说，这个案子很奇怪。,"As you said, this case is very strange.",
578,游戏,yóuxì,game; play games,咱们一起玩游戏吧。,Let's play a game together.,
579,帮忙,bāngmáng,to help; do a favor,你能帮我一个忙吗？,Can you do me a favor?,
580,指,zhǐ,to point; finger,他指着那边。,He is pointing over there.,
581,危险,wēixiǎn,dangerous,那边很危险，别去。,"It's dangerous over there, so don't go.",危险 can be used directly as the predicate of a sentence; 很 often makes the statement sound neutral rather than strongly intensified.
582,讨厌,tǎoyàn,to dislike; annoying,我讨厌这个人。,I dislike this person.,
583,曾经,céngjīng,once; formerly,我曾经在那边工作。,I used to work over there.,
584,眼睛,yǎnjīng,eyes,他的眼睛很大。,His eyes are big.,
585,外面,wàimiàn,outside,马在外面。,The horse is outside.,
586,处,chù,place; spot,这里是一处很好的地方。,This is a very good place.,"处 is often used as a measure word for locations, as in 一处."
587,国家,guójiā,country; nation,这个国家很大。,This country is very big.,
588,看上去,kànshàngqù,to look; to seem,这个孩子看上去很开心。,This child looks very happy.,
589,总统,zǒngtǒng,president,总统正在办公室里。,The president is in the office.,
590,间,jiān,room; classifier for rooms,这是一间很小的办公室。,This is a very small office.,"Before a room-like noun, 间 is a measure word: 一间办公室 means “one office.”"
591,伤害,shānghài,to hurt; harm,别伤害自己。,Don't hurt yourself.,
592,控制,kòngzhì,to control,别让他控制你。,Don't let him control you.,
593,最近,zuìjìn,recently,我最近很好。,I've been well recently.,
594,声音,shēngyīn,sound; voice,我听到了声音。,I heard a sound.,
595,糟,zāo,awful; terrible,这个主意太糟了。,This idea is terrible.,
596,快乐,kuàilè,happy; joyful,孩子很快乐。,The child is happy.,
597,偷,tōu,to steal,别偷钱。,Don't steal money.,
598,首,shǒu,classifier for songs or poems,她唱了一首歌。,She sang a song.,
599,可爱,kěài,cute; lovely,这个孩子很可爱。,This child is cute.,
600,进入,jìnrù,to enter,他刚刚进入办公室。,He just entered the office.,
601,能够,nénggòu,can; be able to,你能够帮我吗？,Can you help me?,"能够 is close to 能, but is somewhat more formal. Unlike 可以, it does not usually express permission."
602,事实上,shìshíshàng,in fact; actually,他看上去很开心，事实上，他不是。,"He looks happy, but in fact he isn't.",
603,哈,hā,ha,哈，你也在这里！,"Ha, you're here too!",
604,醒,xǐng,to wake up; awake,我刚刚醒了。,I just woke up.,
605,分,fēn,to divide; minute; point,我们把钱分了吧。,Let's divide up the money.,
606,完成,wánchéng,to complete; finish,我们已经完成了。,We've already finished.,
607,部,bù,measure word for movies/books; department,这部电影我看过。,I've seen this movie.,
608,昨晚,zuówǎn,last night,他昨晚没来。,He didn't come last night.,
609,同,tóng,same; with,他同我一样大。,He is the same age as me.,
610,医院,yīyuàn,hospital,他在医院。,He is at the hospital.,
611,不行,bùxíng,not okay; can't,现在不行，我们没时间。,Not now; we don't have time.,
612,半,bàn,half,现在两点半。,It is two thirty now.,
613,而已,éryǐ,only; nothing more,我只看一下而已。,I'm only taking a look.,"而已 follows a phrase or clause to limit it to “only” — e.g. 我只看一下而已, “I'm only taking a look.”"
614,上面,shàngmiàn,on top; above,钱在上面。,The money is on top.,
615,样子,yàngzi,appearance; manner,他那个样子很奇怪。,That look of his is strange.,
616,少,shǎo,few; little,我们的时间太少了。,We have too little time.,
617,有趣,yǒuqù,interesting; fun,这个游戏很有趣。,This game is very interesting.,
618,提,tí,to mention; to raise,请别提这事。,Please don't mention this.,
619,没关系,méiguānxì,it's okay; unrelated,没关系，你别这样。,It's okay; don't be like this.,"After 跟/和 + noun, 没关系 means “have nothing to do with” — e.g. 跟我没关系 “It has nothing to do with me.”"
620,斯,sī,this (formal/literary),斯人已去。,This person has gone.,斯 is a formal or literary word placed before a noun.
621,杰克,jiékè,Jack,杰克刚才来过。,Jack came by just now.,
622,真的,zhēnde,really; true,他真的来了。,He really came.,"Before a verb or adjective, 真的 usually means “really”; with 是, it means “true” — e.g. 这是真的 “This is true.”"
623,部分,bùfèn,part; section,这只是问题的一部分。,This is only part of the problem.,
624,要求,yāoqiú,to demand; requirement,他要求我们现在就走。,He demands that we leave now.,要求 means to demand or request that someone do something. 要 by itself can mean “want” or “need.”
625,糟糕,zāogāo,terrible; awful,昨晚的节目很糟糕。,Last night's program was terrible.,
626,除了,chúle,except; besides,除了这个问题，还有别的问题。,"Besides this problem, there are other problems.",除了 A，都... means “except for A”; 除了 A，还... means “besides A.”
627,容易,róngyì,easy,这个问题不容易解决。,This problem is not easy to solve.,
628,保持,bǎochí,to maintain; to keep,我们要保持联系。,We should stay in touch.,
629,虽然,suīrán,although,虽然很危险，但是他还是去了。,"Although it was dangerous, he still went.",
630,办,bàn,to handle; to arrange,这事我来办。,I'll handle this matter.,
631,教,jiào,to teach,他教我怎么做这个游戏。,He teaches me how to make this game.,
632,想到,xiǎngdào,think of; occur to,我想到一个主意了。,I thought of an idea.,
633,理解,lǐjiě,to understand,我不理解他为什么这样做。,I don't understand why he did this.,"理解 means to understand meaning or reasoning. 明白 often means to grasp or realize something, while 知道 means to know a fact or piece of information."
634,证据,zhèngjù,evidence,他说的话不是证据。,What he said is not evidence.,
635,加,jiā,to add,再加一个吧。,Add one more.,
636,脸,liǎn,face,他的脸很红。,His face is very red.,
637,简单,jiǎndān,simple,这个游戏很简单，但是很有趣。,"This game is simple, but very interesting.",
638,不同,bùtóng,different,这两个主意不同。,These two ideas are different.,
639,夫人,fūrén,wife; Mrs.,杰克和他的夫人来了。,Jack and his wife have come.,
640,父母,fùmǔ,parents,我的父母都在医院工作。,Both of my parents work at a hospital.,
641,重,zhòng,heavy; important,这个东西太重了，我拿不起来。,This thing is too heavy; I can't pick it up.,
642,恩,ēn,kindness; favor,我会还你的恩。,I will repay your kindness.,
643,曾,céng,once; formerly,我曾在医院工作。,I once worked at a hospital.,Often used in writing; 曾经 is more common in speech. Also read zēng as a surname.
644,事实,shìshí,fact,这就是事实。,This is the fact.,
645,飞机,fēijī,airplane,飞机已经到了。,The airplane has already arrived.,
646,家庭,jiātíng,family; household,这个家庭有五个人。,This family has five people.,
647,象,xiàng,elephant,这只象很大。,This elephant is big.,
648,装,zhuāng,to pack; to install; to pretend,他把东西装好了。,He packed the things.,
649,秘密,mìmì,secret,这是个秘密，别告诉他们。,This is a secret; don't tell them.,
650,法,fǎ,law; method,这个国家的法很多。,This country has many laws.,"When it means a way of doing something, it often follows a demonstrative: 这个法很好 (“this method works well”)."
651,尸体,shītǐ,corpse,现场有一具尸体。,There is a corpse at the scene.,
652,打开,dǎkāi,to open; to turn on,请把门打开。,Please open the door.,"With a device as its object, 打开 means “turn on” — e.g. 打开电视 (“turn on the television”)."
653,季,jì,season; quarter,这一季已经过了。,This season has already passed.,
654,检查,jiǎnchá,to check; to inspect,请检查这个。,Please check this.,
655,早上,zǎoshàng,morning,我早上要去办公室。,I need to go to the office in the morning.,
656,玩笑,wánxiào,joke,这只是个玩笑，不是真的。,This is only a joke; it isn't real.,
657,任务,rènwù,task; mission,我还没有完成这个任务。,I still haven't completed this task.,
658,现场,xiànchǎng,scene; site,他现在在现场。,He is at the scene now.,
659,使,shǐ,to make; to cause,这会使他很快乐。,This will make him very happy.,使 is a somewhat formal way to say that something causes a person or thing to be in a state or do something.
660,转,zhuǎn,to turn; to transfer,请把这个转给他。,Please transfer this to him.,"Also read zhuàn, meaning “to rotate” — e.g. 轮子在转 (“the wheel is turning”)."
661,博士,bóshì,PhD; doctor,他是一个博士。,He is a doctor (has a PhD).,
662,直到,zhídào,until,我会在这里，直到你回来。,I will be here until you come back.,
663,紧张,jǐnzhāng,nervous; anxious,我很紧张，因为他还没有来。,I am very nervous because he still has not come.,
664,二,èr,two,这不是一，是二。,This is not one; it is two.,
665,简直,jiǎnzhí,simply; utterly,这简直太糟糕了。,This is simply terrible.,
666,放弃,fàngqì,to give up,别放弃，我们还有时间。,Don't give up; we still have time.,
667,小子,xiǎozi,kid; punk,小子，别走！,"Kid, don't go!",An informal form of address; it can sound friendly or confrontational depending on tone.
668,电视,diànshì,television; TV,我们看电视吧。,Let's watch TV.,
669,强,qiáng,strong,他很强，我们都知道。,He is very strong; we all know that.,
670,不好意思,bùhǎoyìsī,sorry; excuse me,不好意思，我没有时间。,"Sorry, I don't have time.",
671,大概,dàgài,probably; approximately,他大概已经回来了。,He has probably already come back.,"Before a statement, it means “probably,” as in 他大概回来了 “he probably came back.” Before a number, it means “approximately,” as in 大概三个人 “about three people.”"
672,的确,díquè,indeed; certainly,这的确是事实。,This is indeed a fact.,
673,特,tè,especially; very,他对我特好。,He is really good to me.,"An informal adverb before an adjective or verb, often meaning “very” — e.g. 特好 “really good.”"
674,药,yào,medicine,这是给你的药。,This is medicine for you.,
675,回到,huídào,to return to,他回到这里了。,He returned here.,
676,男孩,nánhái,boy,这个男孩很可爱。,This boy is very cute.,
677,音乐,yīnyuè,music,这首音乐真好。,This piece of music is really good.,
678,身体,shēntǐ,body; health,他身体不太好。,His health is not very good.,
679,血,xuè,blood,他脸上有血。,There is blood on his face.,
680,留下,liúxià,leave behind; remain,他走了，但是把钱留下了。,"He left, but left the money behind.",
681,方式,fāngshì,way; method,这个方式很简单。,This method is very simple.,
682,伤,shāng,injury; wound,他脸上有伤。,He has a wound on his face.,
683,怪,guài,strange; blame,这个声音很怪。,This sound is strange.,
684,美元,měiyuán,US dollar,我给你一美元。,I'll give you one US dollar.,
685,监狱,jiānyù,prison,他在监狱里。,He is in prison.,
686,读,dú,read,请读这本书。,Please read this book.,
687,这边,zhèbiān,this side; here,你在这边吗？,Are you over here?,
688,重新,chóngxīn,again; anew,我们重新开始吧。,Let's start again.,
689,瞧,qiáo,look,你瞧，这个很有趣。,"Look, this is very interesting.",
690,疯狂,fēngkuáng,crazy; wild,杰克最近很疯狂。,Jack has been very crazy recently.,
691,收到,shōudào,receive; get,我收到钱了。,I received the money.,
692,其中,qízhōng,among; in,其中一个是我的。,One of them is mine.,
693,片,piàn,slice; piece; classifier for flat things; film,这是一片纸。,This is a sheet of paper.,
694,想法,xiǎngfǎ,idea; thought,我有一个想法。,I have an idea.,
695,纽约,niǔyuē,New York,他在纽约。,He is in New York.,
696,家里,jiālǐ,at home; in the family,我在家里。,I am at home.,
697,黑,hēi,black; dark,这里太黑了。,It is too dark here.,
698,身,shēn,body; oneself,他一身都是血。,His whole body is covered in blood.,
699,还要,háiyào,still need; also want,我还要一个。,I want another one.,
700,作,zuò,serve as; make; do,这个可以作证据。,This can serve as evidence.,"作 is more formal than 做. Before a noun, it can mean “serve as,” as in 作证据 “serve as evidence.”"
701,后面,hòumiàn,behind; back; later,他在我后面。,He is behind me.,
702,性,xìng,nature; sex; -ness,这件事的可能性很大。,This is very likely.,"After an adjective, 性 can form an abstract noun: 可能性 means “possibility.”"
703,带来,dàilái,bring; cause,他给我带来了钱。,He brought me money.,
704,昨天,zuótiān,yesterday,昨天他来了。,He came yesterday.,
705,不好,bùhǎo,not good; difficult,这个不好，但是可以用。,"This is not good, but it can be used.","Before a verb, 不好 often means “difficult to” — e.g. 不好说 “hard to say.”"
706,抓住,zhuāzhù,to grab; catch,他抓住了我。,He grabbed me.,
707,记录,jìlù,to record; record,我记录了他说的话。,I recorded what he said.,"Before an object, it is usually the verb “to record”; as a noun, 这个记录 means “this record.”"
708,点儿,diǎnér,a little; a bit,我想要点儿水。,I want a little water.,
709,老兄,lǎoxiōng,bro; buddy,老兄，你好吗？,"How are you, buddy?",
710,来自,láizì,to come from,杰克来自纽约。,Jack comes from New York.,
711,越,yuè,the more... the more...,这个越大越好。,"The bigger this is, the better.","越...越... forms a comparison: 这个越大越好 means “the bigger this is, the better.”"
712,大学,dàxué,university; college,我想上大学，但是没有钱。,"I want to go to university, but I do not have money.",
713,照顾,zhàogù,to look after; take care of,她在照顾孩子。,She is looking after the child.,
714,太太,tàitài,wife; Mrs.,杰克的太太在家里。,Jack's wife is at home.,"After a surname, it is a polite title for a married woman — e.g. 王太太 means “Mrs. Wang.”"
715,聪明,cōngmíng,smart; clever,这个孩子很聪明，所以大家都喜欢他。,"This child is very smart, so everyone likes him.",
716,本来,běnlái,originally; in the first place,我本来想去，但是现在不想去了。,"I originally wanted to go, but now I do not want to go.","Before a verb or clause, it often means “originally.” In 本来就..., it can mean “as it already was” — e.g. 这本来就很好 means “this was already very good.”"
717,加油,jiāyóu,come on; keep it up,你能办好这个任务，加油！,You can handle this task—keep it up!,
718,实际上,shíjìshàng,actually; in fact,他说他会来，但是实际上没有来。,"He said he would come, but actually he did not come.",
719,甜,tián,sweet,虽然这个苹果小，但是很甜。,"Although this apple is small, it is very sweet.",
720,怕,pà,to fear; be afraid of,因为我怕他不知道，所以告诉了他。,"Because I was afraid he did not know, I told him.",
721,多久,duōjiǔ,how long,你在这里多久了？,How long have you been here?,
722,并且,bìngqiě,and; moreover,他很聪明，并且很强。,He is very smart and very strong.,
723,直接,zhíjiē,direct; directly,如果你有话，就直接说吧。,"If you have something to say, just say it directly.",
724,对于,duìyú,regarding; toward,对于这个问题，我不知道。,"Regarding this question, I don't know.",Used before a noun or topic to introduce what something concerns.
725,记,jì,to remember; to write down,你还记得这个人吗？,Do you still remember this person?,"When it refers to information being written, it can mean “write down”: 记下来 “write it down.”"
726,突然,tūrán,suddenly,我在看电视，他突然来了。,I was watching TV when he suddenly came.,
727,啥,shá,what,你说啥？,What did you say?,A colloquial form of 什么.
728,开枪,kāiqiāng,to fire a gun,别开枪！,Don't shoot!,
729,声,shēng,sound; voice,我听到一声，但是没看到人。,"I heard a sound, but I didn't see anyone.",
730,除非,chúfēi,unless; only if,除非你跟我一起去，我才去。,I'll go only if you go with me.,
731,集,jí,episode,我看了两集。,I watched two episodes.,
732,店,diàn,shop; store,这个店的东西很好。,The things at this shop are very good.,
733,酷,kù,cool,这个音乐很酷。,This music is cool.,
734,正常,zhèngcháng,normal; ordinary,孩子不想去，很正常。,It's normal that the child doesn't want to go.,
735,死亡,sǐwáng,death; to die,医生说他已经死亡了。,The doctor said that he had already died.,死亡 is more formal than 死 and is common in medical or official statements.
736,终于,zhōngyú,finally,我们终于回到家里了。,We finally got back home.,
737,拥有,yōngyǒu,to own; possess,他拥有这个店。,He owns this shop.,
738,警,jǐng,police,警来了，快走！,The police are here—run!,
739,船,chuán,boat; ship,船到纽约了。,The ship has arrived in New York.,
740,付,fù,to pay,我来付钱。,I'll pay.,
741,派对,pàiduì,party,我们去派对吧。,Let's go to the party.,
742,遍,biàn,time (occurrence),这个我看了两遍。,I watched this twice.,
743,步,bù,step,我们走两步吧。,Let's take a couple of steps.,
744,不再,bùzài,no longer,他不再想回去了。,He no longer wants to go back.,
745,鬼,guǐ,ghost,你怕鬼吗？,Are you afraid of ghosts?,
746,咖啡,kāfēi,coffee,我想要咖啡。,I want coffee.,
747,傻,shǎ,stupid; silly,你不傻。,You're not stupid.,
748,阻止,zǔzhǐ,to stop; prevent,你为什么阻止我？,Why are you stopping me?,
749,想象,xiǎngxiàng,to imagine,你能想象吗？,Can you imagine it?,
750,冷静,lěngjìng,calm,他很冷静，但是我很紧张。,"He is calm, but I am very nervous.",
751,方法,fāngfǎ,method; way,这个方法很好，我们可以用。,This method is very good; we can use it.,方法 is a way of doing something; 方式 more often refers to the manner or style in which something is done.
752,犯,fàn,to commit (an offense or mistake),他犯了一个错。,He made a mistake.,
753,扔,rēng,to throw; throw away,别把这个扔了。,Don't throw this away.,
754,祝,zhù,to wish,祝你生日快乐！,Happy birthday!,
755,能力,nénglì,ability; capability,我知道你有这个能力。,I know you have this ability.,能力 is a noun for someone's ability. 能 before a verb means “can” — e.g. 他能做 “he can do it.”
756,完美,wánměi,perfect,这个想法很完美。,This idea is perfect.,
757,克,kè,gram,我只要一克药。,I only want one gram of medicine.,
758,口,kǒu,mouth; mouthful,他口里有血。,There is blood in his mouth.,
759,目标,mùbiāo,goal; target,这就是我们的目标。,This is our goal.,
760,耶,yé,yay!,耶，我们可以回到家里了！,"Yay, we can go back home!",
761,日,rì,day; date,今天是六月一日。,Today is June 1st.,"日 is used especially in dates, as in 六月一日 “June 1st”; 天 is more common for an ordinary day."
762,有关,yǒuguān,related to; concerning,这事跟你有关。,This matter is related to you.,
763,精神,jīngshén,spirit; mental state,他的精神很好。,He is in very good spirits.,
764,另外,lìngwài,another; in addition,另外，你还要什么？,"Besides that, what else do you want?","Before a noun, 另外 means “another” — e.g. 另外一个 “another one.” At the start of a clause, it means “besides” or “in addition.”"
765,放松,fàngsōng,to relax,听音乐可以放松。,Listening to music can help you relax.,
766,丢,diū,to lose; to misplace,我把钱丢了。,I lost the money.,
767,休息,xiūxī,to rest,你太累了，先休息一下吧。,You’re too tired; rest a little first.,
768,每天,měitiān,every day,我每天都在这里工作。,I work here every day.,
769,回答,huídá,to answer,请回答我一个问题。,Please answer one question for me.,
770,凶手,xiōngshǒu,murderer; killer,凶手已经死了。,The murderer is already dead.,
771,负责,fùzé,to be responsible for,这事谁负责？,Who is responsible for this?,
772,命,mìng,life,他想要我的命。,He wants my life.,
773,外,wài,outside,你在里，我在外。,"You’re inside, and I’m outside.",
774,碰,pèng,to touch,别碰这个，太热。,Don’t touch this; it’s too hot.,
775,介意,jièyì,to mind; to care about,你介意我在这里吗？,Do you mind me being here?,
776,梦,mèng,dream,我昨天做了一个很怪的梦。,I had a very strange dream yesterday.,
777,试试,shìshì,to try,你试试这个方法。,Try this method.,
778,那天,nàtiān,that day,那天我没有去工作。,I didn’t go to work that day.,
779,系统,xìtǒng,system,这个系统有问题。,This system has a problem.,
780,睡觉,shuìjiào,to sleep,太晚了，我们睡觉吧。,It’s too late; let’s go to sleep.,
781,滚,gǔn,get lost; scram,你给我滚！,Get lost!,"As an angry command, 滚 means “get lost.”"
782,谋杀,móushā,to murder,这个人被谋杀了。,This person was murdered.,
783,礼物,lǐwù,gift,这是我给你的礼物。,This is the gift I gave you.,
784,那种,nàzhǒng,that kind of,我不喜欢那种东西。,I don't like that kind of thing.,
785,戴,dài,to wear (on the body),她戴着黑帽子。,She is wearing a black hat.,
786,各位,gèwèi,everyone; সবাই,各位，请看这里。,"Everyone, please look here.",
787,错误,cuòwù,mistake; error,这是一个错误。,This is a mistake.,
788,子,zi,a neutral noun suffix,这样子不好。,Doing it this way isn't good.,子 is a neutral suffix in informal words such as 这样子 (“this way”).
789,随便,suíbiàn,as you like; casually,你随便看吧。,Feel free to look.,
790,头发,tóufà,hair,她的头发很黑。,Her hair is very black.,
791,藏,cáng,to hide,他把钱藏在家里了。,He hid the money at home.,
792,关心,guānxīn,to care about,谢谢你关心我。,Thank you for caring about me.,
793,底,dǐ,bottom; base,这个东西的底是黑的。,The bottom of this thing is black.,
794,干吗,gànmá,what are you doing?; why?,你在干吗？,What are you doing?,
795,兴趣,xìngqù,interest,我对这个很有兴趣。,I'm very interested in this.,
796,情,qíng,feeling; affection; favor,我会记着这份情。,I will remember this kindness.,"With a person as possessor, as in 你的情, it often refers to their affection or kindness."
797,报告,bàogào,report; to report,请直接报告这件事。,Please report this matter directly.,"As an object, it is a noun — e.g. 一份报告 “a report.” Before an object, it can mean “to report,” as in 报告这件事 “report this matter.”"
798,从没,cóngméi,never; have never,我从没看过这种东西。,I've never seen this kind of thing.,
799,替,tì,for; on behalf of,你可以替我照顾小孩吗？,Can you take care of the child for me?,
800,面,miàn,face; side; noodles,我们去店里吃面吧。,Let's go to the restaurant and eat noodles.,"After 吃, 面 means “noodles,” as in 吃面. In contexts about direction or position, it can mean “side.”"
801,经历,jīnglì,experience; to experience,我有过这样的经历。,I've had an experience like that.,"After 有, 经历 is a noun meaning “experience.” Before an object, it can mean “to experience” — e.g. 经历过这些事 “experienced these things.”"
802,六,liù,six,我们六个人一起去。,The six of us are going together.,
803,飞,fēi,to fly,它飞走了。,It flew away.,
804,老师,lǎoshī,teacher,老师来了，我们就开始吧。,"The teacher is here, so let's begin.",
805,气,qì,air; anger; spirit,我还在生你的气。,I'm still mad at you.,"In 生某人的气, 气 means anger directed at that person."
806,不用,bùyòng,don't need to; no need to,你不用替我付钱。,You don't need to pay for me.,"不用 + verb means there is no need to do it. Unlike 不要, it usually does not give a command."
807,小孩,xiǎohái,child,小孩已经睡觉了。,The child is already asleep.,
808,人类,rénlèi,humanity; humankind,人类也需要休息。,Humans need rest too.,
809,冲,chōng,to rush; to rinse,他突然冲了出去。,He suddenly rushed out.,"Also read chòng, meaning “toward; facing” — e.g. 冲我来 “come at me.” Before an object such as 水, chōng can also mean “to rinse,” as in 冲水 “rinse with water.”"
810,自由,zìyóu,freedom; free,现在我们自由了。,Now we are free.,"After 是 or 了, 自由 means “free.” As the object of 要, it means “freedom,” as in 要自由 “want freedom.”"
811,支持,zhīchí,to support,我们都支持你。,We all support you.,
812,星期,xīngqī,week,这个星期我们都在店里。,We are all at the shop this week.,
813,脚,jiǎo,foot,我的脚很痛。,My foot hurts.,
814,很快,hěnkuài,very soon; very fast,他很快就回来了。,He came back very soon.,"Before an action, 很快 often means “soon”; describing how an action is done, it means “fast” — e.g. 他走得很快 “he walks fast.”"
815,毁,huǐ,to destroy; to ruin,别把这个毁了！,Don't destroy this!,
816,生气,shēngqì,angry,他很生气，但是没说话。,"He is very angry, but he did not say anything.",
817,建议,jiànyì,suggestion; to suggest,我的建议是：我们先休息。,My suggestion is: let's rest first.,"When followed by a person and an action, 建议 means “to suggest” — e.g. 我建议你休息 “I suggest that you rest.”"
818,做到,zuòdào,to accomplish; to manage to do,你能做到。,You can do it.,
819,套,tào,set; cover; to put on; classifier for sets,这是一套礼物。,This is a set of gifts.,"As a verb, 套 can mean “to cover” or “to put on” — e.g. 套上衣服 “put on clothes.”"
820,哭,kū,to cry,小孩在哭。,The child is crying.,
821,屁股,pìgǔ,butt,别打我的屁股。,Don't hit my butt.,
822,生日,shēngrì,birthday,今天是我的生日。,Today is my birthday.,
823,晚安,wǎnān,good night,晚安，明天见。,"Good night, see you tomorrow.",
824,否则,fǒuzé,otherwise,你要冷静，否则会犯错误。,"You need to stay calm; otherwise, you will make a mistake.",
825,画,huà,drawing; to draw,我喜欢这张画。,I like this drawing.,"Before an object, 画 means “to draw” — e.g. 画一张画 “draw a picture.”"
826,病,bìng,illness; to be ill,我病了。,I got sick.,
827,线,xiàn,line; wire,你看，这是一条线。,"Look, this is a line.",
828,光,guāng,light,这里有光。,There is light here.,
829,安排,ānpái,to arrange; arrangement,我来安排派对。,I'll arrange the party.,
830,神,shén,god; deity,神啊，帮帮我吧！,"God, help me!",
831,年轻,niánqīng,young,他很年轻。,He is young.,很 often makes a neutral adjectival statement here; it does not necessarily mean “very.”
832,操,cāo,fuck; damn (vulgar),操！你干吗？,Fuck! What are you doing?,A vulgar exclamation.
833,下面,xiàmiàn,below; underneath,你在上面，我在下面。,"You are upstairs, and I am downstairs.",
834,姑娘,gūniáng,girl; young woman,那个姑娘在这里。,That girl is here.,
835,道,dào,road; way; measure word,这条道很长。,This road is very long.,
836,按,àn,to press; according to,请按这里。,Please press here.,"Before a noun, 按 can mean “according to” — e.g. 按时间, “according to the time.”"
837,钥匙,yàoshi,key,钥匙在这里。,The key is here.,
838,法官,fǎguān,judge,法官来了。,The judge has arrived.,
839,包,bāo,bag; to wrap,这个包很小。,This bag is small.,
840,腿,tuǐ,leg,他的腿很长。,His legs are very long.,
841,自,zì,from; since,自那天起，他从没见过我。,"Since that day, he has never seen me.",Formal in this use; 从 is more common in everyday speech.
842,选手,xuǎnshǒu,contestant,那个选手很年轻，但是很有精神。,"That contestant is very young, but full of energy.",
843,信息,xìnxī,information,老师给了我们这些信息。,The teacher gave us this information.,
844,整,zhěng,whole; entire,我整一天都在工作。,I was working the whole day.,
845,投票,tóupiào,to vote,我们都要投票。,We all need to vote.,
846,哥哥,gēgē,older brother,我哥哥那天给了我一个礼物。,My older brother gave me a gift that day.,
847,手术,shǒushù,surgery,他要做手术，所以不能工作。,"He needs to have surgery, so he cannot work.",
848,必要,bìyào,necessary,这个安排很有必要。,This arrangement is necessary.,
849,身边,shēnbiān,by one's side,他在我身边。,He is by my side.,
850,知,zhī,to know (formal),我不知这个问题的回答。,I do not know the answer to this question.,Formal/literary. 知道 is the common everyday word for knowing facts or information.
851,任何人,rènhérén,anyone,不能告诉任何人。,You cannot tell anyone.,
852,票,piào,ticket; vote,我没有票，所以不能去。,"I do not have a ticket, so I cannot go.","In 投票, 票 means a vote or ballot; e.g. 投票 means “to vote.”"
853,撒谎,sāhuǎng,to lie,别撒谎，告诉我。,Don't lie; tell me.,
854,武器,wǔqì,weapon,凶手没有武器。,The murderer did not have a weapon.,
855,痛苦,tòngkǔ,pain; suffering,他很痛苦，但是没有哭。,"He was in a lot of pain, but he did not cry.",
856,全部,quánbù,all; the whole amount,这些全部是你的。,All of these are yours.,
857,手机,shǒujī,mobile phone,我的手机不在这里。,My phone isn't here.,
858,忘记,wàngjì,to forget,我忘记带钥匙了。,I forgot to bring the key.,
859,存在,cúnzài,to exist,这个问题还存在。,This problem still exists.,
860,首先,shǒuxiān,first; first of all,首先，我们看看这个。,"First, let's look at this.",
861,组,zǔ,group; team,我们是一组。,We are one group.,
862,照,zhào,according to; shine on; photograph,你照这个做。,Do it according to this.,"Before a verb phrase, 照 means “according to”: 照这个做, “do it according to this.” With an object, it can mean “shine on” (太阳照着我, “the sun shines on me”) or “photograph” (给你照一张, “take one of you”)."
863,交,jiāo,to hand over; make (friends); intersect,请把报告交给老师。,Please hand the report to the teacher.,"With 钱 or 报告, 交 means “pay” or “hand in.” With 朋友, it means “make friends” (交朋友). Of lines or roads, it means “intersect” (两条线交了, “the two lines intersected”)."
864,以及,yǐjí,as well as; and,老师以及学生都在这里。,The teachers as well as the students are all here.,
865,十,shí,ten,这个有十个。,There are ten of these.,
866,台,tái,classifier for machines and devices,这台手机是我的。,This phone is mine.,
867,搬,bān,to move; carry,我们把这些搬到外面吧。,Let's move these outside.,
868,个人,gèrén,individual; personal,我个人不介意。,"Personally, I don't mind.","Before a verb such as 觉得, 我个人 means “personally” or “as for me”: 我个人觉得这样很好, “personally, I think this is very good.”"
869,代表,dàibiǎo,to represent; representative,你代表我们去见老师吧。,Please represent us and go see the teacher.,
870,坚持,jiānchí,to persist; stick with it,如果你想做，就要坚持。,"If you want to do it, you need to stick with it.",
871,意义,yìyì,meaning; significance,这对我们有什么意义？,What meaning does this have for us?,
872,楼,lóu,building; floor/storey,那个楼很大。,That building is big.,"After a number, 楼 refers to a floor/storey — e.g. 一楼 “first floor.”"
873,承认,chéngrèn,to admit; acknowledge,他承认自己错了。,He admitted that he was wrong.,
874,发誓,fāshì,to swear; vow,我发誓，我没有撒谎。,"I swear, I wasn't lying.",
875,理由,lǐyóu,reason; excuse,你有什么理由不去？,What reason do you have for not going?,
876,显然,xiǎnrán,obviously; clearly,显然，他已经知道了。,"Obviously, he already knows.",
877,局,jú,situation; bureau; round of a game,这局还没开始。,This round hasn't started yet.,"After a number, 局 can mean a round of a game — e.g. 一局 “one round.” In words such as 邮局, it means an office or bureau."
878,政府,zhèngfǔ,government,政府应该关心我们。,The government should care about us.,
879,这次,zhècì,this time,这次我不会忘记。,I won't forget this time.,
880,生意,shēngyì,business,他想做生意，但是没有钱。,"He wants to do business, but he has no money.",
881,眼,yǎn,eye,猫的眼很大。,The cat's eyes are big.,
882,火,huǒ,fire; anger,这里有火，别过来！,There is a fire here; don't come over!,"In 发火, 火 refers to anger — e.g. 他发火了 “he got angry.”"
883,遇到,yùdào,to encounter; run into,如果你遇到问题，就告诉我。,"If you run into a problem, tell me.",
884,猫,māo,cat,这只猫很小。,This cat is very small.,
885,即使,jíshǐ,even if,即使没有钱，他也想去。,"Even if he has no money, he still wants to go.",即使 commonly pairs with 也 in the following clause.
886,记住,jìzhù,to remember,请记住我说的话。,Please remember what I said.,
887,到处,dàochù,everywhere,这只猫到处走。,This cat wanders everywhere.,
888,幸运,xìngyùn,lucky; good fortune,这次我们很幸运。,We were very lucky this time.,
889,卡,kǎ,card,这卡可以用吗？,Can this card be used?,"Also read qiǎ, meaning “to get stuck” — e.g. 我的脚卡在这里了 “my foot got stuck here.”"
890,洗,xǐ,to wash,我先洗一下，然后再走。,"I’ll wash up first, then leave.",
891,那时,nàshí,at that time,那时我还很小。,I was still very young at that time.,
892,干什么,gànshénme,to do what,你在干什么？,What are you doing?,
893,事儿,shìér,matter; thing,这事儿你知道吗？,Do you know about this matter?,"事儿 is a colloquial form of 事, especially common in northern speech."
894,混,hùn,to mix; hang around with,别跟他们混。,Don’t hang around with them.,"With 跟 + people, 混 means to hang around or associate with them — e.g. 别跟他们混 “don’t hang around with them.”"
895,犯罪,fànzuì,to commit a crime,他承认自己犯罪了。,He admitted that he committed a crime.,
896,挂,guà,to hang,把画挂在这里。,Hang the picture here.,
897,跳舞,tiàowǔ,to dance,她很喜欢跳舞。,She really likes dancing.,
898,白痴,báichī,idiot,他真是个白痴。,He really is an idiot.,An insulting word for a very stupid person.
899,信任,xìnrèn,to trust,我信任你。,I trust you.,
900,新闻,xīnwén,news,我们在手机上看新闻。,We read the news on our phones.,
901,未来,wèilái,future,我们的未来会很好。,Our future will be very good.,
902,道歉,dàoqiàn,to apologize,你应该跟她道歉。,You should apologize to her.,
903,可怜,kělián,pitiful; to pity,那个孩子很可怜。,That child is pitiful.,
904,实在,shízài,really; honest,我实在不知道。,I really don't know.,"Before a verb or adjective, 实在 often means “really” — as in 我实在不知道 “I really don't know.” As a predicate, it can mean “honest” — e.g. 他很实在 “He is honest.”"
905,骗,piàn,to deceive,别骗我。,Don't lie to me.,
906,加入,jiārù,to join,你想加入我们吗？,Do you want to join us?,
907,病人,bìngrén,patient,这个病人需要手术。,This patient needs surgery.,
908,案,àn,case,法官看这个案。,The judge is reviewing this case.,
909,根,gēn,"root; measure word for long, thin objects",树的根很大。,The tree's roots are big.,"Before a long, thin noun, 根 is a measure word — e.g. 一根线 “one piece of string.”"
910,吓,xià,to scare,别吓我。,Don't scare me.,
911,治疗,zhìliáo,to treat; treatment,这个病需要治疗。,This illness needs treatment.,
912,原谅,yuánliàng,to forgive,请原谅我。,Please forgive me.,
913,行为,xíngwéi,behavior,这个行为不对。,This behavior is not right.,
914,比较,bǐjiào,rather; to compare,这个比较好。,This one is rather good.,"Before an adjective, 比较 often means “rather” or “relatively,” as here. With an object, it means “to compare” — e.g. 比较这两个 “compare these two.”"
915,边,biān,side; edge,你在我这边吗？,Are you on my side?,
916,双,shuāng,pair; double,我有一双腿。,I have a pair of legs.,
917,婚礼,hūnlǐ,wedding,我们在婚礼上见面了。,We met at the wedding.,
918,弟弟,dìdi,younger brother,我弟弟跟我们一起来了。,My younger brother came with us.,
919,组织,zǔzhī,organize; organization,这个组织很大。,This organization is very large.,"Before a noun object, 组织 is the verb “organize” — e.g. 组织这次活动 “organize this event.” As a noun, it means an organization."
920,想想,xiǎngxiǎng,think it over,你先想想，然后告诉我吧。,"Think it over first, then tell me.",
921,见面,jiànmiàn,meet (each other),我们见面的时候，他已经走了。,"When we met, he had already left.",
922,经常,jīngcháng,often,我经常跟哥哥一起工作。,I often work with my older brother.,
923,城市,chéngshì,city,这个城市很大，但是人不多。,"This city is big, but there are not many people.",
924,老板,lǎobǎn,boss,老板让我先回去。,The boss told me to go back first.,
925,合作,hézuò,cooperate; cooperation,我们一起合作吧。,Let's work together.,
926,来到,láidào,arrive; come to,他来到这里的时候，我们已经走了。,"When he arrived here, we had already left.",
927,一会儿,yīhuìer,a little while,你等我一会儿，我就来。,"Wait for me a little while, and I'll come right away.",
928,乱,luàn,messy; chaotic,这里太乱了，你把东西拿走吧。,It's too messy here; take the things away.,
929,词,cí,word,这个词是什么意思？,What does this word mean?,
930,尔,ěr,you (literary),尔可知道？,Do you know?,"A literary, archaic word for “you”; use 你 in normal modern speech."
931,超,chāo,super; extremely,这台手机超好。,This phone is super good.,"Informally, before an adjective, 超 intensifies it: 超好 means “super good.”"
932,差不多,chàbuduō,about; almost,现在差不多十点。,It is about ten o’clock now.,
933,支,zhī,"classifier for pens and other long, thin objects",我有一支笔。,I have a pen.,
934,老婆,lǎopó,wife,我老婆在这里。,My wife is here.,
935,中心,zhōngxīn,center,这个城市的中心在这里。,The center of this city is here.,
936,可怕,kěpà,scary; terrible,这事儿太可怕了。,This is too scary.,
937,笔,bǐ,pen,我有一支笔。,I have a pen.,
938,满,mǎn,full; filled,这个地方已经满了。,This place is already full.,
939,假,jiǎ,fake; false,这张票是假的。,This ticket is fake.,"Also read jià, meaning “leave/vacation” — e.g. 请假 “ask for leave.”"
940,明显,míngxiǎn,obvious; clear,这很明显。,This is obvious.,
941,研究,yánjiū,research; to research,我们在研究这个问题。,We are researching this problem.,
942,意识,yìshí,consciousness; awareness,他还有意识。,He is still conscious.,
943,附近,fùjìn,nearby; nearby area,我就在附近。,I am nearby.,
944,同性恋,tóngxìngliàn,gay; homosexual,他是同性恋。,He is gay.,
945,打扰,dǎrǎo,to disturb; to bother,别打扰他，他在工作。,Don’t bother him; he is working.,
946,好运,hǎoyùn,good luck,这次你会有好运。,You will have good luck this time.,
947,线索,xiànsuǒ,clue,这个案没有线索。,There are no clues in this case.,
948,面前,miànqián,in front of,他就在我面前。,He is right in front of me.,
949,消失,xiāoshī,to disappear,那个人已经消失了。,That person has already disappeared.,
950,妹妹,mèimèi,younger sister,我妹妹也在这里。,My younger sister is here too.,
951,正确,zhèngquè,correct,这样做是正确的。,Doing it this way is correct.,
952,位置,wèizhì,position; location,你的位置在这里吗？,Is your position here?,
953,答应,dāyìng,to agree; promise,他答应了，但是没有来。,"He agreed, but he did not come.",
954,收,shōu,to receive; collect; put away,这些钱你先收着吧。,Take and keep this money for now.,"With something like 钱, 收 can mean to receive or keep it. In 收起来, it means to put something away — e.g. 把钱收起来 “put the money away.”"
955,砸,zá,to smash; hit,他把电脑砸了。,He smashed the computer.,
956,街,jiē,street,我们在街上见面吧。,Let's meet on the street.,
957,电脑,diànnǎo,computer,我的电脑在这里。,My computer is here.,
958,区,qū,district; area,这个区很大。,This district is very big.,
959,撞,zhuàng,to hit; collide with,他撞到我了。,He bumped into me.,
960,借,jiè,to borrow; lend,我可以借你的电脑吗？,Can I borrow your computer?,"借 + someone's thing means to borrow it, as in 借你的电脑 “borrow your computer.” 借 + thing + 给 + person means to lend it — e.g. 借电脑给他 “lend him a computer.”"
961,秒,miǎo,second,你等我一秒。,Wait for me one second.,
962,似乎,sìhū,seem; apparently,他似乎不想说。,He does not seem to want to speak.,
963,放下,fàngxià,put down,请把这个放下。,Please put this down.,
964,力量,lìliàng,strength; power,我们需要力量。,We need strength.,
965,命令,mìnglìng,order; command,老板命令他走。,The boss ordered him to leave.,"As a noun, it means an order — e.g. 这是老板的命令 “This is the boss’s order.”"
966,同时,tóngshí,at the same time,他们同时来到这里。,They came here at the same time.,
967,提供,tígōng,provide,老板提供工作。,The boss provides work.,
968,威胁,wēixié,threat; threaten,他在威胁我。,He is threatening me.,"As a noun, it means a threat — e.g. 这是一个威胁 “This is a threat.”"
969,输,shū,lose,这次我们不能输。,We cannot lose this time.,
970,号码,hàomǎ,number (e.g. phone number),请把你的号码给我。,Please give me your number.,
971,日子,rìzi,days; life,那时的日子很好。,Life was good then.,
972,座,zuò,"measure word for large, fixed things",这座城市很大。,This city is big.,"Used before nouns such as 城市, buildings, bridges, and mountains."
973,比如,bǐrú,for example,很多人喜欢猫，比如我。,"Many people like cats, for example me.",
974,哪个,nǎge,which one,你想要哪个？,Which one do you want?,
975,剩下,shèngxià,remain; be left over,这些钱只剩下一点了。,Only a little of this money is left.,
976,严重,yánzhòng,serious; severe,这个问题很严重。,This problem is very serious.,
977,感,gǎn,to feel; feeling,我深感抱歉。,I deeply apologize.,"This use is formal, especially in writing: 深感抱歉 means “deeply feel sorry.”"
978,享受,xiǎngshòu,to enjoy,我很享受现在的日子。,I really enjoy life these days.,
979,战争,zhànzhēng,war,这场战争很可怕。,This war is terrible.,
980,恭喜,gōngxǐ,congratulations,恭喜你！,Congratulations!,
981,杀死,shāsǐ,to kill,他把人杀死了。,He killed someone.,
982,其,qí,his; her; its; their,这个组织有问题，其老板也知道。,"This organization has a problem, and its boss knows too.","A formal written possessive, usually placed before a noun. In everyday speech, use 他的 or 它的 instead."
983,影响,yǐngxiǎng,to affect; an effect,这件事影响了我们。,This matter affected us.,
984,利用,lìyòng,to use; take advantage of,我们可以利用电脑。,We can make use of the computer.,
985,恨,hèn,to hate,我恨他，因为他骗我。,I hate him because he lied to me.,
986,杀人,shārén,to kill someone; murder,他杀人了，所以我们都不想见他。,"He killed someone, so none of us wants to see him.",
987,脱,tuō,to take off; escape from,他把衣服脱了。,He took off his clothes.,"With clothing as the object, it means “take off.” With a place or danger, it can mean escape from it — e.g. 脱离危险, “escape danger.”"
988,陪,péi,to accompany; keep company,我陪你去。,I’ll go with you.,
989,失踪,shīzōng,to go missing; disappear,我弟弟失踪了，我们找他吧。,My younger brother has gone missing; let’s look for him.,
990,认真,rènzhēn,serious; conscientious,他工作的时候很认真。,He is very conscientious when he works.,"Before a verb, 认真 means “carefully/earnestly” — e.g. 认真看, “look carefully.”"
991,真相,zhēnxiàng,truth,我想知道真相，但是他不说。,"I want to know the truth, but he won't say.",
992,法律,fǎlǜ,law,法律不让人杀人。,The law does not allow people to kill people.,
993,训练,xùnliàn,to train; training,我们先训练，然后再开始。,"Let's train first, then start.",
994,米,mǐ,rice; meter,这米真好。,This rice is really good.,"After a number, 米 is the unit “meter” — e.g. 一米 “one meter.”"
995,值得,zhíde,be worth doing,这个工作很值得做。,This job is well worth doing.,
996,阿,ā,a prefix used before a familiar name,阿明，你来了！,"A-Ming, you're here!",
997,主,zhǔ,be in charge; make the decision,这件事你做主吧。,You make the decision about this matter.,
998,有意思,yǒuyìsi,interesting,这个很有意思。,This is very interesting.,
999,热,rè,hot,今天很热。,Today is hot.,
1000,使用,shǐyòng,to use,你可以使用这台电脑。,You can use this computer.,
1001,差,chà,poor; short of; to differ,这个比那个差。,This one is worse than that one.,"Also read chā, meaning “to differ” — e.g. 这两个差很多 “these two differ a lot.”"
1002,方面,fāngmiàn,aspect; area,这方面我不知道。,I don't know about this area.,
1003,银行,yínháng,bank,我的钱都在银行里。,All my money is in the bank.,
1004,恐怖,kǒngbù,scary; terrifying,这个故事很恐怖，但是很有意思。,"This story is scary, but very interesting.",
1005,尽,jǐn,to the utmost; as much as possible,尽你所能吧。,Do all you can.,Also read jìn when used after a verb as a result complement meaning “completely used up” — e.g. 钱用尽了 “the money was used up.”
1006,原来,yuánlái,original; turns out,原来你在这里。,So you were here.,"Before a clause, 原来 often means “turns out” — e.g. 原来他在这里 “so he was here.” Before a noun with 的, it means “original” — e.g. 原来的位置 “the original position.”"
1007,警官,jǐngguān,police officer,警官来了。,The police officer has come.,
1008,性感,xìnggǎn,sexy,她很性感。,She is sexy.,
1009,自杀,zìshā,suicide; kill oneself,他想自杀，但是我们能帮他。,"He wants to kill himself, but we can help him.",
1010,酒吧,jiǔbā,bar,我们在酒吧见面吧。,Let's meet at the bar.,
1011,讨论,tǎolùn,discuss,我们来讨论这个问题吧。,Let's discuss this problem.,
1012,同样,tóngyàng,same; likewise,我也有同样的问题。,I have the same problem too.,"Before a verb, 同样 can mean “likewise” or “also” — e.g. 我同样想去 “I also want to go.”"
1013,身份,shēnfèn,identity; status,他不知道自己的身份。,He does not know his own identity.,
1014,说明,shuōmíng,explain; explanation,请说明为什么。,Please explain why.,"As a verb, 说明 means “explain.” As a noun, it means an explanation or instructions — e.g. 这个说明很明显 “these instructions are very clear.”"
1015,什么样,shénmeyàng,what kind of,这是什么样的问题？,What kind of problem is this?,
1016,安静,ānjìng,quiet,这里很安静。,It is very quiet here.,
1017,岛,dǎo,island,那个岛很小。,That island is very small.,
1018,模特,mótè,model,她是模特。,She is a model.,
1019,多么,duōme,how; so,这多么可怕啊！,How terrible this is!,"多么 is used before an adjective or verb in an exclamation, not to ask a question — e.g. 多么可怕 “how terrible!”"
1020,足够,zúgòu,enough; sufficiently,这点钱足够吗？,Is this amount of money enough?,"Before a verb, 足够 means “sufficiently” — e.g. 钱足够用了 “there is enough money to use.”"
1021,饿,è,hungry,我饿了，想吃点东西。,I'm hungry and want to eat something.,
1022,学生,xuéshēng,student,她是一个很认真的学生。,She is a very serious student.,
1023,红,hóng,red,她的笔是红的。,Her pen is red.,
1024,鸡,jī,chicken,那只鸡在这里。,That chicken is here.,
1025,养,yǎng,to raise; to keep,她养了一只猫。,She keeps a cat.,
1026,下午,xiàwǔ,afternoon,下午我们一起去银行。,We'll go to the bank together this afternoon.,
1027,仍然,réngrán,still,他已经回来了，但是她仍然在工作。,"He has already come back, but she is still working.",仍然 means “still” and is somewhat more formal than 还.
1028,一旦,yídàn,once; as soon as,一旦你答应了，我们就开始。,"Once you agree, we'll start.",
1029,追,zhuī,to chase,他在街上追那个孩子。,He is chasing that child on the street.,
1030,动作,dòngzuò,action; movement,这个动作，我会做。,I can do this movement.,
1031,谢,xiè,to thank,谢了！,Thanks!,
1032,意味着,yìwèizhe,to mean; to signify,这意味着什么？,What does this mean?,
1033,受到,shòudào,to receive; to be subjected to,他受到了很大的影响。,He was greatly affected.,"受到 is usually used with things such as influence, treatment, or harm, rather than physical objects."
1034,群,qún,group; flock,他们是一群人。,They are a group of people.,
1035,之一,zhīyī,one of,他是这些人之一。,He is one of these people.,
1036,因,yīn,because of,因工作，他没来。,He did not come because of work.,"A formal, written-style preposition used before the reason: 因工作 means “because of work.”"
1037,约,yuē,to arrange; about/approximately,我约他下午见。,I arranged to meet him this afternoon.,"Before a number, 约 means “about/approximately” — e.g. 约三秒 “about three seconds.”"
1038,第三,dìsān,third,这是我第三次来这里。,This is the third time I have come here.,
1039,赶,gǎn,to hurry; to rush,我们快走吧，要赶时间。,Let’s walk quickly; we need to hurry.,
1040,面对,miànduì,to face; to confront,我们要一起面对这个问题。,We need to face this problem together.,
1041,怀疑,huáiyí,to suspect; to doubt,我怀疑他没有说真话。,I suspect that he did not tell the truth.,
1042,慢,màn,slow,你走得太慢了。,You are walking too slowly.,
1043,居然,jūrán,unexpectedly,他居然答应了。,He unexpectedly agreed.,
1044,就要,jiùyào,to be about to; will soon,我们就要走了。,We are about to leave.,
1045,拒绝,jùjué,to refuse,他让我去，但是我拒绝了。,"He asked me to go, but I refused.",
1046,家人,jiārén,family members,我的家人都在这里。,My family members are all here.,
1047,雷,léi,thunder,我听到雷了。,I heard thunder.,
1048,演员,yǎnyuán,actor,她是一个演员。,She is an actor.,
1049,烧,shāo,to burn; to cook by heating,他把这个东西烧了。,He burned this thing.,
1050,真实,zhēnshí,real; true,这件事是真实的。,This matter is real.,
1051,交易,jiāoyì,transaction,银行的交易很多。,The bank has many transactions.,
1052,破,pò,broken; torn,这个东西破了。,This thing is broken.,
1053,停止,tíngzhǐ,to stop; cease,战争停止了。,The war stopped.,
1054,人生,rénshēng,life,人生很短。,Life is short.,
1055,清,qīng,clear; clean,这水很清。,This water is very clear.,
1056,因此,yīncǐ,therefore,他受伤了，因此没有来。,"He was injured, so he didn't come.",
1057,恶心,ěxīn,disgusting; nauseated,这个东西让我觉得恶心。,This thing makes me feel sick.,
1058,受伤,shòushāng,to be injured,他在战争中受伤了。,He was injured in the war.,
1059,夜,yè,night,夜里很安静。,It is very quiet at night.,
1060,婊子,biǎozi,bitch; slut,别叫她婊子。,Don't call her a bitch.,"A strongly offensive insult, usually directed at a woman."
1061,属于,shǔyú,to belong to,这个钱属于我们。,This money belongs to us.,
1062,舞蹈,wǔdǎo,dance; dancing,她喜欢舞蹈。,She likes dancing.,
1063,根据,gēnjù,according to; based on,根据这些，我们知道了真相。,"Based on these, we know the truth.",
1064,几乎,jīhū,almost; nearly,我们几乎同时到了。,We arrived at almost the same time.,
1065,算是,suànshì,to count as; be considered,这算是一个好问题。,This counts as a good question.,
1066,演,yǎn,to act; perform,他演得很好。,He acts very well.,
1067,尼,ní,Buddhist nun,她是一位尼。,She is a Buddhist nun.,
1068,答案,dáàn,answer,这个问题的答案是什么？,What is the answer to this question?,
1069,出色,chūsè,outstanding,他做得很出色。,He did an outstanding job.,
1070,目前,mùqián,at present,目前我们没有时间。,We do not have time at present.,
1071,活动,huódòng,activity; event,我们下午有活动。,We have an activity this afternoon.,
1072,锁,suǒ,to lock; lock,他把门锁上了。,He locked the door.,
1073,梦想,mèngxiǎng,dream,我的梦想是做演员。,My dream is to be an actor.,
1074,最终,zuìzhōng,ultimately,我们最终找到了他。,We eventually found him.,
1075,大人,dàrén,adult,他已经是大人了。,He is already an adult.,
1076,再次,zàicì,again,请再次说明。,Please explain it again.,
1077,既然,jìrán,since; given that,既然你已经知道了，就告诉我们吧。,"Since you already know, tell us.",既然 introduces an accepted reason or fact and is commonly followed by 就.
1078,人员,rényuán,personnel; staff,这个银行的人员都很好。,The staff at this bank are all very good.,
1079,英雄,yīngxióng,hero,他是我们的英雄。,He is our hero.,
1080,坐下,zuòxià,sit down,请坐下吧。,Please sit down.,
1081,感受,gǎnshòu,to feel; feeling,我能感受到你的爱。,I can feel your love.,"Before 的, 感受 can be a noun meaning “feeling,” as in 我的感受 (“my feelings”)."
1082,副,fù,a pair/set (measure word),我有一副眼镜。,I have a pair of glasses.,"A measure word for paired or set items, especially glasses."
1083,事件,shìjiàn,event; incident,这个事件很恐怖，但是很有意思。,"This event is scary, but very interesting.",
1084,吻,wěn,to kiss; a kiss,他吻了她。,He kissed her.,"With 一个, 吻 is a noun: 一个吻 means “a kiss.”"
1085,罪,zuì,crime; guilt,警官说他有罪。,The police officer said he was guilty.,
1086,逃,táo,to escape; run away,他想逃，但是警官在这里。,"He wants to run away, but the police officer is here.",
1087,通知,tōngzhī,to notify; notice,警官通知了我们。,The police officer notified us.,"As a noun, 通知 means “notice” or “notification,” as in 一个通知 (“a notice”)."
1088,不得不,bùdébù,to have no choice but to,因为这个事，我不得不走。,"Because of this matter, I have no choice but to leave.",不得不 is followed by a verb or action.
1089,无论,wúlùn,no matter...,无论你怎么说，我都不走。,"No matter what you say, I will not leave.","Usually used with an interrogative word and 都: 无论你怎么说，我都不走 (“No matter what you say, I will not leave”)."
1090,放开,fàngkāi,to let go of; release,放开我！,Let go of me!,
1091,刀,dāo,knife,他拿着刀。,He is holding a knife.,
1092,后来,hòulái,later; afterwards,后来，他还是来了。,"Later, he still came.",
1093,愿,yuàn,to be willing to; to wish,我愿跟你一起走。,I am willing to go with you.,"Before a verb, 愿 expresses willingness and is more formal than 想."
1094,适合,shìhé,to suit; be suitable for,这个工作很适合你。,This job suits you well.,
1095,允许,yǔnxǔ,to allow; permit,他不允许我走。,He does not allow me to leave.,允许 means to grant permission; 可以 describes something that is permitted.
1096,失望,shīwàng,disappointed,我对自己很失望。,I am very disappointed in myself.,
1097,意见,yìjiàn,opinion; objection,你对这个问题有什么意见？,What is your opinion about this question?,
1098,获得,huòdé,to obtain; gain,他最终获得了钱。,He eventually obtained the money.,
1099,要是,yàoshì,if,要是你想去，我们就一起去。,"If you want to go, we'll go together.",
1100,近,jìn,near; close,我们的公寓就在这里，很近。,Our apartment is right here; it is very close.,
1101,数,shù,number; figure,这个数很大。,This number is very large.,"Also read shǔ, meaning “to count” — e.g. 数钱 “count money.”"
1102,公寓,gōngyù,apartment,我们的公寓在这个岛上。,Our apartment is on this island.,
1103,文件,wénjiàn,document; file,请把这个文件给我。,Please give me this document.,
1104,只能,zhǐnéng,can only; have no choice but to,我们没有钱，只能走了。,"We have no money, so we can only leave.",
1105,白,bái,white,这个东西是白的。,This thing is white.,
1106,寻找,xúnzhǎo,to look for; seek,我们在岛上寻找孩子。,We are looking for the child on the island.,
1107,攻击,gōngjī,to attack; attack,他用刀攻击我。,He attacked me with a knife.,
1108,烂,làn,rotten; awful,这个东西太烂了。,This thing is awful.,
1109,不然,bùrán,otherwise; or else,你快来，不然我就走了。,"Come quickly, or else I will leave.",
1110,邀请,yāoqǐng,to invite,他邀请我们一起去。,He invited us to go together.,
1111,尽管,jǐnguǎn,although; go ahead and,尽管他受伤了，仍然要去工作。,"Although he is injured, he still has to go to work.","Before a verb in an encouragement or permission context, 尽管 means “go ahead and” — e.g. 尽管说 “go ahead and say it.”"
1112,姐姐,jiějiě,older sister,我姐姐下午要来。,My older sister is coming this afternoon.,
1113,浪费,làngfèi,to waste,不要浪费时间。,Don't waste time.,
1114,多谢,duōxiè,thanks a lot,多谢你帮我。,Thanks a lot for helping me.,
1115,女朋友,nǚpéngyǒu,girlfriend,他下午要跟女朋友见面。,He is going to meet his girlfriend this afternoon.,
1116,动物,dòngwù,animal,动物也会受伤。,Animals can get hurt too.,
1117,一半,yíbàn,half,这个钱，一半给你，一半给我。,"Half of this money is for you, and half is for me.",
1118,某个,mǒugè,a certain; some,某个下午，他来找我。,"One afternoon, he came to look for me.",
1119,躲,duǒ,to hide; dodge,他看到我就躲起来了。,"As soon as he saw me, he hid.",
1120,为何,wèihé,why,你为何现在就要走？,Why do you have to leave now?,"为何 is a more formal, written-sounding way to ask 为什么."
1121,要么,yàome,either...or; otherwise,你要么现在走，要么等我。,Either leave now or wait for me.,"When presenting alternatives, 要么 is usually repeated: 要么...要么.... As a warning before a clause, it can mean “otherwise” — e.g. 快点，要么就晚了 “Hurry, otherwise we'll be late.”"
1122,逼,bī,to force,别逼我说。,Don't force me to say it.,
1123,欠,qiàn,to owe; be short of,我还欠你钱。,I still owe you money.,"Before an amount, 欠 can mean “be short of” — e.g. 还欠一点钱 “still short of a little money.”"
1124,轮,lún,wheel; round; turn,这一轮，你先说吧。,"This round, you speak first.","After a number or demonstrative, 轮 is a measure word for a round or cycle."
1125,试图,shìtú,to attempt,他试图找那个文件，但是没找到。,"He tried to find that file, but he couldn't find it.",
1126,反应,fǎnyìng,reaction; response,我告诉他，他没有反应。,"I told him, but he had no reaction.",
1127,西,xī,west,公寓在西边。,The apartment is in the west.,
1128,一边,yībiān,one side; while,他一边走，一边听。,He walks while listening.,一边……一边…… means “while doing …”; the two actions happen at the same time.
1129,听见,tīngjiàn,to hear,我听见他在叫我。,I heard him calling me.,听见 means to perceive a sound; 听 means to actively listen.
1130,舒服,shūfú,comfortable,这里很舒服。,It is very comfortable here.,
1131,失败,shībài,to fail; failure,这次交易失败了，所以我们不得不再等。,"This deal failed, so we have no choice but to wait again.",
1132,通,tōng,open; pass through; connect,这条路不通，我们只能走这边。,"This road is not passable, so we can only go this way.",
1133,有时,yǒushí,sometimes,有时我想一个人，有时我想和家人在一起。,"Sometimes I want to be alone, and sometimes I want to be with my family.",
1134,一般,yìbān,ordinary; so-so,这个演员演得一般。,This actor performs so-so.,
1135,蛋,dàn,egg,这个蛋很大。,This egg is big.,
1136,介绍,jièshào,to introduce; introduction,请介绍你自己。,Please introduce yourself.,
1137,意外,yìwài,accident; unexpected,这次受伤是个意外。,This injury was an accident.,"As a noun, it means an unexpected event or accident. Before a noun, it means “unexpected,” as in 意外的问题 “an unexpected problem.”"
1138,字,zì,character; word,这个字怎么写？,How do you write this character?,
1139,入,rù,to enter,这里只入不出。,Entrance only; no exit here.,"入 is a formal word for “enter,” common in signs and fixed expressions."
1140,责任,zérèn,responsibility; duty,这是我的责任。,This is my responsibility.,
1141,食物,shíwù,food,我想吃点食物。,I want to eat some food.,
1142,洛杉矶,luòshānjī,Los Angeles,他现在在洛杉矶工作。,He works in Los Angeles now.,
1143,遗憾,yíhàn,regret; a pity,很遗憾，你不能来。,It's a pity that you can't come.,
1144,反正,fǎnzhèng,anyway; in any case,反正我们已经到了，就进去吧。,"Anyway, we're already here, so let's go in.",
1145,杀手,shāshǒu,killer; assassin,那个杀手已经死了。,That killer is already dead.,
1146,设计,shèjì,to design,这个房子是谁设计的？,Who designed this house?,
1147,封,fēng,classifier for letters,我昨天给你写了一封信。,I wrote you a letter yesterday.,
1148,赢得,yíngdé,to win,我们最终赢得了这个比赛。,We finally won this competition.,
1149,正是,zhèngshì,exactly; precisely,你说的正是我想说的。,What you said is exactly what I wanted to say.,
1150,证人,zhèngrén,witness,那个证人看见了什么？,What did that witness see?,
1151,美丽,měilì,beautiful,这个地方很美丽。,This place is beautiful.,
1152,压力,yālì,pressure,这份工作给了我很大的压力。,This job has given me a lot of pressure.,
1153,味道,wèidào,taste; smell,这个东西的味道很奇怪。,This thing tastes strange.,
1154,淘汰,táotài,to eliminate; be eliminated,输了的人会被淘汰。,The people who lose will be eliminated.,
1155,鱼,yú,fish,我们今天吃鱼吧。,Let's eat fish today.,
1156,厉害,lìhài,impressive; awesome,他设计的东西真厉害。,The thing he designed is really impressive.,
1157,射,shè,to shoot,他用枪射那只动物。,He shot at that animal with a gun.,
1158,室,shì,room; chamber,这间室只能坐下两个人。,Only two people can sit in this room.,
1159,醉,zuì,drunk,他喝醉了，所以不得不坐下。,"He got drunk, so he had to sit down.",
1160,蠢,chǔn,stupid,你这样做太蠢了。,It is too stupid to do it this way.,
1161,未,wèi,not yet,我还未看到文件。,I have not seen the document yet.,A formal written negative used before a verb; 没(有) is more common in everyday speech.
1162,德,dé,virtue; morality,他是一个很有德的人。,He is a very virtuous person.,
1163,私人,sīrén,private; personal,这是私人文件，你不能看。,This is a private document; you cannot look at it.,
1164,某,mǒu,a certain; some,某天，他来找我了。,"One day, he came to see me.","Used before a noun for an unspecified but particular person, time, or thing; it is relatively formal."
1165,出发,chūfā,to set off; depart,我们什么时候出发？,When are we setting off?,
1166,伟大,wěidà,great,他是一个伟大的人。,He is a great person.,
1167,兴奋,xīngfèn,excited,听见这个消息后，她很兴奋。,"After hearing this news, she was very excited.",
1168,观众,guānzhòng,audience,观众都很兴奋。,The audience is very excited.,
1169,臭,chòu,smelly; stinky,这只动物很臭，别碰它。,This animal smells bad; don't touch it.,
1170,达,dá,to reach; arrive at,火车已达洛杉矶。,The train has reached Los Angeles.,A formal written verb; everyday speech more often uses 到.
1171,自从,zìcóng,since (a past time),自从他走了以后，我一直很失望。,I have been very disappointed since he left.,自从 introduces a past starting point; the main clause describes what has happened since then.
1172,钟,zhōng,clock,这个钟已经不走了。,This clock has stopped working.,
1173,子弹,zǐdàn,bullet,杀手拿着子弹。,The killer is holding a bullet.,
1174,垃圾,lājī,trash; garbage,别把垃圾放在这里。,Don't put the trash here.,
1175,叔叔,shūshū,uncle,我叔叔后来去了洛杉矶。,My uncle later went to Los Angeles.,
1176,男朋友,nánpéngyǒu,boyfriend,她的男朋友不在这里。,Her boyfriend isn't here.,
1177,疼,téng,to hurt; painful,我的头很疼。,My head hurts.,
1178,毒品,dúpǐn,drugs,他不想再用毒品了。,He doesn't want to use drugs again.,
1179,签,qiān,to sign,请在这个文件上签。,Please sign this document.,
1180,不必,bùbì,need not,你不必现在就回答我。,You don't need to answer me right now.,
1181,反对,fǎnduì,to oppose,我不反对你的意见。,I don't oppose your opinion.,
1182,颗,kē,a classifier for small round objects,我给了孩子一颗糖。,I gave the child a piece of candy.,"Use 颗 between a number and a small, round noun, such as candy."
1183,停下,tíngxià,to stop,他听见了这个声音，就停下来了。,"When he heard this sound, he stopped.",
1184,肉,ròu,meat,我不吃肉。,I don't eat meat.,
1185,测试,cèshì,test,这个测试很简单，你能做吗？,This test is very easy. Can you do it?,
1186,精彩,jīngcǎi,wonderful; brilliant,他说得很精彩。,He spoke brilliantly.,
1187,金,jīn,gold,这个东西是金的。,This thing is made of gold.,
1188,感情,gǎnqíng,feelings; relationship,她和她男朋友感情很好。,She and her boyfriend have a very good relationship.,
1189,有时候,yǒushíhòu,sometimes,有时候，我也会觉得很累。,"Sometimes, I feel very tired too.",
1190,袭击,xíjī,to attack; attack,那个动物试图袭击我，但是我躲起来了。,"That animal tried to attack me, but I hid.",
1191,演出,yǎnchū,performance; show,这个演出很好。,This performance is very good.,
1192,一生,yīshēng,one's whole life,我一生只爱过她。,She is the only person I have ever loved in my life.,
1193,不在乎,bùzàihū,not care about,我不在乎钱，但是她很在乎。,"I don't care about money, but she cares a lot.",
1194,朝,cháo,toward,他朝我走过来。,He walked toward me.,
1195,呼吸,hūxī,to breathe; breath,你先停下，呼吸一下。,Stop first and take a breath.,
1196,明星,míngxīng,star; celebrity,那个明星很厉害。,That celebrity is very impressive.,
1197,机,jī,machine,这个机不能用。,This machine can't be used.,
1198,城,chéng,city,这个城很大，但是人不多。,"This city is very big, but there aren't many people.",
1199,超级,chāojí,super; extremely,这个东西超级好。,This thing is super good.,
1200,灵魂,línghún,soul,我觉得这个人没有灵魂。,I feel that this person has no soul.,
1201,破坏,pòhuài,to destroy; damage,这些人把这里破坏了。,These people damaged this place.,
1202,只不过,zhǐbùguò,it's just that,我想去，只不过现在没有时间。,I want to go; it's just that I don't have time now.,Used after a statement to add a limiting contrast.
1203,房,fáng,room; house,这个房是他的。,This room is his.,
1204,愉快,yúkuài,happy; pleasant,今天跟你在一起，我很愉快。,I was very happy to be with you today.,
1205,爆炸,bàozhà,to explode,这个东西爆炸了。,This thing exploded.,
1206,迟到,chídào,to be late,他今天迟到了。,He was late today.,
1207,带走,dàizǒu,to take away,他把我的钱带走了。,He took my money away.,
1208,晚餐,wǎncān,dinner,晚餐好了，来吧。,"Dinner is ready, come on.",
1209,开玩笑,kāiwánxiào,to joke; be kidding,我在开玩笑，你别这样。,I'm joking; don't be like that.,
1210,角色,juésè,role; character,这个角色很像他。,This character is a lot like him.,
1211,脑子,nǎozi,brain; mind,我脑子里有个问题。,I have a question in my mind.,
1212,路上,lùshàng,on the road; on the way,我在路上，快到了。,I'm on the way; I'll be there soon.,
1213,见鬼,jiànguǐ,damn; what the hell,这是什么见鬼的事？,What the hell is this?,An exclamation of annoyance or surprise.
1214,杂志,zázhì,magazine,这个杂志很好。,This magazine is very good.,
1215,秀,xiù,show,这个秀很精彩。,This show is wonderful.,
1216,服务,fúwù,service; to serve,这里的服务很好。,The service here is very good.,"As a verb before an object, it means “to serve” — e.g. 服务客人 “serve customers.”"
1217,合适,héshì,suitable; appropriate,这个时间很合适。,This time is very suitable.,
1218,学习,xuéxí,to study; learning,我们一起学习吧。,Let's study together.,
1219,顿,dùn,a meal; a time; to pause,我请你吃一顿晚餐吧。,Let me treat you to dinner.,"After a verb, 顿 can mean “pause briefly” — e.g. 他顿了一下 “he paused for a moment.”"
1220,便,biàn,then; thus,你不想去，便别去吧。,"If you don't want to go, then don't go.",
1221,包括,bāokuò,to include,这些包括我吗？,Do these include me?,
1222,累,lèi,tired,我很累，想停下。,I'm very tired and want to stop.,
1223,汽车,qìchē,car; automobile,汽车来了。,The car is here.,
1224,时刻,shíkè,moment; at all times,这个时刻，我很兴奋。,"At this moment, I am very excited.","Before a verb, 时刻 can mean “at all times” — e.g. 时刻注意 “stay alert at all times.”"
1225,单,dān,single; list; bill,这个单是你的。,This bill is yours.,"Before a noun, 单 often means “single” — e.g. 单人 “one person.” As a noun, it can also refer to a list, form, or bill."
1226,广告,guǎnggào,advertisement; to advertise,这个广告很精彩。,This advertisement is wonderful.,"As a verb before a product or event, it means “to advertise” — e.g. 广告这个演出 “advertise this show.”"
1227,哥们,gēmen,buddy; guys,哥们，你还好吗？,"Buddy, are you okay?",Informal; it is usually used between male friends.
1228,英国,yīngguó,the United Kingdom; Britain,他从英国来。,He comes from the United Kingdom.,
1229,样,yàng,kind; type; way,你想要什么样的？,What kind do you want?,"After 什么, 样 asks about a type or kind — 什么样的 means “what kind of.”"
1230,笨蛋,bèndàn,idiot; fool,你真是个笨蛋。,You really are an idiot.,
1231,冷,lěng,cold,晚餐冷了。,Dinner has gone cold.,
1232,相当,xiāngdāng,quite; fairly; equivalent,这个工作相当累。,This job is quite tiring.,"Before an adjective or verb, it usually means “quite/fairly.” In 相当于 + noun, it means “to be equivalent to” — e.g. 这个相当于那个 “this is equivalent to that.”"
1233,投,tóu,to throw; to cast; to invest,他把球投给我了。,He threw the ball to me.,
1234,闻,wén,to smell,这鱼很臭，我都闻到了。,This fish smells so bad that I can smell it.,
1235,公平,gōngpíng,fair,这样不公平。,This isn't fair.,
1236,玩意,wányì,thing; stuff,这是什么玩意？,What is this thing?,"Colloquial; it can sound dismissive, as in this sentence."
1237,及,jí,and; as well as,这个服务包括汽车及晚餐。,This service includes a car and dinner.,"A formal, mostly written conjunction."
1238,鞋,xié,shoe(s),你的鞋在这里。,Your shoes are here.,
1239,屁,pì,fart,他放了个屁。,He farted.,"In 放屁, it can also mean “talk nonsense” rather than a literal fart — e.g. 别放屁 “stop talking nonsense.”"
1240,盯,dīng,to stare at; to keep one's eyes on,别盯着我看。,Don't stare at me.,
1241,自然,zìrán,nature; natural; naturally,他很自然地说：“好。”,"He said, “Okay,” very naturally.","As a noun, it means “nature,” as in 大自然. With 地 before a verb, it means “naturally” — e.g. 自然地说 “speak naturally.”"
1242,堆,duī,pile; heap,这里有一堆垃圾。,There is a pile of garbage here.,
1243,历史,lìshǐ,history,这个城有很长的历史。,This city has a long history.,
1244,深,shēn,deep,这里的水很深。,The water here is deep.,
1245,取,qǔ,to take; to get; to choose,他从房里取了一个东西。,He took something from the room.,"In 取名字, it means “to choose/give a name” — e.g. 给孩子取名字 “give the child a name.”"
1246,法庭,fǎtíng,court,他在法庭上说了什么？,What did he say in court?,
1247,俱乐部,jùlèbù,club,我们在俱乐部见吧。,Let's meet at the club.,
1248,通常,tōngcháng,usually,他通常不迟到。,He usually isn't late.,
1249,拯救,zhěngjiù,to save; rescue,我们得拯救他。,We have to save him.,
1250,差点,chàdiǎn,almost; nearly,我差点迟到。,I was almost late.,
1251,啤酒,píjiǔ,beer,我想要一杯啤酒。,I want a glass of beer.,
1252,咬,yǎo,to bite,别咬我！,Don't bite me!,
1253,短,duǎn,short,时间很短。,The time is short.,
1254,地球,dìqiú,the Earth,地球很大。,The Earth is big.,
1255,紧,jǐn,tight; urgent,这双鞋太紧了。,These shoes are too tight.,
1256,透,tòu,through; thoroughly,我看透他了。,I see right through him.,
1257,受害者,shòuhàizhě,victim,他是这次袭击的受害者。,He is the victim of this attack.,
1258,力,lì,strength; force; power,他用力把门打开了。,He used force to open the door.,
1259,愚蠢,yúchǔn,stupid; foolish,你这样做太愚蠢了。,It is too foolish for you to do this.,
1260,炸弹,zhàdàn,bomb,炸弹爆炸了。,The bomb exploded.,
1261,帅,shuài,handsome,他很帅，但是有时候很笨。,"He is handsome, but sometimes he is foolish.",
1262,踢,tī,to kick,别踢我，我会自己走。,Don't kick me; I can walk by myself.,
1263,联邦,liánbāng,federation,这个联邦有很多城。,This federation has many cities.,
1264,评委,píngwěi,judge; panel member,评委都觉得这个演出很精彩。,All the judges think this performance is wonderful.,
1265,客气,kèqì,polite; courteous,不必跟我客气。,You don't need to be so polite with me.,
1266,造成,zàochéng,to cause,爆炸造成了很多破坏。,The explosion caused a lot of damage.,Usually used for causing a negative result or problem.
1267,经过,jīngguò,to pass through; process,汽车从这里经过。,A car passes through here.,
1268,周末,zhōumò,weekend,周末我们一起去看演出吧。,Let's go see a performance together this weekend.,
1269,星,xīng,star,天上有很多星。,There are many stars in the sky.,
1270,信号,xìnhào,signal,看到信号以后，我们就开始吧。,"After we see the signal, let's begin.",
1271,跟踪,gēnzōng,to follow; track,他在跟踪那个受害者。,He is following that victim.,
1272,推,tuī,to push,别推我，我会自己走。,Don't push me; I can walk by myself.,
1273,喝酒,hējiǔ,to drink alcohol,他有时候跟哥们喝酒。,He sometimes drinks with his buddies.,
1274,关键,guānjiàn,key; crucial,时间是关键。,Time is the key.,
1275,下次,xiàcì,next time,下次别迟到。,Don't be late next time.,
1276,充满,chōngmǎn,be full of,城里充满了人。,The city is full of people.,
1277,断,duàn,break; cut off,这根线断了。,This wire broke.,
1278,其它,qítā,other; else,其它的事，你别再说了。,Don't talk about the other things anymore.,其它 is a variant of 其他 and is most often used for things.
1279,再说,zàishuō,talk about it later; besides,我们明天再说吧。,Let's talk about it tomorrow.,"After a future time, 再说 means “talk about it later,” as in 明天再说. At the start of an added reason, it means “besides” — e.g. 再说，我们都累了 “Besides, we are all tired.”"
1280,空,kōng,empty,这个房间是空的。,This room is empty.,"Also read kòng, meaning “free; available” — e.g. 我现在有空 “I am free now.”"
1281,抱,bào,to hold; hug,孩子抱着她。,The child is holding her.,
1282,究竟,jiūjìng,exactly; after all,你究竟想要什么？,What exactly do you want?,"In questions, 究竟 adds emphasis, like “exactly” or “on earth” — e.g. 你究竟要什么？ “What exactly do you want?”"
1283,美好,měihǎo,beautiful; wonderful,这是我一生中最美好的时候。,This is the best time of my life.,
1284,班,bān,class; work shift,我和他在一个班。,He and I are in the same class.,"With 上 or 下 before it, 班 can refer to a work shift — e.g. 上班 “go to work.”"
1285,架,jià,classifier for aircraft; rack,天上有一架飞机。,There is an airplane in the sky.,
1286,圣,shèng,holy; sacred,这是一座圣城。,This is a holy city.,
1287,恐怕,kǒngpà,I'm afraid; probably,我恐怕不能去，因为还要工作。,"I'm afraid I can't go, because I still have work to do.","Before a negative or unwanted statement, 恐怕 often means “I’m afraid.” Before a neutral prediction, it means “probably” — e.g. 他恐怕会来 “He’ll probably come.”"
1288,准,zhǔn,accurate; to allow,你准我去吗？,Will you let me go?,"Before a person and a verb, 准 means “allow” — e.g. 你准他去吗？ “Will you let him go?”"
1289,抢,qiǎng,to snatch; rob,他把钱抢走了。,He snatched the money away.,
1290,课,kè,class; lesson; course,我们现在有课。,We have class now.,
1291,习惯,xíguàn,habit; be used to,我习惯喝啤酒。,I am used to drinking beer.,"As a noun, a 习惯 is a habit. Before a noun or verb phrase, it means ""be used to."""
1292,现实,xiànshí,reality; real-world,现实和我想的不一样。,Reality is not the same as what I imagined.,
1293,做出,zuòchū,make; produce,你要做出一个决定。,You need to make a decision.,
1294,上班,shàngbān,go to work; be at work,我现在要去上班了。,I need to go to work now.,"去上班 means ""go to work,"" while 在上班 means ""be at work."""
1295,躺,tǎng,lie down,他很累，躺在床上。,He is very tired and is lying on the bed.,
1296,越来越,yuèláiyuè,more and more,天越来越冷了。,The weather is getting colder and colder.,Used before an adjective or verb to show a continuing change.
1297,山,shān,mountain,山上有很多人。,There are a lot of people on the mountain.,
1298,名单,míngdān,list of names,他不在名单上。,He is not on the list.,
1299,不幸,bùxìng,unfortunate; sadly,很不幸，他没来。,"Unfortunately, he did not come.",
1300,恢复,huīfù,recover; restore,他已经恢复了。,He has already recovered.,
1301,确认,quèrèn,confirm,请确认你们都在。,Please confirm that you are all here.,
1302,聚会,jùhuì,gathering; get together,周末我们有个聚会。,We have a gathering this weekend.,"有个聚会 uses it as a noun, ""a gathering."" It can also be a verb: 我们周末聚会, ""we get together on the weekend."""
1303,怀孕,huáiyùn,be pregnant,她怀孕了，但是还在工作。,"She is pregnant, but she is still working.",
1304,公园,gōngyuán,park,我们在公园里走走吧。,Let's take a walk in the park.,
1305,绑架,bǎngjià,kidnap,他被人绑架了。,He was kidnapped.,
1306,部落,bùluò,tribe,山里有一个部落。,There is a tribe in the mountains.,
1307,肯,kěn,willing to,他不肯走。,He is unwilling to leave.,
1308,资料,zīliào,materials; information,把资料给我。,Give me the materials.,
1309,干净,gānjìng,clean,这个地方很干净。,This place is clean.,
1310,婚姻,hūnyīn,marriage,他们的婚姻出了问题。,Their marriage has run into problems.,
1311,痛,tòng,painful; to hurt,我的脑袋很痛。,My head hurts.,
1312,亲,qīn,dear; close; to kiss; relative,她是我最亲的人。,She is the person closest to me.,"Before a noun, 亲 can mean “dear” or “close”; as a verb with a person as its object, it means “to kiss” — e.g. 亲她 “kiss her.”"
1313,教堂,jiàotáng,church,我们在教堂里见。,We'll meet at the church.,
1314,皮,pí,skin; peel; leather,这双鞋的皮很好。,The leather on these shoes is very good.,
1315,鸟,niǎo,bird,那只鸟在天上。,That bird is in the sky.,
1316,爽,shuǎng,refreshing; great,喝点啤酒，真爽。,Having some beer feels great.,
1317,健康,jiànkāng,healthy; health,他很健康。,He is healthy.,
1318,客户,kèhù,client; customer,客户已经来了。,The client has already arrived.,
1319,圈,quān,circle; loop,这个圈很大。,This circle is big.,"Also read juàn, meaning “pen/enclosure for animals.”"
1320,脑袋,nǎodài,head,我的脑袋很痛。,My head hurts.,
1321,不够,bùgòu,not enough,钱不够，我们下次再去吧。,We don't have enough money; let's go next time.,
1322,嘘,xū,shh,嘘，别说话，他们在听。,"Shh, don't talk—they're listening.",
1323,前面,qiánmiàn,ahead; in front,前面有山。,There is a mountain ahead.,
1324,分手,fēnshǒu,to break up,她想分手，但是他不肯。,"She wants to break up, but he is unwilling.",
1325,方向,fāngxiàng,direction,你走错方向了。,You're going in the wrong direction.,
1326,心理,xīnlǐ,psychology; mental state,这个孩子的心理很健康。,This child's mental state is healthy.,
1327,幸福,xìngfú,happy; happiness,他们的婚姻很幸福。,Their marriage is happy.,
1328,树,shù,tree,公园里有很多树。,There are many trees in the park.,
1329,救命,jiùmìng,Help!; save a life,救命！有炸弹！,Help! There's a bomb!,
1330,接着,jiēzhe,then; continue,他先喝酒，接着就走了。,"He drank first, then left.","Before another verb, 接着 can mean “continue” — e.g. 接着说 “continue speaking.”"
1331,项,xiàng,measure word for items or projects,这项工作很关键。,This piece of work is crucial.,"Used before a noun to count individual items, projects, or entries."
1332,疯子,fēngzi,crazy person,别跟那个疯子说话。,Don't talk to that crazy person.,
1333,赛,sài,match; competition,这场赛很关键。,This match is crucial.,
1334,将军,jiāngjūn,general,将军说：“你们先走。”,"The general said, “You go first.”",
1335,技术,jìshù,technology; skill,这个技术可以拯救很多人。,This technology can save many people.,"With a person as the possessor, it often means skill — e.g. 他的技术很好 “his skill is very good.”"
1336,吃饭,chīfàn,eat a meal,我们吃饭，然后去公园吧。,"Let's eat, then go to the park.",
1337,传,chuán,pass on; transmit,你把这个传给他们吧。,Pass this on to them.,"Also read zhuàn, meaning “biography” or “account” — e.g. 自传 “autobiography.”"
1338,困难,kùnnán,difficult,这个问题很困难，但是我们可以问他。,"This problem is difficult, but we can ask him.",
1339,不许,bùxǔ,must not; not allowed,这里不许喝酒。,You must not drink alcohol here.,
1340,某种,mǒuzhǒng,a certain kind of,某种习惯会造成问题。,A certain kind of habit can cause problems.,
1341,记忆,jìyì,memory; to remember,我的记忆不太好。,My memory is not very good.,"Before an object, it can be a verb meaning “to remember” — e.g. 记忆这些话 “remember these words.”"
1342,乐队,yuèduì,band,我喜欢那个乐队。,I like that band.,
1343,紧急,jǐnjí,urgent,这是紧急的事，你现在就去吧。,This is urgent; go now.,
1344,高中,gāozhōng,high school,我在高中的时候，很喜欢他。,"When I was in high school, I liked him a lot.",
1345,听听,tīngtīng,have a listen,你听听，这是什么？,Listen—what is this?,Verb reduplication makes the action sound brief or casual: 听听 means “have a listen.”
1346,正好,zhènghǎo,just right; just in time,你来了正好，我们一起吃饭吧。,You came at just the right time; let's eat together.,"Before a number or quantity, 正好 means “exactly” — e.g. 正好一个 “exactly one.”"
1347,州,zhōu,state; province,他在那个州工作。,He works in that state.,
1348,毫无,háowú,not any at all,这里毫无信号。,There is no signal here at all.,
1349,提醒,tíxǐng,remind,请提醒我下次带钱。,Please remind me to bring money next time.,
1350,旅行,lǚxíng,travel; trip,我们下次一起去旅行吧。,Let's travel together next time.,"After 去, 旅行 is a verb meaning “to travel”; with a possessive, it can be a noun — e.g. 我的旅行 “my trip.”"
1351,惊喜,jīngxǐ,pleasant surprise,这个消息真是一个惊喜。,This news really is a pleasant surprise.,
1352,拿走,názǒu,take away,他把我的钱拿走了。,He took my money away.,
1353,接近,jiējìn,approach; get close to,别接近那个疯子。,Don't go near that crazy person.,
1354,逮捕,dàibǔ,arrest,警察把他逮捕了。,The police arrested him.,
1355,吵,chǎo,argue; make noise,他们又吵起来了。,They started arguing again.,
1356,旁边,pángbiān,beside; next to,我坐在你旁边。,I am sitting next to you.,
1357,激动,jīdòng,excited,听到这个消息，他很激动。,He was very excited when he heard the news.,
1358,骄傲,jiāoào,proud,他的孩子很好，他很骄傲。,"His child is very good, and he is very proud.",
1359,而是,érshì,but rather,这不是我的，而是他的。,"This isn't mine, but rather his.",
1360,利,lì,benefit; advantage,这样做对我们有利。,Doing it this way is beneficial to us.,
1361,牌,pái,card,这张牌是我的。,This card is mine.,
1362,八,bā,eight,我们八点见吧。,Let's meet at eight.,
1363,成员,chéngyuán,member,我们都是这个乐队的成员。,We are all members of this band.,
1364,监视,jiānshì,monitor; keep under surveillance,他们在监视我。,They are watching me.,
1365,女性,nǚxìng,women; female,这个班里的女性很多。,There are many women in this class.,
1366,权利,quánlì,right; entitlement,每个人都有说话的权利。,Everyone has the right to speak.,权利 is a right someone is entitled to; 权力 means power or authority.
1367,说谎,shuōhuǎng,to lie,你为什么对我说谎？,Why did you lie to me?,
1368,圣诞,shèngdàn,Christmas,圣诞快到了，我们一起去买东西吧。,Christmas is coming soon; let's go buy things together.,
1369,黑人,hēirén,Black person,那个黑人是我的朋友。,That Black person is my friend.,
1370,警方,jǐngfāng,the police,警方已经找到他了。,The police have already found him.,
1371,法国,fǎguó,France,我想去法国旅行。,I want to travel to France.,
1372,毛,máo,hair; fur,猫的身上有很多毛。,The cat has a lot of fur.,
1373,错过,cuòguò,to miss; to miss out on,我们快走吧，别错过火车。,"Let's hurry, or we'll miss the train.",
1374,警告,jǐnggào,to warn; warning,他警告我别去那里。,He warned me not to go there.,"As a noun, it means “warning” — e.g. 这是一个警告 “this is a warning.”"
1375,老天,lǎotiān,God; heavens,老天，别让他走！,"Oh God, don't let him go!",
1376,吉,jí,auspicious; lucky,这个名字有吉的意思。,This name has an auspicious meaning.,
1377,惹,rě,to provoke; to annoy,你别惹他，他现在很生气。,Don't provoke him; he's very angry right now.,
1378,酒店,jiǔdiàn,hotel,我们住在这家酒店。,We are staying at this hotel.,
1379,抽,chōu,to pull out; to smoke; to draw lots,他从包里抽出一张照片。,He pulled a photograph out of his bag.,"With 烟, 抽 means “to smoke” — e.g. 他不抽烟 “he doesn't smoke.” In 抽签, it means to draw lots."
1380,之类,zhīlèi,and things like that,我喜欢电影、音乐之类的东西。,I like things such as movies and music.,
1381,王,wáng,king; Wang (a surname),他想当王。,He wants to be king.,
1382,冠军,guànjūn,champion,他们想当冠军。,They want to be champions.,
1383,尝试,chángshì,to try; attempt,如果你想做，就尝试吧。,"If you want to do it, give it a try.",
1384,教练,jiàoliàn,coach; to coach,教练让我们再做一次。,The coach had us do it one more time.,
1385,常,cháng,often; common,他常来这里。,He often comes here.,
1386,对方,duìfāng,the other person; the other side,我们不知道对方想什么。,We don't know what the other person wants.,
1387,随时,suíshí,any time,你随时可以来找我。,You can come find me anytime.,
1388,弹,dàn,bullet,这把枪没有弹了。,This gun is out of bullets.,"Also read tán, meaning “to play/pluck” or “to spring.”"
1389,敌人,dírén,enemy,敌人已经来了，我们快走。,The enemy has already arrived; let's leave quickly.,
1390,搭档,dādàng,partner,他是我的搭档，我们一起工作。,He is my partner; we work together.,
1391,从未,cóngwèi,have never,我从未见过他。,I have never seen him.,
1392,帐,zhàng,bill; account,吃饭以后，这个帐给我吧。,"After we eat, let me pay this bill.",
1393,谈话,tánhuà,to talk; conversation,他们在谈话，我们别过去。,They are talking; let's not go over there.,
1394,度,dù,degree; occasion,今天三十度，太热了。,It's thirty degrees today—too hot.,
1395,背,bèi,back; to memorize,他的背很痛。,His back hurts a lot.,"Before something to be learned, 背 can mean “to memorize” — e.g. 背这些话 “memorize these words.” Also read bēi, meaning “to carry on one’s back.”"
1396,节,jié,section; festival; joint; classifier for segments,这一节很长。,This section is very long.,
1397,排,pái,to arrange; row; line,请把这些牌排好。,Please arrange these cards properly.,
1398,约翰,yuēhàn,John,约翰在这里吗？,Is John here?,
1399,许多,xǔduō,many; a lot of,许多人都喜欢这个乐队。,Many people like this band.,
1400,人物,rénwù,person; character,这个人物是个将军。,This character is a general.,
1401,头儿,tóuer,boss; chief,头儿让我们现在去。,The boss wants us to go now.,
1402,叫做,jiàozuò,to be called; to be named,这叫做什么？,What is this called?,
1403,猪,zhū,pig,这只猪很大。,This pig is big.,
1404,感激,gǎnjī,grateful; to appreciate,我很感激你。,I’m very grateful to you.,
1405,随,suí,to follow; along with,请随我来。,Please follow me.,
1406,中国,zhōngguó,China,我想去中国旅行。,I want to travel to China.,
1407,牛,niú,cow; awesome,那只牛很大。,That cow is very big.,
1408,瓶,píng,bottle; classifier for bottles,给我一瓶水。,Give me a bottle of water.,
1409,蛋糕,dàngāo,cake,这个蛋糕很好。,This cake is good.,
1410,吸,xī,to inhale; to suck; to absorb,别吸这个！,Don’t breathe this in!,
1411,顺利,shùnlì,smoothly; successfully,我们的旅行很顺利。,Our trip went very smoothly.,
1412,死者,sǐzhě,the deceased,警方找到死者了。,The police found the deceased.,
1413,傻瓜,shǎguā,fool; idiot,你这个傻瓜！,You fool!,
1414,英里,yīnglǐ,mile,从这里到酒店有八英里。,It is eight miles from here to the hotel.,
1415,嫁,jià,to marry (of a woman),她要嫁给约翰。,She wants to marry John.,嫁 is used when a woman marries someone.
1416,挑战,tiǎozhàn,challenge,教练说，这次比赛是个挑战。,The coach said this competition is a challenge.,
1417,死去,sǐqù,to die; pass away,他已经死去了。,He has already died.,
1418,上去,shàngqù,go up; upward (away from the speaker),你上去吧，我在这里等你。,Go up; I'll wait for you here.,"After another verb, 上去 shows movement upward or away from the speaker — e.g. 拿上去 “take it up.”"
1419,七,qī,seven,我们有七个人。,There are seven of us.,
1420,职业,zhíyè,profession; occupation,教练是他的职业。,Coaching is his profession.,
1421,菜,cài,dish; vegetable,这是什么菜？,What dish is this?,
1422,改,gǎi,to change; alter,你可以改这个地址。,You can change this address.,
1423,地址,dìzhǐ,address,请给我你的地址。,Please give me your address.,
1424,意,yì,meaning; intention,这正合我意。,This is exactly what I wanted.,"After 合, 意 means “wish/intention” — e.g. 合我意 “suit my wishes.”"
1425,赚,zhuàn,to earn; make (money),他想赚很多钱。,He wants to make a lot of money.,
1426,不少,bùshǎo,quite a few; a lot of,我们还有不少时间。,We still have quite a lot of time.,
1427,地狱,dìyù,hell,这里像地狱。,This place is like hell.,
1428,于是,yúshì,so; as a result,他没来，于是我们走了。,"He didn't come, so we left.",
1429,自我,zìwǒ,self; ego,他的自我太大了。,His ego is too big.,
1430,非,fēi,not; non-,这并非好事。,This is not a good thing.,"非 is a formal, written-style way to say “not,” as in 并非好事 “is not a good thing.”"
1431,对付,duìfù,to deal with; handle,我们能对付他们。,We can handle them.,
1432,好事,hǎoshì,good thing,这不是好事。,This is not a good thing.,
1433,唔,wú,um; hmm,唔，我不知道。,"Um, I don't know.",
1434,元,yuán,yuan,这个蛋糕八元。,This cake is eight yuan.,
1435,祈祷,qídǎo,to pray,我们为他祈祷。,We are praying for him.,
1436,编,biān,to weave; compile; make up,他在编故事。,He is making up a story.,"Before something invented, 编 means “make up,” as in 编故事 “make up a story.”"
1437,收拾,shōushí,to tidy up; pack; deal with,你先收拾东西，然后我们走。,"Pack up your things first, then we'll go.",
1438,客人,kèrén,guest,客人来了，请他坐吧。,The guest is here; please have him sit down.,
1439,状态,zhuàngtài,state; condition,他现在状态很好。,He is in very good condition now.,
1440,战,zhàn,battle; war,我们不能打这场战。,We can't fight this battle.,
1441,亚,yà,Asia (abbreviation),“亚”是“亚洲”的简称。,“亚” is the abbreviation for “Asia.”,
1442,周围,zhōuwéi,surroundings; around,酒店周围有许多客人。,There are many guests around the hotel.,
1443,报道,bàodào,report; cover,报道说，警方已经到了。,The report says that the police have arrived.,
1444,戏,xì,play; drama,我们去看戏吧。,Let's go see a play.,
1445,参与,cānyù,participate in,我们都想参与这个工作。,We all want to participate in this work.,
1446,运动,yùndòng,sports; exercise; movement,我们一起做运动吧。,Let's exercise together.,
1447,彼此,bǐcǐ,each other,我们彼此有话要说。,We have things to say to each other.,
1448,荣幸,róngxìng,honor; privilege,能见到你，我很荣幸。,It is an honor to meet you.,
1449,会议,huìyì,meeting; conference,会议现在开始。,The meeting is starting now.,
1450,到达,dàodá,arrive; reach,他们已经到达酒店了。,They have already arrived at the hotel.,
1451,爬,pá,climb,孩子爬上去了。,The child climbed up.,
1452,赌,dǔ,gamble; bet,别赌钱。,Don't gamble money.,
1453,显示,xiǎnshì,display; show,这个牌显示了什么？,What does this sign show?,
1454,队伍,duìwǔ,team; line of people,队伍已经到了。,The team has already arrived.,
1455,立刻,lìkè,immediately; at once,请立刻回来。,Please come back immediately.,
1456,绝不,juébù,absolutely not; never,我绝不让你一个人去。,I will absolutely not let you go alone.,
1457,舞台,wǔtái,stage,她在舞台上唱歌，我们都在看。,"She is singing on the stage, and we are all watching.",
1458,吐,tǔ,to vomit,他吐了。,He threw up.,"Also read tù, meaning “to spit out.”"
1459,奶奶,nǎinǎi,paternal grandmother; grandma,奶奶给我做了蛋糕。,Grandma made me a cake.,
1460,配,pèi,to match; to suit,这两个人很配。,These two people are a great match.,
1461,取消,qǔxiāo,to cancel,会议取消了。,The meeting was canceled.,
1462,离婚,líhūn,to divorce,他们已经离婚了。,They have already gotten divorced.,
1463,等待,děngdài,to wait,请在这里等待，我很快回来。,Please wait here; I will be back soon.,等待 is more formal than 等.
1464,爱情,àiqíng,love; romance,我相信爱情。,I believe in love.,
1465,尽力,jìnlì,to do one's best,我会尽力帮你。,I will do my best to help you.,
1466,十分,shífēn,very; extremely,我十分感激你。,I am very grateful to you.,"Before an adjective or verb, 十分 works as a degree adverb meaning “very,” not literally “ten parts.”"
1467,尊重,zūnzhòng,to respect,我们应该尊重彼此。,We should respect each other.,
1468,教授,jiàoshòu,professor; to teach,教授在会议上说了很多。,The professor said a lot at the meeting.,"As a verb, 教授 + subject means “to teach [a subject]” — e.g. 他教授中文 “he teaches Chinese.”"
1469,去年,qùnián,last year,我去年去了中国。,I went to China last year.,
1470,语,yǔ,language,这种语现在已经没有人说了。,No one speaks this language anymore.,"语 is a formal or abbreviated word for a language; in everyday speech, 语言 is more common."
1471,超过,chāoguò,to exceed; more than,这个队伍有超过七个人。,This team has more than seven people.,"Before a number, 超过 means “more than”; with an object, it means “to exceed” — e.g. 超过对方 “exceed the other side.”"
1472,丝,sī,silk; thread; a trace,这根丝很长。,This thread is very long.,"With abstract nouns, 一丝 often means “a trace of” — e.g. 一丝爱 “a trace of love.”"
1473,开车,kāichē,to drive,我们开车去中国。,We are driving to China.,
1474,仍,réng,still,他现在仍在工作。,He is still working now.,"仍 is a more formal, written-style way to say “still”; 还 is more common in speech."
1475,寄,jì,to mail; to send,请把这个寄给他。,Please mail this to him.,
1476,器,qì,utensil; device,请把这个器拿来。,Please bring this utensil over.,
1477,聊,liáo,to chat,我们聊了很久。,We chatted for a long time.,
1478,指纹,zhǐwén,fingerprint,他的指纹在这个瓶上。,His fingerprint is on this bottle.,
1479,庆祝,qìngzhù,to celebrate,我们一起庆祝吧。,Let's celebrate together.,
1480,住手,zhùshǒu,stop!; hands off!,住手，别打他！,Stop! Don't hit him!,
1481,娘,niáng,mom,我想我娘了。,I miss my mom.,娘 is an informal or regional word for “mother.”
1482,偶像,ǒuxiàng,idol; role model,她是许多孩子的偶像。,She is the idol of many children.,
1483,同志,tóngzhì,comrade; gay person,他们是同志，一起对付敌人。,"They are comrades, fighting the enemy together.","In political or group contexts, 同志 means “comrade” — e.g. 同志们 “comrades.” In some modern contexts, it can also refer to a gay person."
1484,裤子,kùzi,pants,这条裤子太小了。,These pants are too small.,
1485,军队,jūnduì,army,敌人的军队已经到达了。,The enemy's army has already arrived.,
1486,假装,jiǎzhuāng,to pretend,他假装不知道。,He pretends not to know.,
1487,想起,xiǎngqǐ,to remember; recall,我想起去年见过他。,I remembered seeing him last year.,
1488,侦探,zhēntàn,detective,那个侦探在找死者。,That detective is looking for the deceased person.,
1489,狂,kuáng,arrogant; wild,他太狂了。,He is too arrogant.,
1490,拖,tuō,to drag; delay,别拖了，我们现在就走吧。,Don't delay; let's leave now.,
1491,实验室,shíyànshì,laboratory,教授在实验室里工作。,The professor works in the laboratory.,
1492,顺便,shùnbiàn,while you're at it,你去的时候，顺便给我带个蛋糕吧。,"While you're going, bring me a cake too.",
1493,吹,chuī,to blow; brag,他在吹气球。,He is blowing up a balloon.,
1494,害,hài,to harm,这个东西会害人。,This thing can harm people.,
1495,或是,huòshì,or,你可以自己做，或是让他帮你。,"You can do it yourself, or have him help you.",
1496,修,xiū,to repair,这个东西你能修吗？,Can you repair this thing?,
1497,在乎,zàihū,to care about; mind,我不在乎钱。,I don't care about money.,
1498,无聊,wúliáo,boring; bored,这个戏很无聊。,This show is very boring.,
1499,状况,zhuàngkuàng,situation; condition,现在的状况怎么样？,How are things now?,
1500,目的,mùdì,purpose; goal,你来这里的目的是什么？,What is your purpose in coming here?,
1501,恶魔,èmó,demon,这个恶魔要做什么？,What is this demon going to do?,
1502,确保,quèbǎo,to ensure,请确保他们都到了。,Please make sure they have all arrived.,
1503,心脏,xīnzàng,heart,运动的时候，我的心脏跳得很快。,"When I exercise, my heart beats very fast.",
1504,似的,shìde,like; as if,他像孩子似的。,He is like a child.,"Placed after a noun or phrase, 似的 means “like/as if”; it often follows 像, as in 像孩子似的 “like a child.”"
1505,舞会,wǔhuì,dance,她想去舞会，但是没有时间。,"She wants to go to the dance, but she does not have time.",
1506,急,jí,anxious; urgent,你别急，我们还有时间。,Don't worry; we still have time.,
1507,风,fēng,wind,风太大了，我们别走。,The wind is too strong; let's not go.,
1508,耍,shuǎ,to fool around; to play tricks,别耍了，我们走吧。,Stop fooling around; let's go.,
1509,罗,luó,Luo (a surname),他叫罗先生。,His name is Mr. Luo.,
1510,家族,jiāzú,family; clan,这个家族很有钱。,This family is very wealthy.,
1511,慢慢,mànmàn,slowly; gradually,你慢慢说，我在听。,Speak slowly; I'm listening.,
1512,低,dī,low,这个桌子太低了。,This table is too low.,
1513,剩,shèng,to remain; to be left,钱只剩一点了。,There is only a little money left.,
1514,战斗,zhàndòu,battle; to fight,战斗开始了，我们快走。,The battle has started; let's leave quickly.,
1515,饭,fàn,meal; rice,我们先吃饭，然后再走。,"Let's eat first, then leave.",
1516,脑,nǎo,brain; mind,脑是身体的一部分。,The brain is part of the body.,
1517,复杂,fùzá,complex; complicated,这件事很复杂，我们慢慢说。,This matter is complicated; let's talk about it slowly.,
1518,社会,shèhuì,society,社会上有很多好人。,There are many good people in society.,
1519,烦,fán,annoyed; to bother,别烦我，我在工作。,Don't bother me; I'm working.,"Before an object, 烦 means “to bother,” as in 别烦我. Without an object, 我很烦 means “I’m annoyed.”"
1520,故意,gùyì,on purpose,他是故意这么做的。,He did this on purpose.,
1521,邻居,línjū,neighbor,我想请邻居来家里坐坐。,I want to invite the neighbor over to sit and chat.,
1522,今年,jīnnián,this year,今年我哥要结婚了。,My older brother is getting married this year.,
1523,调,diào,tone; tune; to transfer,这个调很好听，我想再听一次。,This tune sounds nice; I want to hear it again.,"Also read tiáo, meaning “to adjust” or “to mix.” As a verb before a work or place object, 调 can mean “to transfer,” as in 调工作 “transfer jobs.”"
1524,心里,xīnlǐ,in one's mind; in one's heart,你心里在想什么？,What are you thinking about?,
1525,展示,zhǎnshì,to display; to show,请展示你的指纹。,Please show your fingerprints.,
1526,意大利,yìdàlì,Italy,我去年在意大利工作。,I worked in Italy last year.,
1527,起诉,qǐsù,to sue; to prosecute,她要起诉他，因为他拿了她的钱。,She is going to sue him because he took her money.,
1528,哥,gē,older brother,我哥开车来接我。,My older brother is driving over to pick me up.,
1529,好人,hǎorén,good person,他是个好人，大家都喜欢他。,"He is a good person, and everyone likes him.",
1530,国王,guówáng,king,国王让大家坐下。,The king told everyone to sit down.,
1531,长大,zhǎngdà,grow up,孩子长大了以后，想做什么都可以。,"After children grow up, they can do whatever they want.",
1532,类,lèi,type; kind,这类问题很复杂。,This kind of problem is very complicated.,
1533,交给,jiāogěi,hand over; give to,请把这个交给他。,Please give this to him.,
1534,瑞,ruì,auspicious,这个字叫瑞，意思是好。,This character is called 瑞; it means something good.,
1535,尿,niào,urine; pee,孩子要尿了。,The child needs to pee.,"As a noun, 尿 means “urine”; in 要尿了, it means “to pee.”"
1536,屎,shǐ,poop; feces,裤子上有屎。,There is poop on the pants.,
1537,陪审团,péishěntuán,jury,陪审团觉得他没有错。,The jury thinks he is not guilty.,
1538,项目,xiàngmù,project,这个项目的目的是什么？,What is the purpose of this project?,
1539,集中,jízhōng,concentrate; focus,开会的时候，请集中精神。,Please concentrate during the meeting.,
1540,实话,shíhuà,the truth,请告诉我实话。,Please tell me the truth.,
1541,表情,biǎoqíng,facial expression,她的表情不太好。,Her expression does not look very good.,
1542,冒险,màoxiǎn,take a risk; adventure,我不想冒险，所以没有去。,"I did not want to take a risk, so I did not go.",
1543,好处,hǎochù,benefit,运动对身体有很多好处。,Exercise has many benefits for the body.,
1544,格,gé,square; grid cell,这张纸上有十个格。,There are ten squares on this sheet of paper.,
1545,左,zuǒ,left,他在我的左边。,He is on my left.,
1546,海,hǎi,sea,海很大。,The sea is big.,
1547,吸血鬼,xīxuèguǐ,vampire,那个吸血鬼在这里。,That vampire is here.,
1548,胜利,shènglì,victory; to win,这是我们的胜利。,This is our victory.,
1549,竟然,jìngrán,unexpectedly,他竟然不知道。,He unexpectedly doesn't know.,
1550,普通,pǔtōng,ordinary; normal,这个很普通。,This is very ordinary.,
1551,官,guān,official,那个官来了。,That official has come.,
1552,直,zhí,straight,这条路很直。,This road is very straight.,
1553,表示,biǎoshì,to express; indicate,他表示他会来。,He stated that he would come.,
1554,印象,yìnxiàng,impression,我对他印象很好。,I have a very good impression of him.,
1555,出生,chūshēng,to be born; birth,我是在中国出生的。,I was born in China.,
1556,进展,jìnzhǎn,progress,这个项目进展很好。,This project is making very good progress.,
1557,估计,gūjì,to estimate; guess,我估计他会来。,I guess he will come.,
1558,乐,lè,happy; delighted,这事让他乐了。,This made him happy.,"Also read yuè, meaning “music.”"
1559,地点,dìdiǎn,location,我们在这个地点见吧。,Let's meet at this location.,
1560,经理,jīnglǐ,manager,经理已经来了。,The manager has already arrived.,
1561,轻松,qīngsōng,easy; relaxed,这个工作不复杂，所以很轻松。,"This job is not complicated, so it is easy.",
1562,乐意,lèyì,willing; happy to,如果你需要，我很乐意帮你。,"If you need help, I’d be happy to help you.",
1563,作用,zuòyòng,function; effect,这个东西的作用很大，但是我不知道怎么用。,"This thing has a big effect, but I don’t know how to use it.",
1564,右,yòu,right; right-hand side,右边那个是我哥，但是左边那个不是。,"The one on the right is my older brother, but the one on the left is not.",
1565,举,jǔ,raise; lift up,请把这个举起来，让我们看看。,Please lift this up and let us take a look.,
1566,安,ān,at ease; safe; install,这下我心里安了，因为你已经回来了。,"Now I’m at ease, because you have already come back.","Before an object or place, 安 can mean “install” — e.g. 把这个安在这里 “install this here.”"
1567,期待,qīdài,look forward to; expect,虽然今年工作很多，但是我们都期待舞会。,"Although we have a lot of work this year, we are all looking forward to the dance.",
1568,师,shī,teacher; master; military division,他想拜师，但是不知道找谁。,"He wants to take on a master, but he does not know whom to look for.","In 拜师, 师 is the person one takes as a master."
1569,小伙子,xiǎohuǒzi,young man,那个小伙子看起来很像我哥。,That young man looks a lot like my older brother.,
1570,保险,bǎoxiǎn,insurance; safe/reliable,虽然这个保险很好，但是我没有钱。,"Although this insurance is good, I do not have money.","When used as a predicate, often with 很 or 更, 保险 means “safe” or “reliable” — e.g. 这样更保险 “this is safer.”"
1571,天使,tiānshǐ,angel,她像天使似的，所以大家都喜欢她。,"She is like an angel, so everyone likes her.",
1572,落,luò,fall; drop; land,风把这个吹落了。,The wind blew this down.,"Also read là, meaning “to leave behind” — e.g. 我把东西落下了 “I left something behind.”"
1573,难以置信,nányǐzhìxìn,hard to believe,他竟然是国王，真难以置信。,He is actually the king—it is really hard to believe.,
1574,录,lù,record; write down,请把这些话录下来，然后交给我。,"Please record these words, then give them to me.",
1575,单独,dāndú,alone; separately,如果你去，别单独去。,"If you go, do not go alone.",
1576,反,fǎn,opposite; reversed,你把左和右说反了。,You mixed up left and right.,
1577,队长,duìzhǎng,team captain,队长让我们开始。,The team captain told us to start.,
1578,著名,zhùmíng,famous,他很著名。,He is famous.,
1579,理,lǐ,reason; to manage or pay attention to,这个理，我知道。,I understand this reasoning.,"Before a person or object, 理 can mean “pay attention to” or “deal with” — e.g. 他不理我 (“he ignores me”). With things such as hair, it can mean “tidy/manage” — e.g. 理头发 (“fix one’s hair”)."
1580,日本,rìběn,Japan,他今年去日本。,He is going to Japan this year.,
1581,专家,zhuānjiā,expert,他是这个问题的专家。,He is an expert on this issue.,
1582,为止,wéizhǐ,until,我们在这里等到他来为止。,We will wait here until he comes.,
1583,具,jù,classifier for corpses,这里有一具尸体。,There is a corpse here.,Used before a noun as a measure word for a corpse.
1584,墨西哥,mòxīgē,Mexico,他从墨西哥来。,He comes from Mexico.,
1585,旅馆,lǚguǎn,hotel,我们在旅馆里。,We are in the hotel.,
1586,邪恶,xiéè,evil,恶魔很邪恶。,The demon is very evil.,
1587,赶快,gǎnkuài,hurry; quickly,赶快走吧。,Hurry up and go.,
1588,不知,bùzhī,not know,不知为什么，他没来。,"For some reason, he did not come.",A more formal or literary shortening of 不知道.
1589,更加,gèngjiā,even more,这个问题更加复杂了。,This problem has become even more complicated.,
1590,层,céng,floor; layer,我们在这层。,We are on this floor.,
1591,挖,wā,to dig,他挖了很久。,He dug for a long time.,
1592,好几,hǎojǐ,several,我已经等你好几天了。,I've already been waiting for you for several days.,
1593,风格,fēnggé,style,这个地方的风格很特别。,The style of this place is very distinctive.,
1594,免费,miǎnfèi,free; free of charge,这个项目是免费的。,This project is free.,
1595,追踪,zhuīzōng,to track,警察正在追踪那个男人。,The police are tracking that man.,
1596,伤心,shāngxīn,sad; heartbroken,听到这个消息，她很伤心。,She was very sad when she heard this news.,
1597,每次,měicì,every time,每次见到他，我都很高兴。,"Every time I see him, I am very happy.",
1598,报纸,bàozhǐ,newspaper,爸爸每天都看报纸。,Dad reads the newspaper every day.,
1599,机器,jīqì,machine,这台机器坏了。,This machine is broken.,
1600,式,shì,formula; type; style,这个式太复杂了，我看不明白。,This formula is too complicated; I can't understand it.,"In math, 式 means a formula or expression. After a noun, it often means a type or style — e.g. 日式 “Japanese-style.”"
1601,塞,sāi,to stuff; to plug,别把太多东西塞进这个包里。,Don't stuff too many things into this bag.,
1602,解雇,jiěgù,to fire from a job,经理把他解雇了。,The manager fired him.,
1603,颜色,yánsè,color,你喜欢这个颜色吗？,Do you like this color?,
1604,好莱坞,hǎoláiwù,Hollywood,很多著名的电影都来自好莱坞。,Many famous movies come from Hollywood.,
1605,无关,wúguān,unrelated to; have nothing to do with,这件事跟我无关。,This matter has nothing to do with me.,
1606,时光,shíguāng,time; days,和你在一起的时光很好。,The time I spent with you was very good.,"More evocative than 时间, usually referring to a period of one's life."
1607,记者,jìzhě,journalist,记者说，这个项目今年会有进展。,The journalist said this project will make progress this year.,
1608,方,fāng,side; direction,左方有一个旅馆。,There is a hotel on the left.,
1609,尽快,jǐnkuài,as soon as possible,请尽快把钱交给他。,Please give the money to him as soon as possible.,
1610,价值,jiàzhí,value; worth,这个项目很有价值。,This project is very valuable.,
1611,仔细,zǐxì,careful; carefully,你再仔细看看。,Take another careful look.,
1612,巧克力,qiǎokèlì,chocolate,我想吃巧克力。,I want to eat chocolate.,
1613,女生,nǚshēng,female student,那个女生也在这个项目里工作。,That female student also works on this project.,
1614,挑,tiāo,to choose; pick,你来挑一个颜色吧。,You pick a color.,
1615,辣,là,spicy,这个东西太辣了，我不能吃。,This food is too spicy; I can't eat it.,
1616,互相,hùxiāng,each other; mutually,我们应该互相帮助。,We should help each other.,
1617,切,qiè,by no means; absolutely not,切勿把钱交给那个小伙子。,By no means give the money to that young man.,"A formal adverb, usually used before a negative, as in 切勿. Also read qiē, meaning 'to cut'."
1618,招,zhāo,move; trick,这招真有用。,This trick really works.,
1619,炸,zhà,to explode,这个东西要炸了，快走！,This thing is about to explode—run!,"Also read zhá, meaning 'to fry'."
1620,墙,qiáng,wall,他把照片挂在墙上。,He hung the photo on the wall.,
1621,流,liú,to flow,水还在流。,The water is still flowing.,
1622,厕所,cèsuǒ,restroom; toilet,我去厕所。,I'm going to the restroom.,
1623,无辜,wúgū,innocent,他是无辜的。,He is innocent.,
1624,彻底,chèdǐ,thoroughly; completely,把这个项目彻底做好。,Do this project thoroughly.,
1625,搭,dā,to take (a ride); to put up,我搭车去。,I'll go by car.,
1626,相,xiāng,each other; mutually,我们相爱。,We love each other.,"Before a verb, 相 means “each other” or “mutually.”"
1627,权,quán,power; right,他有权这样做。,He has the right to do this.,
1628,翻,fān,to turn over; to flip,请把这页翻过去。,Please turn this page over.,
1629,摆,bǎi,to put; to arrange,把这些东西摆好。,Put these things in order.,
1630,过程,guòchéng,process,这个过程很轻松。,This process is easy.,
1631,上次,shàngcì,last time,上次你没来。,You didn't come last time.,
1632,申请,shēnqǐng,to apply; application,我想申请这个工作。,I want to apply for this job.,
1633,压,yā,to press; to weigh down,这东西太重，压着我。,This thing is too heavy and is weighing on me.,
1634,手上,shǒushàng,on hand; in one's hand,我手上有钱。,I have money on me.,
1635,烤,kǎo,to bake; to grill,我们烤肉吧。,Let's grill some meat.,
1636,请求,qǐngqiú,request; ask,他请求经理帮他。,He asked the manager to help him.,请求 is more formal and earnest than 请.
1637,原,yuán,originally; formerly,这原是他的东西，但是现在不是了。,"This used to be his thing, but it is not now.","原 is a formal adverb here, placed before 是. In everyday speech, 原来 is more common."
1638,圣诞节,shèngdànjié,Christmas,圣诞节的时候，孩子们都很乐。,"At Christmas, all the children are happy.",
1639,某些,mǒuxiē,certain; some,某些人不喜欢巧克力。,Some people do not like chocolate.,
1640,人民,rénmín,the people,官应该为人民做事。,Officials should do things for the people.,"人民 refers to people collectively, especially the people of a country."
1641,恐惧,kǒngjù,fear; be afraid,孩子看见那个东西以后，开始恐惧。,The child began to feel afraid after seeing that thing.,
1642,谈论,tánlùn,talk about; discuss,他们在谈论上次的事。,They are talking about what happened last time.,
1643,命运,mìngyùn,fate; destiny,这是他的命运。,This is his fate.,
1644,小组,xiǎozǔ,small group,我们的小组有好几个人。,Our small group has several people.,
1645,引起,yǐnqǐ,cause; arouse,这事引起了问题。,This matter caused a problem.,
1646,发展,fāzhǎn,develop; development,日本的发展很快。,Japan's development is fast.,发展 can be a verb or a noun. It refers to growth or change over time; 进展 is progress in a particular task or situation.
1647,分子,fènzǐ,molecule; member or element,专家说这个分子很小。,The expert said that this molecule is very small.,
1648,白人,báirén,white person,那个白人是日本人。,That white person is Japanese.,
1649,惊讶,jīngyà,surprised; surprise,我很惊讶，他也来了。,I am surprised that he came too.,
1650,灯,dēng,lamp; light,这个旅馆里没有灯。,There are no lights in this hotel.,
1651,桌子,zhuōzi,table; desk,桌子上有巧克力。,There is chocolate on the table.,
1652,巴,bā,to cling to,孩子巴着墙。,The child is clinging to the wall.,"巴 is a colloquial verb meaning “cling to”; it is often used with 着, as in 巴着墙."
1653,毕业,bìyè,to graduate,他毕业了。,He graduated.,
1654,练习,liànxí,to practice; practice,我们一起练习吧。,Let's practice together.,
1655,黑暗,hēiàn,darkness; dark,这里很黑暗。,It is very dark here.,
1656,机场,jīchǎng,airport,我们现在到机场了。,We have arrived at the airport now.,
1657,事业,shìyè,career; enterprise,他的事业发展得很好。,His career is developing very well.,
1658,稍,shāo,a little; slightly,请稍等。,Please wait a moment.,
1659,仅,jǐn,only; merely,这仅是一个开始。,This is only a beginning.,仅 is a more formal word for “only” than 只.
1660,不可思议,bùkěsīyì,unbelievable,这真不可思议。,This is truly unbelievable.,
1661,结,jié,knot; to tie or form,这个结很大。,This knot is very big.,
1662,爷爷,yéyé,grandpa,我爷爷很好。,My grandpa is well.,
1663,会儿,huìer,a moment; a while,等一会儿吧。,Wait a moment.,
1664,正式,zhèngshì,formal; official,这不是正式的请求。,This is not a formal request.,
1665,厨房,chúfáng,kitchen,她在厨房里。,She is in the kitchen.,
1666,特殊,tèshū,special,这个颜色很特殊。,This color is special.,
1667,扯,chě,pull; tug,别扯我的手。,Don't pull my hand.,
1668,专业,zhuānyè,major; specialty; professional,她的专业是什么？,What is her major?,"As an adjective before a noun, 专业 means “professional” or “specialized” — e.g. 专业记者 “a professional journalist.”"
1669,老实,lǎoshí,honest; well-behaved,他很老实，从不说假话。,He is very honest and never tells lies.,"For a child, it can also mean well-behaved or obedient — e.g. 很老实的孩子 “a well-behaved child.”"
1670,晚饭,wǎnfàn,dinner,我们先做晚饭，然后一起吃吧。,"Let's make dinner first, then eat together.",
1671,吸引,xīyǐn,attract,这个颜色吸引了很多人。,This color attracted many people.,
1672,年代,niándài,era; decade,那个年代跟现在不一样。,That era was different from now.,
1673,士兵,shìbīng,soldier,那个士兵在机场等我们。,That soldier is waiting for us at the airport.,
1674,蓝,lán,blue,这个是蓝的，那个不是。,This one is blue; that one isn't.,
1675,以来,yǐlái,since; since then,毕业以来，她一直在这里工作。,She has worked here ever since graduating.,It follows a time point or event: 毕业以来 means “since graduating.”
1676,心情,xīnqíng,mood,我今天心情很好。,I'm in a very good mood today.,
1677,难过,nánguò,sad; difficult to get through,她很难过，但是没说什么。,"She was very sad, but she didn't say anything.","When describing something such as 日子, it can mean “hard to get through” — 日子很难过 “life is hard.”"
1678,型,xíng,type; model,这个机器是A型的。,This machine is type A.,
1679,呐,nà,sentence-final particle for drawing attention,你看呐，他来了！,"Look, he's here!","After 看, it draws attention to something. Also read nè as a sentence-final particle, similar to 呢 — e.g. 你在哪儿呐？ “Where are you?”"
1680,报,bào,report; newspaper; repay,记者报了这件事。,The reporter reported this matter.,"With 恩 or 仇 as its object, 报 can mean “repay” or “avenge” — e.g. 报仇 “avenge a wrong.”"
1681,屋子,wūzi,room; house,这个屋子里很黑暗，但是有灯。,"This room is very dark, but there is a light.",
1682,制造,zhìzào,to manufacture,这个机器是他们制造的。,This machine was made by them.,
1683,全都,quándōu,all; all of them,这些东西我全都要。,I want all of these things.,
1684,打赌,dǎdǔ,to bet,我跟你打赌，他会来。,I bet you he will come.,
1685,中间,zhōngjiān,middle; center,钱在桌子中间。,The money is in the middle of the table.,
1686,退,tuì,to return; withdraw,我想退这个东西。,I want to return this thing.,
1687,唱歌,chànggē,to sing,她喜欢唱歌，我们也喜欢听。,"She likes singing, and we also like listening.",
1688,冒,mào,to emit,这台机器在冒烟。,This machine is emitting smoke.,
1689,伦敦,lúndūn,London,他想去伦敦，但是没有钱。,"He wants to go to London, but he has no money.",
1690,至,zhì,to; until,从这里至机场，要多长时间？,How long does it take from here to the airport?,"A formal written word, especially in the pattern 从…至… (“from…to…”)."
1691,特工,tègōng,secret agent,他是特工，但是我们不知道。,"He is a secret agent, but we do not know.",
1692,镇,zhèn,town,这个镇很小，但是人很多。,"This town is small, but there are many people.",
1693,停车,tíngchē,to park,请在这里停车。,Please park here.,
1694,奖,jiǎng,prize; award,他得了一个奖。,He won an award.,
1695,雇,gù,to hire,他们需要雇一个人。,They need to hire someone.,
1696,冰,bīng,ice,水里有冰。,There is ice in the water.,
1697,戒指,jièzhǐ,ring,他给了她一个戒指。,He gave her a ring.,
1698,回头,huítóu,turn around; look back,他回头看着我。,He turned around and looked at me.,"Before a verb, 回头 can also mean “later” — e.g. 回头再说 “we'll talk later.”"
1699,洞,dòng,hole; cave,墙上有一个洞。,There is a hole in the wall.,
1700,祝贺,zhùhè,congratulate,他毕业了，我们都祝贺他。,"He graduated, and we all congratulated him.",
1701,案件,ànjiàn,case,他还在看这个案件。,He is still looking into this case.,
1702,条件,tiáojiàn,condition; requirement,这个工作的条件很好。,The conditions of this job are very good.,
1703,若,ruò,if,若你想去，我们就一起去吧。,"If you want to go, let's go together.",若 is a formal or literary alternative to 如果.
1704,作品,zuòpǐn,work; creation,这是他最好的作品。,This is his best work.,
1705,手里,shǒulǐ,in one's hand(s),他手里拿着钱。,He is holding money in his hand.,
1706,爱上,àishàng,fall in love with,她爱上了他。,She fell in love with him.,爱 means “love”; 爱上 emphasizes the change of falling in love.
1707,则,zé,then; in that case,如果你想去，则我们现在就走吧。,"If you want to go, then let's leave now.","则 is a formal written way to mark a result, often after 如果 or 若."
1708,档案,dàngàn,file; record,这个档案在桌子上。,This file is on the table.,
1709,千万,qiānwàn,ten million; by all means,千万别告诉他。,Be sure not to tell him.,"Before an imperative, especially 别, 千万 means “absolutely” or “by all means” — e.g. 千万别说 “don't say it, whatever you do.”"
1710,去世,qùshì,pass away,他爷爷去世了。,His grandfather passed away.,"A polite, respectful way to say that a person died."
1711,靠近,kàojìn,to get close to; approach,别靠近这个洞。,Don't go near this hole.,
1712,一刻,yīkè,a moment,等我一刻吧。,Wait for me a moment.,
1713,应,yīng,should,你应申请这个工作。,You should apply for this job.,"Used before a verb in formal language. Also read yìng, meaning “to respond; answer.”"
1714,饼,bǐng,cake; pastry,这个饼很好。,This pastry is very good.,
1715,规则,guīzé,rule,这个小组有规则。,This group has rules.,
1716,接到,jiēdào,to receive,我接到你的请求了。,I received your request.,
1717,付出,fùchū,to put in; sacrifice,他为工作付出很多。,He puts a lot into his work.,
1718,队员,duìyuán,team member,他是小组的队员。,He is a member of the group.,
1719,帽子,màozi,hat,帽子在桌子上。,The hat is on the table.,
1720,协议,xiéyì,agreement,这个协议很正式。,This agreement is very formal.,
1721,说服,shuōfú,to persuade,你能说服他吗？,Can you persuade him?,
1722,上周,shàngzhōu,last week,上周他在伦敦。,He was in London last week.,
1723,何,hé,what (formal),你想要何？,What do you want?,A formal equivalent of 什么.
1724,电,diàn,electricity,这里没有电。,There is no electricity here.,
1725,司机,sījī,driver,司机在机场等我们。,The driver is waiting for us at the airport.,
1726,搜查,sōuchá,to search; to inspect,士兵搜查了屋子。,The soldier searched the house.,
1727,产生,chǎnshēng,to produce; to arise,这些条件会产生问题。,These conditions will produce problems.,
1728,千,qiān,thousand,这里有一千个人。,There are one thousand people here.,
1729,布,bù,cloth,桌子上有蓝布。,There is blue cloth on the table.,
1730,时代,shídài,era; age,那个年代是一个特殊的时代。,That period was a special era.,
1731,接触,jiēchù,to contact; to come into contact with,别接触这个东西。,Don't touch this thing.,
1732,卡车,kǎchē,truck,卡车在机场。,The truck is at the airport.,
1733,抢劫,qiǎngjié,robbery; to rob,那次抢劫引起了恐惧。,That robbery caused fear.,
1734,碰到,pèngdào,to run into; to encounter,我在机场碰到他了。,I ran into him at the airport.,
1735,神父,shénfù,priest,神父跟我们说话。,The priest is talking with us.,
1736,规矩,guījǔ,rules; proper conduct,你不可以这样做，这是规矩。,You can't do this; these are the rules.,
1737,洛,luò,Luo (a name),洛先生在伦敦。,Mr. Luo is in London.,
1738,之中,zhīzhōng,in; among,我们在黑暗之中。,We are in the darkness.,
1739,火车,huǒchē,train,火车到伦敦了。,The train has arrived in London.,
1740,说实话,shuōshíhuà,to be honest,说实话，我很惊讶。,"To be honest, I am very surprised.",
1741,什,shén,what (in 什么),这是什么？,What is this?,"Used with 么 as 什么, the usual word for “what.”"
1742,糖,táng,sugar; candy,孩子想吃糖，但是没有。,"The child wants to eat candy, but there isn't any.",
1743,旧,jiù,old; worn-out,这个屋子很旧，但是很大。,"This house is old, but very big.",
1744,逃跑,táopǎo,to run away; escape,他从屋子里逃跑了，但是我们不知道为什么。,"He ran away from the house, but we don't know why.",
1745,灵,líng,clever; effective; spirit,这个孩子很灵，但是不太老实。,"This child is very clever, but not very honest.","After a person or animal subject, 灵 means “quick-witted.” With a method or tool, it can mean “effective” — e.g. 这个办法很灵 “this method works well.” As a noun, it can mean “spirit.”"
1746,般,bān,kind; sort; -like,我没见过这般大的屋子。,I've never seen such a big house.,般 is usually used in set combinations. 这般 means “this kind of; such” and is more literary than 这样.
1747,部门,bùmén,department,这个部门的人都很老实。,The people in this department are all very honest.,
1748,基本,jīběn,basic; basically,这些规则，我基本都知道。,I basically know all these rules.,"Before a verb or verb phrase, 基本 means “basically”; before a noun, it means “basic” — e.g. 基本条件 “basic conditions.”"
1749,控,kòng,to control,他控不住自己，说了很多话。,He couldn't control himself and said a lot.,控 is an informal short form of 控制. 控不住 means “be unable to keep under control.”
1750,出租车,chūzūchē,taxi,我们坐出租车去机场吧。,Let's take a taxi to the airport.,
1751,分析,fēnxī,to analyze; analysis,我们先分析这个问题，然后再说。,"Let's analyze this problem first, and then talk about it.","Before an object, 分析 is usually a verb meaning “analyze.” It can also be a noun — e.g. 这个分析很好 “this analysis is very good.”"
1752,代价,dàijià,cost; price,他为了钱，付出了很大的代价。,He paid a heavy price for money.,
1753,地区,dìqū,region; area,这个地区很小，但是人很多。,"This region is small, but there are many people.",
1754,背叛,bèipàn,to betray; betrayal,他背叛了我们，所以我们很难过。,"He betrayed us, so we are very upset.","With an object, 背叛 means “betray.” With 的 before it, it can be a noun — e.g. 他的背叛 “his betrayal.”"
1755,趟,tàng,measure word for trips,我上周去了一趟伦敦。,I went to London once last week.,
1756,天堂,tiāntáng,heaven; paradise,他们都说，天堂很好。,They all say that heaven is wonderful.,
1757,拍摄,pāishè,to film; photograph,他们在伦敦拍摄这个作品。,They are filming this work in London.,
1758,年轻人,niánqīngrén,young person,这个年轻人很喜欢唱歌。,This young person really likes singing.,
1759,导致,dǎozhì,to cause; lead to,这个问题导致他们全都很难过。,This problem caused them all to be very upset.,
1760,脸上,liǎnshàng,on one's face,孩子的脸上有糖。,The child has sugar on their face.,
1761,对待,duìdài,to treat (someone),我们应该好好对待这些孩子。,We should treat these children well.,
1762,主人,zhǔrén,owner; host,屋子的主人在这里。,The owner of the house is here.,"When receiving guests, 主人 means “host” — e.g. 主人请我们进屋 “the host invited us inside.”"
1763,表,biǎo,watch; chart; meter,他看了表，就走了。,"He looked at his watch, then left.","When it refers to a timepiece, 表 is often a watch, as in 看表 “look at one's watch.” It can also mean a chart/list or a meter: 时间表 “schedule”; 电表 “electricity meter.”"
1764,释放,shìfàng,to release; set free,他们释放了那个士兵。,They released that soldier.,
1765,困,kùn,sleepy; trapped; in difficulty,我很困，不想再走了。,I'm very sleepy and don't want to walk any farther.,"With 很 before it, 困 usually means “sleepy,” as here. In 困在 + place, it means “be trapped” — e.g. 困在屋子里 “trapped in the house.”"
1766,大街,dàjiē,main street,我们在大街上碰到了他。,We ran into him on the main street.,
1767,箱子,xiāngzi,box; suitcase,他把箱子给了我。,He gave me the box.,
1768,耶稣,yēsū,Jesus,这个神父给我们讲了耶稣的故事。,This priest told us the story of Jesus.,
1769,由于,yóuyú,due to,由于这个问题，他们全都很难过。,"Due to this problem, they are all very upset.","由于 is a more formal “due to” and usually comes before a noun phrase, as here. 因为 more readily introduces a full clause."
1770,宣布,xuānbù,to announce; declare,他们宣布，这个协议没有问题。,They announced that there was no problem with this agreement.,
1771,乔,qiáo,Qiao (a name),乔在伦敦工作。,Qiao works in London.,
1772,执行,zhíxíng,carry out; execute,他们会执行这个协议。,They will carry out this agreement.,
1773,物,wù,object; thing,这些物都在箱子里。,These objects are all in the box.,"物 is a formal word for tangible objects; in everyday speech, 东西 is more common."
1774,报警,bàojǐng,call the police,他见到抢劫，就报警了。,"When he saw the robbery, he called the police.",
1775,不对,búduì,wrong; not right,这个密码不对。,This password is wrong.,
1776,密码,mìmǎ,password,请把密码告诉我，好吗？,"Please tell me the password, okay?",
1777,红色,hóngsè,red,她的帽子是红色的。,Her hat is red.,
1778,骗子,piànzi,scammer,那个骗子把钱拿走了。,That scammer took the money away.,
1779,货,huò,goods; cargo,卡车里有很多货。,There is a lot of cargo in the truck.,
1780,空间,kōngjiān,space,这个箱子里没有空间了。,There is no space left in this box.,
1781,折磨,zhémó,torment; torture,这个问题很折磨人。,This problem is really tormenting.,
1782,油,yóu,oil; gasoline,卡车没有油了。,The truck is out of gas.,
1783,尸,shī,corpse,洞里有尸。,There is a corpse in the cave.,尸 is a formal or abbreviated word for a dead body; everyday speech usually says 尸体.
1784,留言,liúyán,leave a message; message,请给我留言。,Please leave me a message.,
1785,熊,xióng,bear,洞里有一只熊。,There is a bear in the cave.,
1786,想念,xiǎngniàn,to miss; long for,我很想念你。,I miss you very much.,
1787,而言,éryán,as far as ... is concerned,对我而言，这个案件很重要。,"As far as I am concerned, this case is very important.","而言 follows the person or thing being considered, usually in 对……而言."
1788,值,zhí,to be worth,这个作品值很多钱。,This work is worth a lot of money.,
1789,倍,bèi,times; -fold,这个箱子比那个大一倍。,This box is twice as big as that one.,
1790,擦,cā,to wipe; rub,请把脸上的东西擦了。,Please wipe the stuff off your face.,
1791,尤其,yóuqí,especially,我喜欢这些作品，尤其是这个。,"I like these works, especially this one.",
1792,卷,juǎn,to roll up,请把这张布卷起来。,Please roll up this piece of cloth.,"Also read juàn, meaning “a volume (of a book).”"
1793,经验,jīngyàn,experience,这个年轻人有很多工作经验。,This young person has a lot of work experience.,
1794,盒子,hézi,box,糖在这个盒子里。,The candy is in this box.,
1795,艘,sōu,measure word for ships and boats,这里有两艘船。,There are two boats here.,艘 is the measure word used for ships and boats.
1796,干杯,gānbēi,cheers; make a toast,为了我们，干杯！,Cheers—to us!,
1797,看法,kànfǎ,opinion; view,你对这个案件有什么看法？,What is your opinion of this case?,
1798,大脑,dànǎo,brain,大脑让我们想、看、听。,"The brain lets us think, see, and hear.",
1799,共,gòng,in all; altogether,这次共来了两千人。,A total of two thousand people came this time.,
1800,罪犯,zuìfàn,criminal,这个罪犯逃跑了。,This criminal escaped.,
1801,不到,búdào,not reach; less than,我看不到他。,I can't see him.,"After a number, 不到 means “less than” — e.g. 不到一千 “less than one thousand.”"
1802,问问,wènwèn,ask briefly,我想问问你。,I want to ask you something.,Reduplication makes the action sound brief or casual.
1803,干掉,gàndiào,kill; get rid of,他们想干掉我。,They want to kill me.,
1804,指控,zhǐkòng,accuse; charge,他们指控他抢劫。,They accused him of robbery.,
1805,星球,xīngqiú,planet,这个星球很大。,This planet is very big.,
1806,录像,lùxiàng,video recording; record video,我们看了录像。,We watched the video recording.,"Before an object, it can mean “to record on video” — e.g. 录像这个地方 “record this place on video.”"
1807,刺,cì,to stab; thorn,他用刀刺了我。,He stabbed me with a knife.,"Before an object, 刺 means “to stab”; as a noun, a 刺 is a thorn."
1808,程序,chéngxù,program; procedure,这个程序有问题。,This program has a problem.,"For a sequence of steps, 程序 means “procedure” — e.g. 这个程序对不对？ “Is this procedure correct?”"
1809,情报,qíngbào,intelligence; information,他给了我们情报。,He gave us intelligence.,
1810,炒,chǎo,to stir-fry; speculate in,我来炒这个。,I'll stir-fry this.,"Before 股, 炒 can mean “to speculate in” — e.g. 炒股 “speculate in stocks.”"
1811,情绪,qíngxù,emotion; mood,他的情绪不太好。,He's not in a very good mood.,
1812,今,jīn,today,今，我要回去。,"Today, I am going back.",Used mainly in formal or literary style as a standalone word.
1813,怪物,guàiwù,monster,这个怪物很大。,This monster is very big.,
1814,创造,chuàngzào,to create,他们创造了这个程序。,They created this program.,
1815,杀害,shāhài,to murder; kill,他们杀害了他。,They murdered him.,
1816,内心,nèixīn,inner thoughts and feelings,他内心很愤怒，但是不说。,"He is very angry inside, but he does not say so.",
1817,暴力,bàolì,violence,他不喜欢暴力。,He does not like violence.,
1818,脏,zàng,dirty,这个箱子太脏了。,This box is too dirty.,
1819,走开,zǒukāi,go away,你走开！,Go away!,
1820,事故,shìgù,accident,火车出了事故。,The train had an accident.,
1821,艺术,yìshù,art,这是不是艺术？,Is this art?,
1822,满意,mǎnyì,satisfied,我对这个很满意。,I am very satisfied with this.,
1823,大多数,dàduōshù,the majority,大多数人都喜欢这个。,Most people like this.,
1824,速度,sùdù,speed,卡车的速度太快了。,The truck is going too fast.,
1825,神经,shénjīng,nerve; nervous system,医生说他伤了神经。,The doctor said he injured a nerve.,
1826,汤姆,tāngmǔ,Tom,汤姆已经走了。,Tom has already left.,
1827,牺牲,xīshēng,to sacrifice,他为我们牺牲了。,He sacrificed himself for us.,
1828,勇敢,yǒnggǎn,brave,她很勇敢，所以没有逃跑。,"She was very brave, so she did not run away.",
1829,愤怒,fènnù,angry,他很愤怒，但是没有打我。,"He was very angry, but he did not hit me.",
1830,合,hé,to close; to join; to conform to,把这个盒子合上。,Close this box.,"With 上, 合 means “close” — e.g. 合上盒子 “close the box.” Before 在一起, it means “join together” — e.g. 合在一起 “join together.” Before 规矩, it means “conform to” — e.g. 不合规矩 “not in accordance with the rules.”"
1831,奇,qí,strange; odd,真奇，他没有来。,How strange—he didn't come.,
1832,数字,shùzì,number; digit,这个密码有六个数字。,This password has six digits.,
1833,咪,mī,meow,小猫叫了一声“咪”。,The kitten let out a “meow.”,
1834,纸,zhǐ,paper,请给我一张纸。,Please give me a sheet of paper.,
1835,地上,dìshàng,on the ground,钱在地上。,The money is on the ground.,
1836,范围,fànwéi,scope; range,这不在我的工作范围里。,This is not within the scope of my work.,
1837,称,chēng,to call; to refer to as,你可以称他为主人。,You can call him the owner.,
1838,骑,qí,to ride,他骑着马走了。,He rode away on a horse.,
1839,尽量,jǐnliàng,as much as possible,你尽量快一点。,Try to be a little faster.,
1840,太阳,tàiyáng,sun,天上有太阳。,There is a sun in the sky.,
1841,午餐,wǔcān,lunch,我们一起吃午餐吧。,Let's have lunch together.,
1842,提出,tíchū,to raise; to put forward,他提出了一个问题。,He raised a question.,
1843,暂时,zànshí,temporarily; for now,你暂时别走。,Don't leave for now.,
1844,据,jù,according to; based on,据他们说，这里没有问题。,"According to them, there is no problem here.",
1845,午饭,wǔfàn,lunch,我们先吃午饭，然后再工作。,"We'll eat lunch first, then get back to work.",
1846,优秀,yōuxiù,excellent; outstanding,汤姆很优秀，但是他不满意。,"Tom is excellent, but he is not satisfied.",
1847,亲自,qīnzì,personally; in person,这个事，我想亲自做。,I want to handle this matter personally.,
1848,迟,chí,late,他来得太迟了，所以我们走了。,"He arrived too late, so we left.",
1849,歌曲,gēqǔ,song,我很喜欢这首歌曲。,I really like this song.,
1850,婴儿,yīngér,baby; infant,这个婴儿在笑。,This baby is smiling.,
1851,极,jí,extremely; utmost,这个看法好极了。,This view is extremely good.,"After an adjective, 极了 means “extremely” — e.g. 好极了, “extremely good.”"
1852,兰,lán,orchid,兰是一种花。,An orchid is a kind of flower.,
1853,笑话,xiàohuà,joke,这个笑话我听过。,I have heard this joke before.,
1854,可惜,kěxī,what a pity,你不能来，真可惜。,It’s such a pity that you can’t come.,
1855,响,xiǎng,loud; to ring,这里太响了，我听不到你说的话。,It is too loud here; I can’t hear what you are saying.,"When a sound-producing thing is the subject, 响 means “to ring/sound” — e.g. 电话响了, “The phone rang.”"
1856,石头,shítou,stone; rock,这个石头很大。,This rock is very big.,
1857,英尺,yīngchǐ,foot (a unit of length),这个箱子有三英尺高。,This box is three feet tall.,
1858,屋,wū,room; house,这屋太小了。,This room is too small.,
1859,省,shěng,province; save,这样可以省钱。,"This way, you can save money.","Before a noun, 省 can mean “province” — e.g. 这个省很大, “This province is big.” Also read xǐng, meaning “to reflect on oneself.”"
1860,细节,xìjié,detail,你知道这个细节吗？,Do you know this detail?,
1861,顶,dǐng,top; to support/push against,这个在顶上。,This is on top.,"Before an object, 顶 can mean “support” or “push against” — e.g. 顶着门 “hold the door shut.”"
1862,科学,kēxué,science,科学让我们知道很多。,Science lets us know a lot.,
1863,迷,mí,fan; be fascinated; lost/confused,我是他的迷。,I’m a fan of his.,"In 迷上 + noun, it means “become fascinated with” — e.g. 迷上音乐 “become obsessed with music.” In 迷路, it means “lose one’s way.”"
1864,笨,bèn,stupid; clumsy,我很笨，什么都不会。,I’m stupid; I can’t do anything.,
1865,塔,tǎ,tower,那座塔在这里。,That tower is here.,
1866,有的,yǒude,some,有的喜欢这个，有的喜欢那个。,"Some like this one, and some like that one.",
1867,道理,dàolǐ,reason; logic,你说得有道理。,What you said makes sense.,
1868,船长,chuánzhǎng,captain,船长让我们快走。,The captain told us to leave quickly.,
1869,撒,sā,scatter; sprinkle,别把纸撒在地上。,Don’t scatter paper on the ground.,"Also read sǎ, meaning “to let go; release” — e.g. 撒手 “let go.”"
1870,歌手,gēshǒu,singer,我很喜欢这个歌手的歌曲。,I really like this singer’s songs.,
1871,上校,shàngxiào,colonel,上校让我们走。,The colonel told us to go.,
1872,运气,yùnqì,luck,你运气真好。,You’re really lucky.,
1873,主要,zhǔyào,main; mainly,这主要是钱的问题。,This is mainly a money problem.,"Before a noun, 主要 means “main,” as in 主要问题 “main problem.” Before 是 or a verb, it means “mainly.”"
1874,烟,yān,smoke; cigarette,屋里有烟，快走！,There’s smoke in the room—leave quickly!,
1875,同事,tóngshì,colleague; coworker,他是我的同事，我们一起工作。,"He’s my colleague, and we work together.",
1876,餐厅,cāntīng,restaurant,我们在餐厅。,We are at the restaurant.,
1877,喊,hǎn,shout; call out,他在喊你。,He is calling out to you.,
1878,各,gè,each; every,我们各有一个。,We each have one.,"Before a verb, 各 shows that each person or thing does something separately — e.g. 我们各有一个 “we each have one.”"
1879,魔,mó,demon,那个魔把一个人杀害了。,That demon killed a person.,
1880,美女,měinǚ,beautiful woman,那个美女是歌手。,That beautiful woman is a singer.,
1881,距离,jùlí,distance; be away from,我们距离很远。,We are far apart.,
1882,毒,dú,poison; poisonous,这个东西有毒。,This thing is poisonous.,
1883,讲话,jiǎnghuà,speak; talk,他在讲话，我们都听着。,"He is speaking, and we are all listening.",
1884,有所,yǒusuǒ,to some extent; somewhat,我对这个问题有所了解。,I know something about this problem.,有所 comes before a verb and indicates that something is true to some degree.
1885,制作,zhìzuò,make; produce,这个程序是我们制作的。,We made this program.,
1886,莱,lái,Lai (a surname),莱先生来了。,Mr. Lai has come.,
1887,摔,shuāi,fall; throw down,他摔在地上了。,He fell onto the ground.,"When followed by an object, 摔 can mean to throw or drop it down — e.g. 摔东西 “throw something down.”"
1888,街上,jiēshàng,on the street,街上人很多。,There are many people on the street.,
1889,团队,tuánduì,team,我们团队有两个人。,Our team has two people.,
1890,早就,zǎojiù,long ago; already,我早就知道了。,I knew a long time ago.,
1891,鼻子,bízi,nose,他的鼻子很大。,His nose is big.,
1892,相处,xiāngchǔ,to get along,我们相处得很好。,We get along very well.,
1893,罢了,bàle,that's all; nothing more,这只是个笑话罢了。,"It's just a joke, that's all.",Placed at the end of a statement to limit what was just said.
1894,绝,jué,absolutely; by no means,这绝不是笑话。,This is absolutely not a joke.,"Before 不, 绝 strengthens a negative: 绝不 means “absolutely not.”"
1895,归,guī,to belong to; to return,这些钱归你。,This money belongs to you.,
1896,度过,dùguò,to spend; to get through,我们一起度过这一天。,We spend this day together.,
1897,拳,quán,fist; punch,他打了我一拳。,He punched me.,
1898,关注,guānzhù,to pay attention to; to follow,大多数人都关注这个事故。,Most people are following this accident.,
1899,德国,déguó,Germany,他在德国工作。,He works in Germany.,
1900,大部分,dàbùfèn,most; the greater part,大部分人都很满意。,Most people are very satisfied.,
1901,窗户,chuānghù,window,这屋有一个窗户。,This room has a window.,
1902,奇迹,qíjì,miracle,这真是一个奇迹。,This really is a miracle.,
1903,空气,kōngqì,air,这里的空气很好。,The air here is very good.,
1904,护士,hùshì,nurse,护士来了。,The nurse has come.,
1905,分享,fēnxiǎng,to share,请分享这个录像。,Please share this video.,
1906,萨,sà,Sa (used in names),他叫萨。,His name is Sa.,
1907,被捕,bèibǔ,to be arrested,他被捕了。,He was arrested.,
1908,基,jī,base; foundation,这个塔的基很大。,This tower's base is very large.,
1909,后悔,hòuhuǐ,to regret,我后悔没有早点来。,I regret not coming earlier.,
1910,信仰,xìnyǎng,faith; belief,信仰对有的人很重要。,Faith is very important to some people.,
1911,保安,bǎoān,security guard,保安让我们别进去。,The security guard told us not to go in.,
1912,变态,biàntài,pervert; abnormal,他是个变态。,He is a pervert.,"As a noun for a person, it usually means “pervert.” Used to describe a thing or situation, it means “abnormal” — e.g. 这很变态 “this is abnormal.”"
1913,媒体,méitǐ,media,媒体说这个问题很重要。,The media says this issue is very important.,
1914,赶紧,gǎnjǐn,hurry up,我们迟了，赶紧走吧。,"We're late, so let's hurry and go.",
1915,匹,pǐ,a measure word for horses; a bolt of cloth,那匹马跑得很快。,That horse runs very fast.,
1916,角,jiǎo,corner; angle; horn; jiao (one-tenth of a yuan),猫在桌子角上。,The cat is on the corner of the table.,"Before 钱, 角 is a monetary unit — e.g. 一角钱 “one jiao.” In 牛角 it means “horn,” and in 三角 it means “angle.” Also read jué, meaning “a theatrical role” — e.g. 他演这个角儿 “he plays this role.”"
1917,所谓,suǒwèi,so-called,这就是所谓的奇迹。,This is the so-called miracle.,
1918,建立,jiànlì,to establish; to build,他们建立了一个团队。,They established a team.,
1919,印,yìn,mark; stamp; print,纸上有一个印。,There is a mark on the paper.,
1920,无所谓,wúsuǒwèi,it doesn't matter,去不去都无所谓。,It doesn't matter whether we go or not.,
1921,变化,biànhuà,change,这个变化很大。,This change is big.,
1922,表达,biǎodá,express,我不知道怎么表达。,I don't know how to express it.,
1923,大约,dàyuē,about; approximately,大约两天以后，他会来。,He will come in about two days.,
1924,东,dōng,east,东在这边。,East is this way.,
1925,一辈子,yībèizi,a lifetime,我想跟你在一起一辈子。,I want to be with you for a lifetime.,
1926,仅仅,jǐnjǐn,only; merely,这仅仅是开始。,This is only the beginning.,
1927,华盛顿,huáshèngdùn,Washington,我想去华盛顿。,I want to go to Washington.,
1928,造,zào,make; build,他们要造船。,They want to build a boat.,
1929,姐妹,jiěmèi,sisters,我有两个姐妹。,I have two sisters.,
1930,神秘,shénmì,mysterious,她很神秘。,She is very mysterious.,
1931,实现,shíxiàn,realize; achieve,他实现了自己的梦。,He achieved his dream.,
1932,市,shì,city,这个市很大。,This city is big.,
1933,维,wéi,Wei (a name),维是我的同事。,Wei is my coworker.,
1934,瞧瞧,qiáoqiáo,take a look,你来瞧瞧这个。,Come take a look at this.,
1935,政治,zhèngzhì,politics,他们在讲政治。,They are talking about politics.,
1936,症,zhèng,symptom; illness,这症会让人死。,This illness can kill people.,Usually used in medical terms or as a shorthand for a medical condition.
1937,第四,dìsì,fourth,他是第四个。,He is the fourth one.,
1938,魔鬼,móguǐ,devil; demon,那个魔鬼又来了。,That demon has come again.,
1939,查理,chálǐ,Charlie,查理已经来了。,Charlie has already arrived.,
1940,孤独,gūdú,lonely,一个人的时候，她觉得很孤独。,"When she is alone, she feels very lonely.",
1941,蒂,dì,stem (of a fruit or flower),这个苹果的蒂还在。,The stem of this apple is still there.,
1942,内容,nèiróng,content,他讲话的内容，我们都知道。,We all know the content of what he said.,
1943,巨大,jùdà,huge,那个塔很巨大。,That tower is huge.,
1944,宝宝,bǎobǎo,baby,宝宝在笑。,The baby is smiling.,
1945,惩罚,chéngfá,punish; punishment,他做错了事，所以他们要惩罚他。,"He did something wrong, so they want to punish him.",
1946,加上,jiāshàng,add; plus,一个加上一个，是两个。,One plus one is two.,
1947,开门,kāimén,open the door,请开门，我在这里。,Please open the door; I'm here.,
1948,蓝色,lánsè,blue,这个是蓝色的。,This one is blue.,
1949,退出,tuìchū,exit; withdraw,你可以退出这个团队。,You can leave this team.,
1950,鬼魂,guǐhún,ghost; spirit,那个屋里有鬼魂。,There is a ghost in that house.,
1951,对手,duìshǒu,opponent,他是我们主要的对手。,He is our main opponent.,
1952,前进,qiánjìn,move forward; advance,我们不再前进了。,We are not moving forward anymore.,
1953,怎,zěn,how; why,你怎不说话？,Why aren't you speaking?,"怎 is a shortened, somewhat literary form of 怎么."
1954,乔治,qiáozhì,George,乔治在这里。,George is here.,
1955,神奇,shénqí,magical; amazing,这真是个神奇的变化。,This really is a magical change.,
1956,牧师,mùshī,priest; pastor,牧师在这里讲话。,The pastor is speaking here.,
1957,年级,niánjí,grade (in school),他跟我在一个年级。,He is in the same grade as me.,
1958,代,dài,generation,我们这一代人不一样。,Our generation is different.,"In 这一代人, 代 refers to a generation. In 古代, it means an era."
1959,登,dēng,climb; board,我们登上了船。,We boarded the boat.,登上 + a place means to climb or get onto it.
1960,环境,huánjìng,environment,这里的环境很好。,The environment here is very good.,
1961,提到,tídào,mention,他没有提到这个问题。,He did not mention this question.,
1962,杂种,zázhǒng,mongrel; bastard (slur),他叫我“杂种”。,He called me a “bastard.”,This is an offensive insult when used for a person.
1963,刺激,cìjī,stimulate; exciting,这太刺激了！,This is so exciting!,
1964,我会,wǒhuì,I will,我会帮你。,I will help you.,"Here 会 before 帮 expresses a future expectation: “I will.” 要 expresses intention, while 想 expresses a desire."
1965,凭,píng,on the basis of; by relying on,你凭什么这么说？,What basis do you have for saying that?,凭什么 is a common question meaning “on what basis?”
1966,规定,guīdìng,rule; to stipulate,这是规定，不能这样做。,This is the rule; you can't do it like this.,"As a verb, 规定 introduces what must be done — e.g. 规定时间 ""stipulate a time."""
1967,好多,hǎoduō,many; a lot,街上有好多人。,There are a lot of people on the street.,
1968,雨,yǔ,rain,雨很大，我们别走了。,The rain is heavy; let's not leave.,
1969,磅,bàng,pound (unit of weight),这个东西有两磅重。,This thing weighs two pounds.,
1970,警长,jǐngzhǎng,police chief,警长来了，我们都别讲话。,The police chief is here; let's all stop talking.,
1971,最佳,zuìjiā,best; optimal,现在是最佳时间，我们走吧。,Now is the best time; let's go.,
1972,受害人,shòuhàirén,victim,受害人已经死了。,The victim is already dead.,
1973,废话,fèihuà,nonsense; pointless talk,别说废话，快告诉我。,Don't talk nonsense; tell me quickly.,
1974,效果,xiàoguǒ,effect; result,这个东西的效果很好。,This thing works very well.,
1975,伤口,shāngkǒu,wound,他的伤口很大，他不能走。,"His wound is serious, so he can't walk.",
1976,咯,gē,chuckling sound,宝宝咯咯地笑了。,The baby chuckled.,"Also read lo as a sentence-final particle, often marking a new situation — e.g. 下雨咯 ""It's raining now!"""
1977,魔法,mófǎ,magic,这个魔法很神奇，但是我不知道。,"This magic is amazing, but I don't know about it.",
1978,独自,dúzì,alone; by oneself,他独自走了。,He left alone.,
1979,现金,xiànjīn,cash,你有现金吗？,Do you have cash?,
1980,夺,duó,to seize; take by force,他把钱夺走了。,He seized the money and took it away.,Usually implies taking something by force or from someone else.
1981,掌握,zhǎngwò,to master; grasp,他已经掌握了这个方法，所以效果很好。,"He has already mastered this method, so the results are very good.",
1982,麦克,màikè,Mike,麦克已经来了。,Mike has already arrived.,
1983,儿童,értóng,child; children,这个电影是给儿童看的，但是我也很喜欢。,"This movie is for children, but I like it too.",
1984,女孩子,nǚháizi,girl,那个女孩子一个人在这里，很孤独。,That girl is here by herself and is very lonely.,
1985,强大,qiángdà,powerful; strong,这个国家很强大。,This country is very powerful.,
1986,分开,fēnkāi,to separate; split up,我们分开以后，他很孤独。,"After we separated, he was very lonely.",
1987,租,zū,to rent,我们租了这个房子。,We rented this house.,
1988,杰,jié,Jay,杰已经来了。,Jay has already arrived.,
1989,佬,lǎo,"guy; fellow (suffix, often rude)",那个美国佬已经走了。,That American guy has already left.,"Used after a descriptor for a type of person, and can sound rude or dismissive — e.g. 美国佬, “an American guy.”"
1990,承诺,chéngnuò,to promise,他承诺会来，但是没来。,"He promised to come, but he didn't.",
1991,脖子,bózi,neck,她的脖子很长。,Her neck is very long.,
1992,检察官,jiǎncháguān,prosecutor,检察官说，他已经知道了。,The prosecutor said that he already knew.,
1993,好看,hǎokàn,good-looking; nice to look at,这个好看，那个也好看。,"This one looks good, and that one does too.",
1994,间谍,jiàndié,spy,那个间谍被保安看到了。,That spy was seen by the security guard.,
1995,篇,piān,measure word for articles,我看了两篇文章。,I read two articles.,篇 is used for written pieces such as articles or essays.
1996,玩具,wánjù,toy,这个玩具是宝宝的。,This toy is the baby's.,
1997,车上,chēshàng,on the bus/car,我们在车上等他。,We are waiting for him on the bus/car.,
1998,机器人,jīqìrén,robot,这个机器人会走。,This robot can walk.,
1999,满足,mǎnzú,to satisfy; be satisfied,这样我就很满足了。,That would satisfy me.,
2000,打败,dǎbài,to defeat,我们会打败对手。,We will defeat our opponent.,
2001,不见,bújiàn,not see; disappear,他不见了，我们找找他吧。,He has disappeared; let's look for him.,
2002,确信,quèxìn,to be certain,我确信他会来。,I am certain that he will come.,
2003,不管怎样,bùguǎnzěnyàng,no matter what,不管怎样，我们都要前进。,"No matter what, we must move forward.",
2004,科,kē,department; subject,你在哪一科工作？,Which department do you work in?,
2005,传统,chuántǒng,tradition; traditional,这是我们家的传统。,This is our family's tradition.,
2006,浪漫,làngmàn,romantic,这个晚上很浪漫。,This evening is very romantic.,
2007,哼,hēng,hmph; hum,哼，我才不帮你！,"Hmph, I won't help you!",
2008,念,niàn,to read aloud; to miss,请你念给我们听。,Please read it aloud for us.,"With written words as its object, 念 means “read aloud.” With a person as its object, it means “miss” — e.g. 我念她 “I miss her.”"
2009,巴黎,bālí,Paris,她想去巴黎。,She wants to go to Paris.,
2010,重复,chóngfù,to repeat; repeated,请不要重复说。,Please don't repeat yourself.,
2011,和平,hépíng,peace,我们都想要和平。,We all want peace.,
2012,欣赏,xīnshǎng,to appreciate; to admire,我很欣赏你。,I really admire you.,
2013,留下来,liúxiàlái,to stay; to remain,你别走，留下来吧。,Don't go—stay.,
2014,天气,tiānqì,weather,天气很好，我们走吧。,The weather is nice; let's go.,
2015,绑,bǎng,to tie up; to bind,他把这个东西绑起来了。,He tied this thing up.,
2016,守,shǒu,to guard; to keep watch,你守在这里，我去找他。,You stay and guard here; I'll go find him.,
2017,一一,yīyī,one by one,他一一看了这些东西。,He looked at these things one by one.,
2018,态度,tàidù,attitude,你的态度很好。,You have a very good attitude.,
2019,尴尬,gāngà,awkward; embarrassing,这很尴尬。,This is awkward.,
2020,诺,nuò,a promise; yes (formal),我给你的诺，我会做到。,I will keep the promise I made you.,诺 is a formal or literary word for a promise; 承诺 is more common in everyday modern Chinese.
2021,你好,nǐhǎo,hello,你好！你好吗？,Hello! How are you?,
2022,难以,nányǐ,hard to; difficult to,这个问题难以回答。,This question is hard to answer.,难以 comes before a verb to mean that doing it is difficult.
2023,林,lín,woods; forest; Lin (a surname),林里有很多孩子。,There are many children in the woods.,
2024,支票,zhīpiào,check; cheque,我给了他一张支票。,I gave him a check.,
2025,拼,pīn,to fight hard; to piece together; to spell,我会跟你拼！,I'll fight it out with you!,"When used with 跟, 拼 can mean to fight or compete fiercely, as in 跟你拼 “fight it out with you.” Before a word, it can mean “to spell,” as in 拼这个词 “spell this word.”"
2026,好玩,hǎowán,fun; entertaining,这个玩具很好玩。,This toy is fun.,
2027,早餐,zǎocān,breakfast,我先吃早餐，然后去学校。,"I'll eat breakfast first, then go to school.",
2028,茶,chá,tea,请给我一杯茶。,Please give me a cup of tea.,
2029,唯,wéi,only,这件事，唯你能做。,Only you can do this.,"Formal/literary; in everyday speech, 只有 is more common."
2030,自信,zìxìn,confident; self-confidence,他对自己很有自信。,He is very confident in himself.,
2031,上学,shàngxué,go to school,孩子每天都上学。,The child goes to school every day.,
2032,放在,fàngzài,put/place in or on,请把钱放在这里。,Please put the money here.,
2033,生物,shēngwù,living thing; biology,生物课很难。,Biology class is difficult.,
2034,理论,lǐlùn,theory,这个理论听起来很好，但是不对。,"This theory sounds good, but it isn't right.",
2035,角度,jiǎodù,angle; perspective,从这个角度看，这个问题不难。,"From this perspective, this problem isn't difficult.","Also read jué, meaning a role or character in a play."
2036,年纪,niánjì,age,她的年纪跟我一样。,She is the same age as me.,
2037,轻,qīng,light; gentle; lightly,这个东西很轻，你能拿。,This thing is light; you can carry it.,"Before a verb, 轻 can mean “lightly” or “softly” — e.g. 轻轻地说 “speak softly.”"
2038,弗兰克,fúlánkè,Frank,弗兰克已经来了，我们去见他吧。,Frank has already arrived; let's go see him.,
2039,观察,guānchá,observe,你先观察一下，然后告诉我。,"Observe it first, then tell me.",
2040,九,jiǔ,nine,这里有九个孩子。,There are nine children here.,
2041,老鼠,lǎoshǔ,mouse,这只老鼠很小。,This mouse is very small.,
2042,击,jī,to strike; hit,他用石头击了门。,He struck the door with a stone.,击 is more formal than 打 for an ordinary physical hit.
2043,龙,lóng,dragon,这个玩具像一条龙。,This toy looks like a dragon.,
2044,埋,mái,to bury,他把钱埋在这里了。,He buried the money here.,
2045,男友,nányǒu,boyfriend,她的男友在车上。,Her boyfriend is in the car.,
2046,盖,gài,to cover,他用手盖着自己的嘴。,He is covering his mouth with his hand.,
2047,关掉,guāndiào,to turn off,请把电视关掉。,Please turn off the TV.,
2048,吃惊,chījīng,surprised,我听了他的话，很吃惊。,I was surprised when I heard what he said.,
2049,大楼,dàlóu,building,这栋大楼很大。,This building is very big.,
2050,移动,yídòng,to move,先把这个放在这里，然后别移动它。,"Put this here first, then don't move it.",
2051,商店,shāngdiàn,store; shop,我们去商店看看吧。,Let's go have a look at the store.,
2052,妓女,jìnǚ,prostitute,她说她不是妓女。,She said she wasn't a prostitute.,
2053,不断,bùduàn,continuously; without stopping,雨不断地下着。,The rain keeps falling.,
2054,能量,néngliàng,energy,这个机器人没有能量了。,This robot has run out of energy.,
2055,解,jiě,to solve; understand; untie,这个问题，你能解吗？,Can you solve this problem?,"Also read xiè, a surname."
2056,熟悉,shúxī,familiar with,我很熟悉这个人。,I know this person well.,
2057,牙,yá,tooth; teeth,孩子的牙很小。,The child's teeth are small.,
2058,闹,nào,to make a fuss,孩子在闹，我们先别走。,"The child is making a fuss, so let's not leave yet.",
2059,公主,gōngzhǔ,princess,公主在车上。,The princess is in the car.,
2060,有效,yǒuxiào,effective,这个方法很有效。,This method is effective.,
2061,美金,měijīn,US dollar,这个东西要九美金。,This thing costs nine US dollars.,
2062,滑,huá,slippery; to slide,这里很滑，你别走。,It's very slippery here; don't walk.,
2063,夜晚,yèwǎn,night; nighttime,夜晚的时候，我们不出去。,"At night, we don't go out.",
2064,清醒,qīngxǐng,awake; clear-headed,我现在很清醒。,I'm very awake right now.,
2065,指望,zhǐwàng,count on; rely on,我不指望他会来。,I don't count on him coming.,
2066,猜猜,cāicāi,guess,你猜猜我在看什么？,Guess what I'm looking at.,
2067,感染,gǎnrǎn,be infected with; infect,他感染了这种病。,He got infected with this illness.,
2068,也就是说,yějiùshìshuō,that is to say,她在巴黎，也就是说，她不在这里。,"She's in Paris; that is to say, she isn't here.",
2069,露,lù,dew,草上有露。,There is dew on the grass.,"Also read lòu, meaning “to reveal/show” — e.g. 露出牙 “show one's teeth.”"
2070,抛弃,pāoqì,abandon,他抛弃了自己的孩子。,He abandoned his own child.,
2071,摸,mō,touch; feel with one's hand,别摸这个东西。,Don't touch this thing.,
2072,单身,dānshēn,single; unmarried,他现在还是单身。,He is still single now.,
2073,思考,sīkǎo,think over,我需要时间思考这个问题。,I need time to think over this question.,
2074,板,bǎn,board; plank,这个板很轻。,This board is light.,
2075,好吃,hǎochī,delicious; tasty,这个早餐很好吃。,This breakfast is delicious.,
2076,女王,nǚwáng,queen,女王在大楼里。,The queen is in the building.,
2077,波,bō,wave,海上有很大的波。,There are very big waves on the sea.,
2078,趴下,pāxià,get down; lie prone,快趴下，别让他们看到你！,Get down quickly—don't let them see you!,
2079,胖,pàng,fat,这个孩子太胖了。,This child is too fat.,
2080,认,rèn,recognize; admit,我认得他，但是他不认得我。,"I recognize him, but he doesn't recognize me.","认得 means recognize someone on seeing them; 认识 means know or be acquainted with someone. Before a noun such as 错, 认 can mean “admit” — 认错 “admit a mistake.”"
2081,勒,lēi,to choke; tighten,别勒我，我会死的！,Don't choke me—I’ll die!,"Also read lèi, meaning “to rein in” or “to force” — e.g. 勒住马 “rein in a horse.”"
2082,揍,zòu,to beat up,他要揍我，我就走。,"He wants to beat me up, so I'll leave.",
2083,地图,dìtú,map,我们有地图，所以不会走错。,"We have a map, so we won't go the wrong way.",
2084,按照,ànzhào,according to,按照你说的做吧。,Do it according to what you said.,
2085,美妙,měimiào,wonderful,这个夜晚真美妙。,This night is wonderful.,
2086,失陪,shīpéi,excuse me; I must leave,我有事，先失陪了。,"I have something to do, so please excuse me first.",A polite expression used when leaving someone’s company.
2087,关闭,guānbì,to close; to shut down,请关闭这个机器人。,Please shut down this robot.,
2088,擅长,shàncháng,be good at,他擅长打败机器人。,He is good at defeating robots.,
2089,幻想,huànxiǎng,fantasy; to fantasize,这只是我的幻想。,This is only my fantasy.,"Before an object, it can be a verb: 幻想什么 means “fantasize about something.”"
2090,药物,yàowù,medication; drug,这个药物有效。,This medication works.,
2091,狼,láng,wolf,狼来了！,A wolf is coming!,
2092,模,mó,mold; model,这个模是做玩具的。,This mold is for making toys.,
2093,忍受,rěnshòu,to put up with,我不能再忍受这样了。,I can't put up with this anymore.,
2094,面包,miànbāo,bread,早餐有面包和茶。,Breakfast has bread and tea.,
2095,不仅仅,bùjǐnjǐn,not just; more than,这不仅仅是一个问题。,This is more than just one problem.,
2096,甩,shuǎi,to dump; fling away,他把我甩了。,He dumped me.,
2097,伙伴,huǒbàn,partner; companion,他是我的伙伴，我们一起工作。,"He is my partner, and we work together.",
2098,女友,nǚyǒu,girlfriend,他和女友一起走了。,He left with his girlfriend.,
2099,世纪,shìjì,century,这个世纪已经开始了。,This century has already begun.,
2100,大麻,dàmá,marijuana; hemp,大麻是药物吗？,Is marijuana a drug?,
2101,插,chā,to insert; stick in,请把这个插进去。,Please insert this.,
2102,比尔,bǐěr,Bill,比尔已经走了。,Bill has already left.,
2103,达到,dádào,to reach; achieve,我们已经达到目标了。,We have already reached the goal.,
2104,运,yùn,to transport,他把东西运到商店了。,He transported the things to the store.,
2105,回忆,huíyì,memory; to recall,这些都是我的回忆。,These are all my memories.,"Before an object, it can mean “to recall” — e.g. 回忆那天, “recall that day.”"
2106,邮件,yóujiàn,email,他看了我的邮件。,He read my email.,
2107,明,míng,bright; light,天还不明，他就起来了。,"It was not light yet, but he got up.",
2108,史,shǐ,history,我喜欢看史。,I like reading history.,
2109,动手,dòngshǒu,to start doing; get physical,别动手，他没有做错什么。,Don't get physical; he didn't do anything wrong.,"With a task, 动手 means “start doing it”; without an object in a tense situation, it often means to get physical or attack."
2110,妮,nī,Ni (used in female names),妮，你现在有时间吗？,"Ni, do you have time now?",Usually used as part of a female name.
2111,总之,zǒngzhī,in short; anyway,总之，我们现在就去商店吧。,"Anyway, let's go to the store now.",
2112,英语,yīngyǔ,English,你会说英语吗？,Can you speak English?,
2113,能否,néngfǒu,whether [someone] can,你能否帮我把这个放在这里？,Can you help me put this here?,A formal way to ask whether someone can do something.
2114,可不,kěbù,exactly; indeed,可不，这个真好玩。,"Exactly, this is really fun.",A colloquial expression used to agree strongly with someone.
2115,椅子,yǐzi,chair,请把椅子放在这里。,Please put the chair here.,
2116,干活,gànhuó,to do work,他在大楼里干活。,He works in the building.,Usually refers to doing practical or manual work.
2117,鞋子,xiézi,shoes,你的鞋子在这里。,Your shoes are here.,
2118,清理,qīnglǐ,to clean up,请清理这些东西。,Please clean up these things.,
2119,相同,xiāngtóng,the same; identical,这两个问题不相同。,These two questions are not the same.,
2120,陛下,bìxià,Your Majesty,女王陛下，请看。,"Your Majesty, please look.",A respectful form of address for a monarch.
2121,胜,shèng,to win; victory,这次，我们会胜。,"This time, we will win.",Often used in formal or literary language; 赢 is more common in everyday speech.
2122,完毕,wánbì,completed; finished,工作已经完毕。,The work is already finished.,Usually used in formal contexts after a task is completed.
2123,箱,xiāng,box; case,这个箱很大。,This box is very big.,
2124,血液,xuèyè,blood,血液在身体里不断移动。,Blood keeps moving through the body.,
2125,大卫,dàwèi,David,大卫在这里等你。,David is waiting for you here.,
2126,无论如何,wúlùnrúhé,anyway; in any case,我无论如何都要去。,I have to go anyway.,
2127,味,wèi,taste; smell,这药是什么味？,What does this medicine taste/smell like?,
2128,保佑,bǎoyòu,bless; protect,希望上天保佑我们。,I hope heaven blesses us.,
2129,重点,zhòngdiǎn,key point; main point,你说的重点是什么？,What is the main point of what you said?,
2130,在场,zàichǎng,present; on the scene,当时在场的人都很吃惊。,Everyone present at the time was very surprised.,
2131,最高,zuìgāo,highest,他住在这座大楼的最高层。,He lives on the highest floor of this building.,
2132,需,xū,need; require,如果你需帮助，就告诉我。,"If you need help, tell me.",需 is a formal written alternative to 需要.
2133,体,tǐ,body; form; style,这两个部分是一体的。,These two parts are one integrated whole.,"In 一体, it refers to one integrated whole."
2134,上尉,shàngwèi,captain (military rank),上尉，请告诉我们下一步怎么做。,"Captain, please tell us what to do next.",
2135,不可,bùkě,must not; cannot,这里不可抽烟。,Smoking is not allowed here.,不可 is a formal way to say that something must not be done.
2136,教育,jiàoyù,education; educate,孩子需要好的教育。,Children need a good education.,
2137,谎言,huǎngyán,lie; falsehood,他说的是谎言，我不相信。,What he said is a lie; I don't believe it.,
2138,遇见,yùjiàn,meet; run into,昨天我在商店遇见了他。,I ran into him at the store yesterday.,
2139,耳朵,ěrduǒ,ear,我一只耳朵听不见了。,I can't hear out of one ear anymore.,
2140,世上,shìshàng,in the world,世上没有什么事是你不能做的。,There is nothing in the world that you can't do.,
2141,葬礼,zànglǐ,funeral,葬礼已经完毕了。,The funeral is already over.,
2142,某人,mǒurén,someone; a certain person,某人把我的椅子拿走了。,Someone took my chair away.,
2143,拜,bài,to bow in respect; worship,他给女王拜了两拜。,He bowed twice to the queen.,
2144,婚,hūn,marriage,这门婚是他想要的。,This is the marriage he wants.,
2145,城里,chénglǐ,in the city,城里有很多人。,There are many people in the city.,
2146,委员会,wěiyuánhuì,committee,委员会已经开始工作了。,The committee has already started work.,
2147,机构,jīgòu,organization; institution,这个机构很大。,This organization is very large.,
2148,亮,liàng,bright; shining,这个东西很亮。,This thing is bright.,"As a predicate adjective, 亮 does not need 是; 很 often makes a neutral description."
2149,程度,chéngdù,degree; extent,他的感染程度很高。,His degree of infection is high.,
2150,碎,suì,broken into pieces,这个东西碎了。,This thing broke into pieces.,
2151,盘,pán,plate; tray; round,这个盘是我的。,This plate is mine.,"As a classifier, 盘 can mean a round or serving — e.g. 一盘面包, “a plate of bread.”"
2152,裙子,qúnzi,skirt,这条裙子是她的。,This skirt is hers.,
2153,即将,jíjiāng,be about to,他即将回来。,He is about to come back.,
2154,钻石,zuànshí,diamond,我想要这个钻石。,I want this diamond.,"Also read zuān, meaning “to drill” or “to squeeze into.”"
2155,受不了,shòubùliǎo,cannot stand; cannot bear,这里太热了，我受不了。,It is too hot here; I can't stand it.,
2156,图,tú,picture; map; plan; to seek,这张图里有一只狼。,There is a wolf in this picture.,"As a verb before a noun, 图 means “to seek/aim for” — e.g. 图方便 “seek convenience.”"
2157,艰难,jiānnán,difficult; arduous,虽然很艰难，但是我们还是要做。,"Although it is very difficult, we still have to do it.",艰难 emphasizes hardship and struggle; 困难 is a broader word for a difficulty or something difficult.
2158,在于,zàiyú,lie in; depend on,问题在于我们不知道怎么做。,The problem lies in the fact that we do not know what to do.,"在于 introduces the key point or cause that something lies in, and is followed by a noun or clause."
2159,教训,jiàoxùn,lesson; teach someone a lesson,这是一次很大的教训。,This is a big lesson.,"With a person as its object, 教训 is a verb meaning “teach someone a lesson” — e.g. 教训他 “teach him a lesson.”"
2160,坦白,tǎnbái,frank; to confess,你可以坦白地告诉我。,You can tell me honestly.,"Before an object, 坦白 can mean “to confess” — e.g. 坦白一切 “confess everything.”"
2161,议员,yìyuán,legislator; council member,这个议员在全国很有名。,This legislator is well known throughout the country.,
2162,全国,quánguó,the whole country; nationwide,全国的人都知道这个事。,People throughout the country all know about this.,
2163,订,dìng,to order; book; subscribe,我已经订了两张票。,I have already booked two tickets.,"With things such as 票 or 房间, 订 means “book”; with a newspaper or magazine, it means “subscribe.”"
2164,慈善,císhàn,charity; charitable,她把钱给了一个慈善机构。,She gave the money to a charity.,"Before a noun, 慈善 means “charitable,” as in 慈善机构; 做慈善 means “do charity work.”"
2165,餐馆,cānguǎn,restaurant,这家餐馆的面包很好吃。,The bread at this restaurant is very tasty.,
2166,夫,fū,husband,我夫已经回来了。,My husband has already come back.,夫 is a formal or literary word for “husband”; everyday Mandarin usually says 丈夫.
2167,罗马,luómǎ,Rome,罗马是一个很大的城市。,Rome is a very large city.,
2168,皮肤,pífū,skin,这药物会让你的皮肤很红。,This medicine will make your skin very red.,
2169,部队,bùduì,troops; military unit,这支部队已经到城里了。,This military unit has already arrived in the city.,
2170,区别,qūbié,difference; distinction,我看不出这两个东西有什么区别。,I can't see any difference between these two things.,
2171,背后,bèihòu,behind; at the back of,他在我背后，我没看见他。,"He was behind me, and I didn't see him.",
2172,装置,zhuāngzhì,device; apparatus,这个装置可以关闭。,This device can be turned off.,
2173,全世界,quánshìjiè,the whole world,全世界的人都知道这个人。,People all over the world know this person.,
2174,权力,quánlì,power; authority,他有很大的权力。,He has a lot of power.,
2175,三明治,sānmíngzhì,sandwich,我想吃一个三明治。,I want to eat a sandwich.,
2176,棒球,bàngqiú,baseball,他们在打棒球。,They are playing baseball.,
2177,聊聊,liáoliáo,chat for a bit,我们可以聊聊这个问题。,We can chat about this problem.,The repetition makes it casual and brief: “have a little chat.”
2178,新鲜,xīnxiān,fresh,这个面包很新鲜。,This bread is very fresh.,
2179,左右,zuǒyòu,left and right; around/about,我看了看左右，但是没有人。,"I looked around, but there was no one there.","After a number, 左右 means “around/about” — e.g. 十个人左右, “about ten people.”"
2180,放心,fàngxīn,rest assured; don't worry,你放心，我会帮你。,"Don't worry, I'll help you.",
2181,学会,xuéhuì,learn to; master,我想学会说英语。,I want to learn to speak English.,学会 + verb means to acquire a skill; 会 + verb simply says that someone has that ability.
2182,费,fèi,to cost; fee; expense,这个工作很费时间。,This work takes a lot of time.,
2183,痕迹,hénjì,trace; mark,这里有他来过的痕迹。,There are traces here that he has been here.,
2184,稳定,wěndìng,stable; steady,现在的工作很稳定。,My current job is very stable.,
2185,尊敬,zūnjìng,to respect,我们都很尊敬他。,We all respect him.,
2186,河,hé,river,这里有一条河。,There is a river here.,
2187,司,sī,a Chinese surname,司先生在这里。,Mr. Si is here.,
2188,区域,qūyù,area; region,这个区域里没有人。,There is no one in this area.,
2189,坚强,jiānqiáng,strong; resilient,她很坚强，但是我不行。,"She is very strong, but I am not.",
2190,数据,shùjù,data,这些数据都对。,This data is all correct.,
2191,玻璃,bōlí,glass,这个东西是玻璃的。,This thing is made of glass.,
2192,勇气,yǒngqì,courage,他没有勇气。,He has no courage.,
2193,镜头,jìngtóu,lens; shot,这个镜头很好。,This lens is very good.,
2194,员工,yuángōng,employee,这些员工都在干活。,These employees are all working.,
2195,保,bǎo,to protect; make sure,放心，我会保你没事。,"Don't worry, I'll make sure you're okay.","Before a person, 保 means to protect; before an outcome, it means to make sure or guarantee it — e.g. 保你没事 “make sure you are okay.”"
2196,联盟,liánméng,alliance,他们是一个联盟。,They are an alliance.,
2197,扇,shàn,fan,这把扇很好看。,This fan looks very nice.,"Also read shān, meaning “to fan” or “to slap” — e.g. 扇风 “to fan the air.”"
2198,阳光,yángguāng,sunshine,这里的阳光很好。,The sunshine here is very nice.,
2199,好奇,hàoqí,curious,我很好奇，这是什么？,I'm very curious—what is this?,
2200,觉,jué,to feel; sense,我觉着这不对。,I feel this isn't right.,"Also read jiào, meaning 'sleep' — e.g. 睡个觉 “take a nap.”"
2201,审判,shěnpàn,to judge; put on trial,他们要审判他。,They are going to put him on trial.,
2202,了不起,liǎobùqǐ,amazing; remarkable,他真了不起。,He is really amazing.,
2203,基地,jīdì,base,他们在基地里。,They are at the base.,
2204,砍,kǎn,to chop; cut down,他在砍树。,He is chopping down a tree.,
2205,假设,jiǎshè,to suppose; assume,假设你是他，你会怎么做？,Suppose you were him—what would you do?,
2206,聊天,liáotiān,to chat,我们聊聊天吧。,Let's have a chat.,
2207,之外,zhīwài,besides; outside of,除了这个之外，我什么都没有。,"Besides this, I have nothing.",
2208,嫉妒,jídù,to be jealous of; envy,他嫉妒我。,He is jealous of me.,
2209,借口,jièkǒu,excuse,这不是借口。,This isn't an excuse.,
2210,土地,tǔdì,land,这片土地是他们的。,This land is theirs.,
2211,平,píng,flat; level,这条路很平。,This road is very flat.,
2212,保姆,bǎomǔ,nanny; housekeeper,保姆来了。,The nanny is here.,
2213,摇滚,yáogǔn,rock music,他喜欢摇滚。,He likes rock music.,
2214,放手,fàngshǒu,to let go,你放手吧。,Let go.,
2215,抱怨,bàoyuàn,to complain,他抱怨工作太多。,He complains that there is too much work.,
2216,注意力,zhùyìlì,attention,请把注意力放在这个问题上。,Please focus your attention on this question.,
2217,页,yè,page,你看这一页。,Look at this page.,
2218,承受,chéngshòu,to bear; to endure,我承受不了这么多。,I can't bear this much.,
2219,签名,qiānmíng,signature; to sign,请在这里签名。,Please sign here.,"As a verb, 签名 means to sign one's name. After a possessive, it is a noun: 他的签名 means “his signature.”"
2220,时尚,shíshàng,fashionable,这条裙子很时尚。,This skirt is fashionable.,
2221,的话,dehuà,if,你有时间的话，我们就一起去。,"If you have time, we'll go together.","After a clause, 的话 turns it into an if-condition; it often follows a condition without 如果."
2222,文章,wénzhāng,article; essay,这篇文章很好。,This article is very good.,
2223,打架,dǎjià,to fight,他们又打架了。,They fought again.,
2224,病毒,bìngdú,virus,这个病毒会让人死。,This virus can make people die.,
2225,天赋,tiānfù,talent; natural gift,她很有天赋。,She is very talented.,
2226,整天,zhěngtiān,all day,他整天都在工作。,He works all day.,
2227,海滩,hǎitān,beach,我们一起去海滩吧。,Let's go to the beach together.,
2228,设备,shèbèi,equipment; device,这个设备可以用。,This equipment can be used.,
2229,打击,dǎjī,blow; to strike,这次打击很大，但是他很坚强。,"This blow was huge, but he was strong.",
2230,泡,pào,to soak; steep; bubble,我把衣服泡在水里。,I soaked the clothes in water.,"With tea or coffee as the object, it means “to steep” — e.g. 泡茶 “make tea.” As a noun, it can mean “bubble” — e.g. 水里有泡 “there are bubbles in the water.”"
2231,描述,miáoshù,to describe; description,你能描述一下那个问题吗？,Can you describe that problem?,"When it takes an object, it is a verb — e.g. 描述问题 “describe the problem.”"
2232,神像,shénxiàng,statue of a god,这座神像很古老。,This statue of a god is very old.,
2233,医疗,yīliáo,medical care,这个地区的医疗条件很好。,Medical care in this area is very good.,
2234,袋,dài,bag; sack; bagful,这个袋里有什么？,What is in this bag?,"After a number, 袋 is a measure word for bagfuls — e.g. 一袋钱 “a bag of money.”"
2235,类似,lèisì,similar,这两个问题很类似。,These two problems are very similar.,
2236,隐藏,yǐncáng,to hide; conceal,他把钱隐藏起来了。,He hid the money.,
2237,硬,yìng,hard; stiff,这个东西太硬了，打不开。,This thing is too hard to open.,
2238,语言,yǔyán,language,中文是一种语言。,Chinese is a language.,
2239,标准,biāozhǔn,standard; criterion,这就是我们的标准。,This is our standard.,
2240,激情,jīqíng,passion,他对工作很有激情。,He has a lot of passion for his work.,
2241,注射,zhùshè,to inject; injection,医生给他注射了药。,The doctor injected him with medicine.,"After words such as 接受 or a number of times, 注射 is a noun — e.g. 接受注射 “receive an injection.”"
2242,治,zhì,to treat; govern; manage,这个医生能治好你。,This doctor can cure you.,"With a country or area as its object, 治 means “to govern or manage” — e.g. 治国 “govern a country.”"
2243,车子,chēzi,car,这车子是谁的？,Whose car is this?,
2244,阁下,géxià,Your Excellency; sir or madam,阁下，请坐。,"Your Excellency, please sit.","A formal, respectful way to address someone."
2245,当作,dàngzuò,to treat as,别把我当作孩子。,Don't treat me like a child.,
2246,工,gōng,work; job,这工不好做。,This job isn't easy to do.,
2247,南,nán,south,南边有一条河。,There is a river to the south.,
2248,奥,ào,oh,奥，我明白了。,"Oh, I understand now.",奥 is an informal spelling of the interjection more commonly written 哦 or 噢.
2249,许,xǔ,to allow,我不许你去。,I won't allow you to go.,
2250,娶,qǔ,to marry (a woman),他想娶她。,He wants to marry her.,
2251,文,wén,text; writing,这篇文很好。,This text is very good.,
2252,处于,chǔyú,to be in (a state),这个区域现在处于稳定状态。,This area is currently in a stable state.,
2253,犹太人,yóutàirén,Jewish person,他是犹太人。,He is Jewish.,
2254,提要,tíyào,summary; outline,这篇文章有提要吗？,Does this article have a summary?,
2255,投资,tóuzī,to invest; investment,他们想投资这个餐馆。,They want to invest in this restaurant.,
2256,过分,guòfèn,excessive; over the line,你这样太过分了。,You're going too far.,
2257,对象,duìxiàng,object; target; partner,他不是我的对象。,He isn't my partner.,"With 我的, it often means a romantic partner — e.g. 我的对象, “my partner.”"
2258,期,qī,period; issue; to expect,这期的文章很好。,The articles in this issue are very good.,"In 这期, it refers to a particular issue or installment. As a formal verb, it can mean “to expect” — e.g. 期望他来, “expect him to come.”"
2259,见见,jiànjiàn,to meet briefly,我们去见见他们吧。,Let's go meet them.,
2260,一致,yízhì,consistent; in agreement,他们的想法一致。,Their ideas are in agreement.,
2261,贴,tiē,stick; paste; post,把照片贴在墙上。,Stick the photo on the wall.,
2262,转移,zhuǎnyí,transfer; shift,他想把钱转移到别的地方。,He wants to transfer the money somewhere else.,
2263,管理,guǎnlǐ,manage; management,她管理这个公司。,She manages this company.,
2264,保密,bǎomì,keep secret; confidential,这个计划要保密。,This plan must be kept secret.,
2265,摆脱,bǎituō,break free from; get rid of,他想摆脱这个问题。,He wants to get rid of this problem.,
2266,助手,zhùshǒu,assistant,他是我的助手。,He is my assistant.,
2267,魅力,mèilì,charm,她很有魅力。,She is very charming.,
2268,实验,shíyàn,experiment,我们先做实验，然后看结果。,"We will do the experiment first, then look at the results.",
2269,误会,wùhuì,misunderstanding; misunderstand,这是一个误会。,This is a misunderstanding.,
2270,启动,qǐdòng,start; launch,请启动这个设备。,Please start this device.,
2271,哟,yō,oh; hey,你也在这里哟！,"Oh, you're here too!",
2272,建,jiàn,build; establish,他们要在这里建一个新基地。,They want to build a new base here.,
2273,恋爱,liànài,be in love; romantic relationship,他们在恋爱。,They are in a romantic relationship.,
2274,小时候,xiǎoshíhòu,when (someone) was little,我小时候常常和她一起玩。,"When I was little, I often played with her.",
2275,话题,huàtí,topic,这个话题，我们不想再说了。,We don't want to talk about this topic anymore.,
2276,市场,shìchǎng,market,这个市场里人很多。,There are a lot of people in this market.,
2277,栋,dòng,measure word for buildings,这栋楼很大。,This building is big.,"栋 is the measure word used for buildings, as in 这栋楼 “this building.”"
2278,木,mù,wood,这个东西是木的。,This thing is made of wood.,"With 的, 木 can describe something as wooden: 木的 means “made of wood.”"
2279,团,tuán,group; troupe,这个团有两个人。,This group has two people.,
2280,练,liàn,to practice,我们一起练吧。,Let's practice together.,
2281,迷人,mírén,charming,这里的阳光很迷人。,The sunshine here is charming.,
2282,加州,jiāzhōu,California,我想去加州。,I want to go to California.,
2283,桥,qiáo,bridge,这座桥很大。,This bridge is big.,
2284,建筑,jiànzhù,building; construction,这个建筑很大。,This building is big.,"As a noun, 建筑 means “building.” Before an object, it can mean “to construct” — e.g. 建筑一座桥 “construct a bridge.”"
2285,迪,dí,Di (a name),迪来了。,Di has come.,
2286,举行,jǔxíng,to hold (an event),审判在这里举行。,The trial is being held here.,
2287,损失,sǔnshī,loss; to lose,这次损失很大。,The loss this time was great.,"Before an object, 损失 can mean “to lose” — e.g. 损失很多钱 “lose a lot of money.”"
2288,码,mǎ,code; number,这个码不对。,This code is wrong.,
2289,王子,wángzǐ,prince,那个王子来了。,That prince has come.,
2290,丹,dān,Dan (a name),丹，你可以帮我吗？,"Dan, can you help me?",
2291,退后,tuìhòu,step back,你先退后，让他过。,Step back first and let him pass.,
2292,自豪,zìháo,proud,他的天赋让我们很自豪。,His talent makes us very proud.,
2293,肚子,dǔzi,belly; stomach,我的肚子很大。,My belly is very big.,
2294,伊,yī,Yi (a name),伊，你现在可以来吗？,"Yi, can you come now?",
2295,开除,kāichú,fire; dismiss,他被开除了。,He was fired.,
2296,不仅,bùjǐn,not only,他不仅会说，还会写。,"He can not only speak, but also write.",Not仅 is usually paired with 还 or 也 before the second part.
2297,夏天,xiàtiān,summer,夏天的时候，我们都想去海滩。,"In summer, we all want to go to the beach.",
2298,饼干,bǐnggān,cookie; biscuit,我喜欢这个饼干。,I like this cookie.,
2299,证,zhèng,certificate; proof,请给我看你的证。,Please show me your ID.,
2300,母,mǔ,mother; female (animal),这是一只母猫。,This is a female cat.,
2301,麦,mài,wheat,土地上有很多麦。,There is a lot of wheat on the land.,
2302,可笑,kěxiào,ridiculous; laughable,这太可笑了。,This is too ridiculous.,
2303,热情,rèqíng,warm; enthusiastic,她对我们很热情。,She is very warm toward us.,
2304,作证,zuòzhèng,testify; give evidence,他能为我作证。,He can testify for me.,
2305,好笑,hǎoxiào,funny,他说的话很好笑。,What he said is very funny.,好笑 usually means “funny.” 可笑 can also mean “ridiculous” or deserving scorn.
2306,说法,shuōfǎ,way of saying; formulation,这个说法跟那个说法不一样。,This way of saying it is different from that one.,
2307,开口,kāikǒu,open one's mouth; start speaking,他想说，但是没有开口。,"He wanted to speak, but he did not open his mouth.",
2308,国际,guójì,international,这是一个国际市场。,This is an international market.,
2309,仪式,yíshì,ceremony; ritual,他们在这里举行了一个仪式。,They held a ceremony here.,
2310,投入,tóurù,invest; put into; devote,他把钱投入这个市场了。,He invested money in this market.,"With time or energy as the object, 投入 means “devote” — e.g. 投入时间 “devote time.”"
2311,成熟,chéngshú,mature; ripe,这个孩子已经成熟了。,This child has already matured.,
2312,恋,liàn,love; be attached to,他恋着她，但是她不知道。,"He loves her, but she does not know.",恋 is a literary or formal verb meaning to love or be emotionally attached to someone or something.
2313,谋杀案,móushāàn,murder case,他们都在说这个谋杀案。,They are all talking about this murder case.,
2314,混乱,hùnluàn,chaos; disorder,这里很混乱，我们还是走吧。,It is very chaotic here; we should still leave.,
2315,信心,xìnxīn,confidence; faith,我对你很有信心。,I have a lot of confidence in you.,
2316,当成,dàngchéng,treat as; mistake for,别把这个当成那个。,Do not mistake this for that.,
2317,经,jīng,through; via; after,经你同意后，我们才开始。,We only started after you agreed.,"Before a person or an action, 经 means “through” or “after,” often in formal writing — e.g. 经你同意后 “after you agreed.”"
2318,惨,cǎn,miserable; tragic,这个孩子很惨。,This child is miserable.,
2319,联络,liánluò,contact; get in touch,有事就跟我联络。,Contact me if there is anything.,
2320,癌症,áizhèng,cancer,他得了癌症。,He has cancer.,
2321,抬,tái,lift; raise,请把这个抬起来。,Please lift this up.,
2322,爵士,juéshì,jazz; knight/sir,我喜欢听爵士。,I like listening to jazz.,"Before 乐 or 音乐, 爵士 means “jazz,” as in 爵士乐 “jazz music.” As a title after a name, it can mean “Sir/knight,” as in 汤姆爵士 “Sir Tom.”"
2323,表明,biǎomíng,indicate; show,这表明他知道。,This shows that he knows.,
2324,飞行,fēixíng,fly; flight,飞行已经开始了。,The flight has already started.,
2325,剑,jiàn,sword,他拿着一把剑。,He is holding a sword.,
2326,幅,fú,measure word for pictures,这幅画很大。,This painting is very big.,
2327,老公,lǎogōng,husband,她的老公来了。,Her husband has arrived.,
2328,注,zhù,bet; stake,他下了一注。,He placed a bet.,
2329,天才,tiāncái,genius,他真是个天才。,He really is a genius.,
2330,工具,gōngjù,tool,这个工具很好用。,This tool is easy to use.,
2331,骨头,gǔtou,bone,他拿着一块骨头。,He is holding a bone.,
2332,送给,sònggěi,give to,我把这个送给你。,I’ll give this to you.,
2333,言,yán,words; speak,不要多言。,Don’t say too much.,"言 is formal or literary. In everyday speech, 说 is more common."
2334,踩,cǎi,step on,别踩这个。,Don’t step on this.,
2335,忍,rěn,endure; hold back,我不能再忍了。,I can't put up with it anymore.,
2336,醒来,xǐnglái,wake up,我醒来以后，就去工作了。,"After I woke up, I went to work.",
2337,市长,shìzhǎng,mayor,市长已经来了，所以我们开始吧。,"The mayor has arrived, so let's begin.",
2338,男生,nánshēng,male student,那个男生在这里吗？,Is that male student here?,
2339,发射,fāshè,launch; fire,现在可以发射了吗？,Can we launch now?,
2340,之内,zhīnèi,within,请在两天之内把钱给我。,Please give me the money within two days.,
2341,考试,kǎoshì,take an exam; exam,我明天要考试，所以现在不能跟你出去。,"I have an exam tomorrow, so I can't go out with you now.",
2342,生存,shēngcún,survive,没有水，人不能生存。,"Without water, people cannot survive.",
2343,犯人,fànrén,criminal; prisoner,犯人被带走了。,The prisoner was taken away.,
2344,名人,míngrén,celebrity; famous person,这个名人也来了。,This celebrity came too.,
2345,海军,hǎijūn,navy,他在海军工作。,He works in the navy.,
2346,第五,dìwǔ,fifth,这是第五次。,This is the fifth time.,第 goes before a number to form an ordinal.
2347,假如,jiǎrú,if,假如你想去，我们就一起去吧。,"If you want to go, let's go together.",
2348,纹,wén,lines; pattern,木上有很多纹。,There are many lines in the wood.,
2349,结局,jiéjú,ending; outcome,这个故事的结局很好。,The ending of this story is very good.,
2350,化,huà,to melt; dissolve,冰会化。,Ice melts.,
2351,非法,fēifǎ,illegal,非法的事不能做。,Illegal things must not be done.,
2352,合同,hétóng,contract,请看一下合同。,Please take a look at the contract.,
2353,剪,jiǎn,to cut (with scissors),请把这个剪下来。,Please cut this out.,
2354,竞争,jìngzhēng,competition; to compete,市场竞争很大。,There is a lot of competition in the market.,
2355,小家伙,xiǎojiāhuo,little guy,这个小家伙会走了。,This little guy can walk now.,
2356,没事儿,méishìér,it's okay; no problem,没事儿，你可以走了。,"It's okay, you can go now.",
2357,争取,zhēngqǔ,to strive for; win,我们要争取更多时间。,We need to gain more time.,
2358,判,pàn,to judge; sentence,谁对谁错，请你来判。,Who is right and who is wrong? Please decide.,
2359,接下来,jiēxiàlái,next; from here on,接下来我们做什么？,What do we do next?,
2360,乔伊,qiáoyī,Joey,乔伊，你现在可以走了。,"Joey, you can go now.",
2361,胸,xiōng,chest,他的胸被打了。,His chest was hit.,
2362,人人,rénrén,everyone,人人都有自己的问题。,Everyone has their own problems.,
2363,车祸,chēhuò,car accident,他在车祸中死了。,He died in a car accident.,
2364,当地,dāngdì,local; the area,当地人都知道这个事。,Local people all know about this.,
2365,信用卡,xìnyòngkǎ,credit card,我可以用信用卡吗？,Can I use a credit card?,
2366,早晨,zǎochén,morning,早晨我就开始工作了。,I started work in the morning.,
2367,滚开,gǔnkāi,get lost,你滚开！,Get lost!,
2368,微笑,wēixiào,to smile,她看到孩子就微笑了。,She smiled when she saw the child.,
2369,人家,rénjiā,other people; I (cutesy),人家都开始了，我们还在等。,"Everyone else has already started, and we are still waiting.","When used in an affected or cutesy way, 人家 can refer to the speaker: 人家想去, “I want to go.”"
2370,电梯,diàntī,elevator,电梯里人太多了，我们走吧。,There are too many people in the elevator; let's walk.,
2371,辈子,bèizi,lifetime,我一辈子都爱你。,I will love you for my whole life.,
2372,出口,chūkǒu,exit,出口在这里。,The exit is here.,
2373,左边,zuǒbiān,left side,我在你左边。,I am on your left.,
2374,爆,bào,to explode,那个东西要爆了，快走！,That thing is about to explode—go quickly!,
2375,托,tuō,to ask someone to do something,我想托你把这个送给她。,I want to ask you to give this to her.,
2376,动机,dòngjī,motive,我不知道他这样做的动机。,I don't know his motive for doing this.,
2377,礼拜,lǐbài,week; worship,这个礼拜我很忙，但是下个礼拜可以见你。,"I am very busy this week, but I can see you next week.","In religious contexts, 礼拜 can mean “worship,” usually in 做礼拜: 做礼拜, “to worship.”"
2378,蛇,shé,snake,蛇在这里，你别过来。,There is a snake here; don't come over.,
2379,乖,guāi,well-behaved,我们都喜欢这个孩子，因为他很乖。,We all like this child because he is well-behaved.,
2380,黑色,hēisè,black,这是什么黑色的东西？,What is this black thing?,
2381,名叫,míngjiào,be called; be named,他名叫乔伊。,His name is Joey.,
2382,欺骗,qīpiàn,to deceive,你为什么欺骗我？,Why did you deceive me?,
2383,监控,jiānkòng,monitor; surveillance,他们在监控这里。,They are monitoring this place.,
2384,发出,fāchū,send out; emit,这个东西发出了很大的声音。,This thing made a very loud sound.,
2385,拍照,pāizhào,take a photo,我们一起拍照吧。,Let's take a photo together.,
2386,船上,chuánshàng,on a boat; on board,他们都在船上。,They are all on the boat.,
2387,穿过,chuānguò,pass through; cross,他从这里穿过。,He passed through here.,
2388,并非,bìngfēi,not; is not,这并非我的东西。,This is not my thing.,"并非 is a more emphatic, somewhat formal way to say 不是."
2389,彼得,bǐdé,Peter,彼得在这里吗？,Is Peter here?,
2390,做爱,zuòài,have sex,他们在做爱。,They are having sex.,
2391,同学,tóngxué,classmate,他是我的同学。,He is my classmate.,
2392,非洲,fēizhōu,Africa,他从非洲来。,He is from Africa.,
2393,警报,jǐngbào,alarm; alert,警报响了！,The alarm went off!,
2394,出局,chūjú,be eliminated; be out,他在竞争中出局了。,He was eliminated from the competition.,
2395,内部,nèibù,interior; internal,他们内部很混乱，但是人家不知道。,"Things are very chaotic internally for them, but other people do not know.",
2396,人质,rénzhì,hostage,犯人把人质带走了。,The criminal took the hostage away.,
2397,一会,yīhuì,a while; a moment,你在这里等我一会吧。,Wait for me here for a while.,
2398,扮演,bànyǎn,play; portray (a role),他扮演一个犯人。,He plays a criminal.,
2399,北,běi,north,我们往北走吧。,Let's walk north.,
2400,服,fú,be convinced; concede; obey,我真服了你。,I really have to hand it to you.,"With 了, 服 often means to concede or be impressed, as in 我服了 ""I concede."" In 不服, it means ""refuse to accept or submit."""
2401,系,xì,department; system,这个系的人很多，而且都很好。,"There are many people in this department, and they are all very nice.","Also read jì, meaning ""to tie or fasten"" — e.g. 系好 ""tie it properly."""
2402,姿势,zīshì,posture; position,你的姿势不对。,Your posture is not right.,
2403,宇宙,yǔzhòu,universe,宇宙真的很大。,The universe is really big.,
2404,瞎,xiā,blind; blindly; recklessly,你别瞎说。,Don't talk nonsense.,"Before a verb, 瞎 means ""blindly"" or ""recklessly,"" as in 瞎说 ""talk nonsense."" Before 了, it can mean ""blind,"" e.g. 他瞎了 ""he went blind."""
2405,面试,miànshì,interview,接下来我有一个面试。,I have an interview coming up.,
2406,汤,tāng,soup,这个汤很好。,This soup is good.,
2407,最新,zuìxīn,latest; newest,这个是最新的。,This is the newest one.,
2408,丽,lì,Li (a given name),丽在这里。,Li is here.,
2409,卧室,wòshì,bedroom,他在卧室里，但是不想出来。,"He is in the bedroom, but he does not want to come out.",
2410,远离,yuǎnlí,stay away from,请远离这个地方。,Please stay away from this place.,
2411,剧本,jùběn,script,这个剧本很好。,This script is very good.,
2412,请问,qǐngwèn,excuse me; may I ask,请问，这里有电梯吗？,"Excuse me, is there an elevator here?",
2413,手指,shǒuzhǐ,finger,别踩我的手指！,Don't step on my fingers!,
2414,盒,hé,box; carton,给我一盒。,Give me a box.,
2415,证实,zhèngshí,confirm; prove,这证实了他是对的。,This proves that he is right.,
2416,哎,āi,hey; oh,哎，你还好吗？,"Hey, are you okay?",
2417,迈阿密,màiāmì,Miami,彼得在迈阿密。,Peter is in Miami.,
2418,一路,yīlù,all the way,我们一路走到这里。,We walked all the way here.,
2419,游,yóu,swim; travel,我不会游，你会吗？,I can't swim; can you?,"Before a place, 游 can mean “travel around” — e.g. 游中国 “travel around China.”"
2420,姓,xìng,surname; be surnamed,你姓什么？,What is your surname?,
2421,资格,zīgé,qualification,你没有这个资格。,You don't have the qualifications for this.,
2422,作家,zuòjiā,writer,她想当作家。,She wants to be a writer.,
2423,辞职,cízhí,resign,他辞职了，所以现在没工作。,"He resigned, so he doesn't have a job now.",
2424,被告,bèigào,defendant,被告说他没做。,The defendant said he didn't do it.,
2425,钱包,qiánbāo,wallet,我的钱包在这里。,My wallet is here.,
2426,客,kè,guest; customer,有客来找你。,A guest has come to see you.,"Used alone, 客 is somewhat formal or concise; it is more often seen in words for guests or customers."
2427,诚实,chéngshí,honest,他很诚实，从不欺骗我。,He is very honest and never deceives me.,
2428,贱人,jiànrén,bitch; contemptible person,别叫人家贱人。,Don't call someone a bitch.,"A strong, offensive insult."
2429,合法,héfǎ,legal; lawful,这个合同是合法的吗？,Is this contract legal?,
2430,粉丝,fěnsī,fan; vermicelli,我是这个名人的粉丝。,I am a fan of this celebrity.,"When referring to food, 粉丝 means vermicelli — e.g. 汤里的粉丝, “vermicelli in the soup.”"
2431,级,jí,level; grade,这个考试有五级。,This exam has five levels.,
2432,谢天谢地,xiètiānxièdì,thank goodness,谢天谢地，你没事儿。,"Thank goodness, you're okay.",
2433,救救,jiùjiù,help me!,救救我吧！,Help me!,"The repeated 救 makes this an urgent, desperate plea for help."
2434,搜索,sōusuǒ,to search,我们现在搜索这个人。,Let's search for this person now.,
2435,好久,hǎojiǔ,a long time,我好久没见他了。,I haven't seen him in a long time.,
2436,工厂,gōngchǎng,factory,他在工厂工作。,He works at a factory.,
2437,留给,liúgěi,to leave for,把这个留给他吧。,Leave this for him.,
2438,走运,zǒuyùn,lucky,你真走运，考试过了。,You're really lucky—you passed the exam.,
2439,吸毒,xīdú,to use drugs,吸毒是非法的。,Using drugs is illegal.,
2440,独立,dúlì,independent,这个孩子很独立。,This child is very independent.,
2441,到来,dàolái,to arrive; arrival,新的开始就要到来了。,A new beginning is about to arrive.,
2442,查查,zhāzhā,check; look over,你先查查，然后告诉我。,"Check first, then tell me.",
2443,决赛,juésài,final match,决赛要开始了。,The final is about to start.,
2444,食,shí,food,食和水都没有了。,There is no food or water left.,A formal or literary word for food.
2445,手段,shǒuduàn,method; means,这不是一个好手段。,This is not a good method.,
2446,扣,kòu,fasten; deduct; hold back,别把我的钱扣了。,Don't deduct my money.,"With money as the object, 扣 means “deduct” — e.g. 扣钱 “deduct money.”"
2447,顾客,gùkè,customer,这个顾客要什么？,What does this customer want?,
2448,农场,nóngchǎng,farm,他们在农场工作。,They work on a farm.,
2449,网络,wǎngluò,internet; network,我们可以在网络上找。,We can look online.,
2450,口袋,kǒudài,pocket,钱在我的口袋里。,The money is in my pocket.,
2451,方便,fāngbiàn,convenient; to use the restroom,这里有电梯，所以很方便。,"There is an elevator here, so it is very convenient.","In 去方便, it is a polite way to say “use the restroom” — e.g. 我去方便一下 “I’m going to use the restroom.”"
2452,时机,shíjī,right time; opportunity,现在不是好时机。,Now is not a good time.,
2453,存,cún,save; store; exist,把钱存起来吧。,Save the money.,"With money as the object, 存 means “save” or “deposit” — e.g. 存钱 “save money.” In 存在, it means “exist” — e.g. 不存在 “does not exist.”"
2454,毛病,máobìng,fault; minor illness,这个东西有毛病。,There is something wrong with this thing.,"With a person as the subject, 有毛病 can mean “be ill” or, informally, “have something wrong with them” — e.g. 他有毛病 “There is something wrong with him.”"
2455,香,xiāng,fragrant; smells good,这汤很香。,This soup smells very good.,
2456,百,bǎi,hundred,这里有一百个顾客。,There are one hundred customers here.,
2457,印度,yìndù,India,他在印度工作。,He works in India.,
2458,交流,jiāoliú,communicate; exchange,我想跟你交流。,I want to communicate with you.,
2459,辩护,biànhù,defend; defense,被告请他为自己辩护。,The defendant asked him to defend him.,
2460,打扮,dǎbàn,dress up; outfit,玛丽在卧室里打扮。,Mary is dressing up in the bedroom.,
2461,晕,yūn,dizzy; faint,我有点晕，不能走。,I am a little dizzy and can't walk.,
2462,黄,huáng,yellow,这个盒子是黄的。,This box is yellow.,
2463,起码,qǐmǎ,at least,起码我们还有时间。,At least we still have time.,
2464,嫌犯,xiánfàn,suspect,嫌犯在这里。,The suspect is here.,
2465,公开,gōngkāi,public; make public,这事不能公开。,This matter cannot be made public.,
2466,行李,xínglǐ,luggage,行李在电梯里。,The luggage is in the elevator.,
2467,玛丽,mǎlì,Mary,玛丽是彼得的同学。,Mary is Peter's classmate.,
2468,宁愿,nìngyuàn,would rather,我宁愿走，也不坐电梯。,I would rather walk than take the elevator.,
2469,隐瞒,yǐnmán,conceal,他不想隐瞒这事。,He does not want to conceal this matter.,
2470,观点,guāndiǎn,point of view,我不喜欢他的观点。,I don't like his point of view.,
2471,地板,dìbǎn,floor,地板上有一个钱包。,There is a wallet on the floor.,
2472,悲伤,bēishāng,sadness; sad,她很悲伤，但是没有说话。,"She is very sad, but she didn't say anything.",
2473,尖叫,jiānjiào,to scream,她看见那个东西就尖叫了。,She screamed as soon as she saw that thing.,
2474,网上,wǎngshàng,online,我在网上找到了工作。,I found a job online.,
2475,说不定,shuōbùdìng,maybe; perhaps,说不定他一会来。,Maybe he'll come in a little while.,
2476,小丑,xiǎochǒu,clown,那个小丑给孩子拍照。,That clown is taking pictures of the child.,
2477,剧,jù,drama; play,这个剧我看过了。,I've watched this drama.,
2478,小说,xiǎoshuō,novel,这个作家写小说。,This writer writes novels.,
2479,年龄,niánlíng,age,我不知道她的年龄。,I don't know her age.,
2480,交换,jiāohuàn,to exchange; swap,我和同学交换了照片。,My classmate and I exchanged photos.,
2481,雪,xuě,snow,下雪了。,It's snowing.,
2482,符合,fúhé,to match; conform to,这不符合我们的要求。,This doesn't meet our requirements.,
2483,拥抱,yōngbào,to hug; embrace,她拥抱了孩子。,She hugged the child.,
2484,万一,wànyī,in case; if by any chance,万一他不来，我们就走吧。,"If he doesn't come, we'll leave.","Introduces a possible, usually unwanted situation."
2485,社区,shèqū,community,我们都在这个社区。,We all live in this community.,
2486,助理,zhùlǐ,assistant,她是我的助理。,She is my assistant.,
2487,发明,fāmíng,to invent; invention,这是他的发明。,This is his invention.,"Before an object, it means “to invent” — e.g. 他发明这个东西 “he invented this thing.”"
2488,通话,tōnghuà,to talk on the phone; phone call,我在跟她通话。,I am talking with her on the phone.,
2489,贵,guì,expensive,这个很贵。,This is expensive.,
2490,交通,jiāotōng,traffic; transportation,这里交通很方便。,Transportation here is very convenient.,
2491,演唱,yǎnchàng,to sing; perform a song,她演唱这首歌。,She sings this song.,
2492,重大,zhòngdà,major; significant,这是个重大问题。,This is a major problem.,
2493,组合,zǔhé,to combine; combination; group,这个组合有两个人。,This group has two people.,"Before an object, it means “to combine” — e.g. 把这些组合起来 “combine these together.”"
2494,思想,sīxiǎng,thought; ideas,他的思想跟我的不一样。,His ideas are different from mine.,
2495,唱片,chàngpiàn,record,这张唱片是他的。,This record is his.,
2496,骑士,qíshì,knight,那个骑士来了。,That knight has come.,
2497,洗手间,xǐshǒujiān,restroom,洗手间在楼上。,The restroom is upstairs.,
2498,哈哈,hāhā,haha,哈哈，你真好！,"Haha, you are so nice!",
2499,楼上,lóushàng,upstairs,他在楼上。,He is upstairs.,
2500,载,zài,carry; load,这辆车能载很多人。,This vehicle can carry many people.,
2501,逮,dǎi,catch; arrest,他们逮到嫌犯了。,They caught the suspect.,
2502,圣诞老人,shèngdànlǎorén,Santa Claus,孩子想见圣诞老人。,The child wants to see Santa Claus.,
2503,镜,jìng,mirror,这是一面镜。,This is a mirror.,
2504,针对,zhēnduì,be aimed at,这个问题是针对你的。,This question is aimed at you.,
2505,肥,féi,fat,这只猫太肥了。,This cat is too fat.,
2506,一分,yīfēn,one point; one fen,这次你得了一分。,You got one point this time.,"In a score, 一分 means “one point” — e.g. 得一分 “score one point.” When talking about money, it means one fen, a very small unit of currency."
2507,具体,jùtǐ,specific; concrete,你能说得具体一点吗？,Can you be a little more specific?,
2508,版,bǎn,edition; version,这本小说有两版。,This novel has two editions.,
2509,领导,lǐngdǎo,leader; to lead,我们的领导来了。,Our leader has arrived.,"Before a person or group object, 领导 means “to lead” — e.g. 领导我们 “lead us.”"
2510,共同,gòngtóng,shared; jointly,这是我们共同的观点。,This is our shared view.,"Before a verb, 共同 means “jointly” — e.g. 共同做 “do together.”"
2511,曲,qū,bent; curved,这条路很曲。,This road is very winding.,"Also read qǔ, meaning “tune; song.”"
2512,洗澡,xǐzǎo,take a bath; shower,我们先洗澡，然后再走。,"We'll shower first, then leave.",
2513,针,zhēn,needle,地板上有一根针。,There is a needle on the floor.,
2514,填,tián,fill in; fill out,请把这个表填好。,Please fill out this form.,
2515,稍微,shāowēi,slightly; a little,请稍微等我一下。,Please wait for me a moment.,
2516,饮料,yǐnliào,drink; beverage,你要什么饮料？,What drink do you want?,
2517,公路,gōnglù,highway; main road,这条公路很长，但是很好走。,"This highway is long, but it is easy to travel on.",
2518,闪,shǎn,flash; move aside/dodge,灯闪了一下。,The light flashed.,"In 闪开, it means “move aside” — e.g. 快闪开 “move aside quickly.”"
2519,铁,tiě,iron,这个东西是铁的。,This thing is made of iron.,
2520,主题,zhǔtí,theme; topic,这个剧的主题是什么？,What is the theme of this show?,
2521,海盗,hǎidào,pirate,那个海盗把钱拿走了。,That pirate took the money away.,
2522,一点儿,yìdiǎnér,a little,我想要一点儿水。,I want a little water.,
2523,既,jì,both; since,他既有钱，又有时间。,He has both money and time.,既 is often used in the pattern 既...又... for “both A and B” — e.g. 他既有钱，又有时间 “he has both money and time.”
2524,幸存者,xìngcúnzhě,survivor,他是这次火灾的幸存者。,He is a survivor of this fire.,
2525,增加,zēngjiā,increase; add,这个农场的顾客增加了。,This farm has more customers now.,"With an object, 增加 means “add” or “increase” something — e.g. 增加一点儿钱 “add a little money.”"
2526,当中,dāngzhōng,among; in the middle of,他们当中也有我。,I am among them too.,"After a group, 当中 means “among,” as in 他们当中. For a physical location, 在...当中 means “in the middle of” — e.g. 在人群当中 “in the middle of the crowd.”"
2527,牙齿,yáchǐ,tooth; teeth,我的牙齿有毛病。,There is something wrong with my teeth.,
2528,敲,qiāo,knock,请敲门，然后进来。,"Please knock on the door, then come in.",
2529,绕,rào,go around; wind around,我们绕着这个农场走吧。,Let's walk around this farm.,
2530,头脑,tóunǎo,mind; brain,这件事让我的头脑很乱。,This matter has made my mind very confused.,
2531,主任,zhǔrèn,director; person in charge,主任已经在办公室等我们了。,The director is already waiting for us in the office.,
2532,直升机,zhíshēngjī,helicopter,一架直升机飞过农场了。,A helicopter flew over the farm.,
2533,渴望,kěwàng,to long for,我一直渴望能见到你。,I have always longed to see you.,
2534,领,lǐng,to lead; collect/receive; collar,校长领我们去看新的农场。,The principal led us to see the new farm.,"Before a person plus a direction or place, 领 means “to lead” — e.g. 领我们去学校 “lead us to school.” With something like 钱 after it, it means “to collect/receive” — e.g. 领钱 “collect money.” In 衣领, it means “collar.”"
2535,校长,xiàozhǎng,principal; headmaster,校长已经到学校了。,The principal has already arrived at school.,
2536,加拿大,jiānádà,Canada,玛丽在加拿大工作。,Mary works in Canada.,
2537,驾驶,jiàshǐ,to drive; operate,他会驾驶这辆车。,He can drive this car.,
2538,溜,liū,to slip away; stroll,他看见领导来了，就溜了。,"When he saw the leader arrive, he slipped away.","Before a directional complement, 溜 often means to sneak or slip away — e.g. 溜出去 “slip out.”"
2539,全力,quánlì,with all one's strength,为了帮你，我们会全力帮你找。,"In order to help you, we will do our utmost to help you look.",
2540,一团糟,yītuánzāo,a complete mess,孩子把房间弄得一团糟。,The child made the room a complete mess.,
2541,太空,tàikōng,outer space,人什么时候能去太空？,When will people be able to go to outer space?,
2542,生病,shēngbìng,to get sick,他生病了，所以今天没来。,"He got sick, so he did not come today.",
2543,艾,ài,mugwort,艾是一种植物。,Mugwort is a kind of plant.,
2544,聚,jù,to gather,演唱会结束以后，大家聚在一起交流。,"After the concert ends, everyone gathers together to talk.",
2545,适应,shìyìng,to adapt to,我还在适应这里的工作。,I am still adapting to the work here.,
2546,福尔摩斯,fúěrmósī,Sherlock Holmes,我很喜欢福尔摩斯的小说。,I really like Sherlock Holmes novels.,
2547,列,liè,to list; a row,请把这些东西列出来。,Please list these things.,
2548,应付,yìngfù,to deal with; cope with,这么多问题，他一个人应付不了。,He cannot handle so many problems by himself.,"With money or expenses as the object, 应付 can also mean “to pay” — e.g. 应付钱 “pay money.”"
2549,物品,wùpǐn,an item; an article,这些物品都是我的。,These items are all mine.,
2550,坏人,huàirén,a bad person; villain,坏人把钱拿走了。,The bad person took the money away.,
2551,湿,shī,wet; damp,雪让地板很湿。,The snow made the floor very wet.,
2552,撑,chēng,to prop up; support,他用手撑着地板。,He is supporting himself on the floor with his hand.,
2553,毁灭,huǐmiè,to destroy; destruction,他们想毁灭这个社区。,They want to destroy this community.,
2554,诅咒,zǔzhòu,a curse; to curse,这个诅咒让他生病了。,This curse made him sick.,
2555,眼神,yǎnshén,the look in someone's eyes,她的眼神告诉我，她很悲伤。,The look in her eyes told me that she was very sad.,
2556,虫,chóng,an insect; bug,地板上有一只虫。,There is a bug on the floor.,
2557,古怪,gǔguài,strange; odd,这个小丑很古怪，孩子们都尖叫了。,"This clown is very strange, and all the children screamed.",
2558,财产,cáichǎn,property; possessions,他有很多财产。,He has a lot of property.,
2559,任,rèn,to serve as; hold a post,他任校长已经两年了。,He has served as principal for two years already.,
2560,进攻,jìngōng,attack; launch an attack,坏人进攻了我们。,The bad guys attacked us.,
2561,剂,jì,dose,这剂药很贵。,This dose of medicine is expensive.,
2562,伙,huǒ,group; band,那伙坏人很古怪。,That group of bad guys is very strange.,
2563,然而,ránér,however,他很想去，然而没有时间。,"He really wants to go; however, he does not have time.",然而 links contrasting clauses and is more formal than 但是.
2564,辛苦,xīnkǔ,hard; tiring; thanks for your hard work,你辛苦了，谢谢。,You have worked hard; thank you.,"辛苦了 is a common way to thank someone for their hard work. Before a noun, it describes something hard or tiring: 辛苦的工作 “hard work.”"
2565,水平,shuǐpíng,level; standard,这个水平很高。,This level is very high.,
2566,发型,fàxíng,hairstyle,她的发型很古怪。,Her hairstyle is very strange.,
2567,打断,dǎduàn,interrupt,别打断我说话。,Don't interrupt me when I am speaking.,
2568,报复,bàofù,take revenge; retaliation,他想报复那个坏人。,He wants to take revenge on that bad guy.,
2569,吵架,chǎojià,argue; quarrel,他们又吵架了。,They argued again.,
2570,一整天,yīzhěngtiān,the whole day,他一整天都在工作。,He is working all day.,
2571,服装,fúzhuāng,clothing; outfits,这些服装很贵。,These clothes are expensive.,
2572,敬,jìng,respect; raise a toast to,我敬你一杯，谢谢你帮我。,A toast to you; thank you for helping me.,"With 一杯 after the object, it means “raise a toast to”: 敬你一杯 “a toast to you.”"
2573,作业,zuòyè,homework; assignment,我还没做作业。,I have not done my homework yet.,
2574,高级,gāojí,high-end; advanced,这个东西很高级。,This thing is very high-end.,"Before a noun, 高级 can mean “advanced” or “high-level”: 高级水平 “an advanced level.”"
2575,将来,jiānglái,future,将来我们会怎么样？,What will happen to us in the future?,
2576,耐心,nàixīn,patience,请耐心一点儿，再等一下。,Please be a little more patient and wait a bit longer.,
2577,欧洲,ōuzhōu,Europe,欧洲和加拿大的交通不一样。,Transportation in Europe and Canada is different.,
2578,风险,fēngxiǎn,risk,驾驶有风险，别太快。,"Driving has risks, so don't go too fast.",
2579,挡,dǎng,to block,别挡着我，我要出去。,Don't block me; I need to get out.,
2580,沙发,shāfā,sofa,这个沙发很大，你坐吧。,This sofa is big; have a seat.,
2581,强奸,qiángjiān,rape,强奸是很严重的罪。,Rape is a very serious crime.,
2582,后果,hòuguǒ,consequence,你这样做，会有后果。,"If you do this, there will be consequences.",It often refers to a bad result.
2583,移,yí,to move; to shift,请把这个移到那边。,Please move this over there.,
2584,拨,bō,to dial; to make a phone call,请给我拨个电话。,Please give me a call.,
2585,荒谬,huāngmiù,absurd,这太荒谬了。,This is too absurd.,
2586,即,jí,namely; immediately,有问题请即告诉我。,"If there is a problem, please tell me immediately.","In formal writing, before a verb it can mean “immediately,” as in 请即告诉我. After a comma, it can introduce an explanation meaning “namely” — e.g. 他是校长，即学校的领导 “He is the principal, namely the school's leader.”"
2587,个性,gèxìng,personality; individuality,她很有个性。,She has a lot of personality.,
2588,最好,zuìhǎo,best; had better,你最好现在就走。,You'd better leave now.,"Before a verb, 最好 means “had better.” At the end of a description, it means “best” — e.g. 这个最好 “this one is best.”"
2589,男性,nánxìng,male,男性也会生病。,Men can get sick too.,
2590,收集,shōují,to collect,我收集这些东西。,I collect these things.,
2591,交往,jiāowǎng,to associate with; date,我不想跟他交往。,I don't want to associate with him.,"When it refers to two potential romantic partners, it means “to date” — e.g. 他们在交往 “they are dating.”"
2592,国,guó,country; nation,这个国很大。,This country is very big.,
2593,中尉,zhōngwèi,second lieutenant,中尉来了。,The second lieutenant has arrived.,
2594,取得,qǔdé,to obtain; achieve,他取得了第一名。,He got first place.,
2595,卡尔,kǎěr,Karl,卡尔来了。,Karl has arrived.,
2596,致命,zhìmìng,fatal; deadly,这个东西很致命。,This thing is deadly.,
2597,引,yǐn,to lead; draw,他把我引到这里。,He led me here.,"With attention or interest as its object, 引 means “draw/attract” — e.g. 引人注意 “attract people's attention.”"
2598,卫星,wèixīng,satellite,卫星在太空里。,The satellite is in space.,
2599,期望,qīwàng,to expect; hope for,我期望你来。,I hope you will come.,
2600,嘲笑,cháoxiào,to mock; make fun of,别嘲笑他。,Don't make fun of him.,
2601,立即,lìjí,immediately,他立即回来了。,He came back immediately.,
2602,避免,bìmiǎn,to avoid,我们能避免这个问题吗？,Can we avoid this problem?,
2603,松,sōng,loose; to loosen; pine,这个很松。,This is very loose.,"As a verb, 松 means “loosen” or “release” before an object — e.g. 松手 “let go.” Before a noun, it can refer to a pine tree — e.g. 松树 “pine tree.”"
2604,供,gōng,to provide; supply,这家店供饮料。,This shop provides drinks.,"Also read gòng, meaning “to confess” — e.g. 他都供了 “he confessed everything.”"
2605,保留,bǎoliú,keep; reserve,请把这个保留给我。,Please keep this for me.,
2606,批,pī,batch; to criticize,这一批物品都是我们的。,This batch of items is all ours.,"Before a noun, 批 is a classifier for a batch. As a verb before an object, it means “criticize” — e.g. 批他 “criticize him.”"
2607,挤,jǐ,to squeeze; crowded,他们都在这里，太挤了。,They are all here; it is too crowded.,
2608,各种,gèzhǒng,all kinds of,这里有各种东西。,There are all kinds of things here.,
2609,在家,zàijiā,at home,他在家，所以没有来。,"He is at home, so he did not come.",
2610,眼前,yǎnqián,right in front of one's eyes,这个东西就在我眼前。,This thing is right in front of my eyes.,
2611,捡,jiǎn,to pick up,我在这里捡到一个东西。,I picked something up here.,
2612,冒犯,màofàn,to offend,你这样说，会冒犯他。,Saying it like that will offend him.,
2613,禁止,jìnzhǐ,to prohibit; forbidden,校长禁止他们去。,The principal forbids them to go.,
2614,持续,chíxù,to continue; to last,雨持续了一整天。,The rain continued all day.,
2615,台上,táishàng,on stage,主任在台上说话。,The director is speaking on stage.,
2616,纳,nà,to hold; accommodate,这个盒子能纳下这些东西。,This box can hold these things.,纳 is formal in this sense.
2617,游泳,yóuyǒng,to swim,我们先游泳，然后再回。,"We will swim first, then go back.",
2618,电子,diànzi,electron; electronic,电子太小了，我们看不到。,Electrons are too small for us to see.,"Before a noun, 电子 means “electronic” — e.g. 电子物品 “electronic items.”"
2619,没法,méifǎ,no way; can't,这里太挤了，我们没法进去。,It is too crowded here; we cannot get in.,
2620,猴子,hóuzi,monkey,猴子在这里。,The monkey is here.,
2621,熟,shú,ripe; cooked; familiar; proficient,这个苹果熟了。,This apple is ripe.,"With food, 熟 means ripe or cooked. Before a noun, it can mean familiar — e.g. 熟人 “an acquaintance”; after a verb, it can mean doing something proficiently — e.g. 练熟了 “practiced it until proficient.”"
2622,娃娃,wáwá,doll; baby,这个娃娃很小。,This doll is very small.,
2623,告,gào,to tell; to sue or report,我有话要告你。,I have something to tell you.,"In a legal context, 告 followed by a person can mean “to sue/report” — e.g. 告他 “sue him.”"
2624,没事,méishì,nothing's wrong; it's okay,你没事吧？,Are you okay?,
2625,经济,jīngjì,economy; economic,加拿大的经济很好。,Canada's economy is very good.,
2626,检,jiǎn,to inspect; examine,请检一下这些物品。,Please inspect these items.,
2627,达成,dáchéng,to achieve; reach,我们全力做，终于达成了目标。,We gave it our all and finally achieved our goal.,
2628,芝加哥,zhījiāgē,Chicago,他在芝加哥工作。,He works in Chicago.,
2629,夫妇,fūfù,married couple,他们是夫妇。,They are a married couple.,
2630,座位,zuòwèi,seat,这个座位是我的。,This seat is mine.,
2631,学院,xuéyuàn,college; institute,这个学院很大。,This college is very big.,
2632,牛奶,niúnǎi,milk,我想要一杯牛奶。,I want a glass of milk.,
2633,逃走,táozǒu,to escape; run away,坏人逃走了。,The bad guy escaped.,
2634,获胜,huòshèng,to win; be victorious,我们获胜了。,We won.,
2635,一面,yímiàn,one side; while doing,镜子的一面湿了。,One side of the mirror is wet.,"In 一面...一面... before two verbs, it means “while doing...” — e.g. 一面走一面说 “walk and talk at the same time.”"
2636,采取,cǎiqǔ,adopt; take (measures),我们采取了行动，避免了风险。,We took action and avoided the risk.,
2637,毫无疑问,háowúyíwèn,without a doubt,毫无疑问，他会来。,"Without a doubt, he will come.",
2638,新娘,xīnniáng,bride,新娘在台上。,The bride is on the stage.,
2639,升,shēng,rise; liter,水平升了。,The level has risen.,"After a number, 升 is a measure word meaning “liter” — e.g. 一升牛奶 “one liter of milk.”"
2640,类型,lèixíng,type; category,这是什么类型的服装？,What type of clothing is this?,
2641,购物,gòuwù,shopping,我们去购物吧。,Let's go shopping.,
2642,但愿,dànyuàn,let's hope; I hope,但愿他没事。,Let's hope he is okay.,
2643,金属,jīnshǔ,metal,这个东西是金属的。,This thing is made of metal.,
2644,绿色,lǜsè,green,这个东西是绿色的。,This thing is green.,
2645,抽烟,chōuyān,smoke cigarettes,别在家抽烟。,Don't smoke at home.,
2646,竞选,jìngxuǎn,run for office; election campaign,他要竞选总统。,He wants to run for president.,
2647,合理,hélǐ,reasonable,这个办法很合理。,This method is reasonable.,
2648,检测,jiǎncè,test; inspect,他们在检测这个东西。,They are testing this thing.,
2649,完蛋,wándàn,be doomed; be done for,没有钱，我们就完蛋了。,"Without money, we're doomed.",
2650,期间,qījiān,during; period,他在欧洲期间还在工作。,He was still working during his time in Europe.,
2651,航班,hángbān,flight,这个航班去欧洲。,This flight goes to Europe.,
2652,暗,àn,dark; dim,天很暗了。,It is getting dark.,
2653,白色,báisè,white,这个东西是白色的。,This thing is white.,
2654,心中,xīnzhōng,in one's heart,我心中有很多问题。,I have many questions in my heart.,
2655,嘴里,zuǐlǐ,in one's mouth,你嘴里有什么？,What is in your mouth?,
2656,库,kù,warehouse; storehouse,这个库里有各种产品。,There are all kinds of products in this warehouse.,
2657,小镇,xiǎozhèn,small town,他在一个小镇里工作。,He works in a small town.,
2658,产品,chǎnpǐn,product,这个产品很好。,This product is very good.,
2659,兵,bīng,soldier,他是一个兵。,He is a soldier.,
2660,精力,jīnglì,energy,我没有精力工作。,I do not have the energy to work.,
2661,退休,tuìxiū,to retire,他退休了。,He has retired.,
2662,亲密,qīnmì,close; intimate,他们很亲密。,They are very close.,
2663,礼貌,lǐmào,polite; manners,他很有礼貌。,He has good manners.,
2664,地下,dìxià,underground; below ground,这个库在地下。,This warehouse is underground.,
2665,胡说,húshuō,to talk nonsense,你别胡说，我知道这不对。,Don't talk nonsense; I know this isn't right.,
2666,老朋友,lǎopéngyǒu,old friend,他是我的老朋友，我们认识很多年了。,He is an old friend of mine; we have known each other for many years.,
2667,指挥,zhǐhuī,to command; to direct,中尉指挥他们。,The lieutenant commands them.,
2668,强壮,qiángzhuàng,strong; sturdy,他很强壮，能帮我们拿这个。,He is very strong and can help us carry this.,
2669,割,gē,to cut,别用刀割这个。,Don't cut this with a knife.,
2670,对劲,duìjìn,right; normal,这个产品看着不对劲。,There seems to be something wrong with this product.,
2671,认出,rènchū,to recognize,我在台上认出他了。,I recognized him on the stage.,
2672,制服,zhìfú,uniform; to subdue,中尉穿着白色制服。,The lieutenant is wearing a white uniform.,"As a noun, 制服 is something worn, as in 穿着制服 “wearing a uniform.” As a verb, it takes an object: 制服他 “subdue him.”"
2673,坏事,huàishì,bad thing,别做坏事。,Don't do bad things.,
2674,查出,cháchū,to find out; to detect,我们检测了这个产品，查出了问题。,We tested this product and found a problem.,
2675,丑,chǒu,ugly,这个娃娃太丑了。,This doll is too ugly.,
2676,自动,zìdòng,automatic; automatically,这个东西会自动关上。,This thing will close automatically.,
2677,法院,fǎyuàn,court,他把他们告到法院了。,He took them to court.,
2678,西班牙,xībānyá,Spain,卡尔从西班牙来。,Carl comes from Spain.,
2679,直播,zhíbō,livestream; live broadcast,我们现在看直播吧。,Let's watch a livestream now.,
2680,普,pǔ,Pu (a surname),普先生在家。,Mr. Pu is at home.,
2681,拜拜,bàibài,bye-bye; goodbye,我现在要走了，拜拜。,I have to go now. Bye-bye.,
2682,提前,tíqián,in advance; ahead of schedule,航班提前了，所以我们要立即走。,"The flight has been moved earlier, so we need to leave immediately.","Before a verb, 提前 means doing something in advance — e.g. 提前告诉我 “tell me beforehand.” With a scheduled event, it means earlier than planned."
2683,宗教,zōngjiào,religion,这个宗教禁止抽烟。,This religion forbids smoking.,
2684,蠢货,chǔnhuò,idiot; fool,别叫他蠢货。,Don't call him an idiot.,This is an insulting way to call someone stupid.
2685,坐牢,zuòláo,go to prison,他因为做了坏事，要坐牢了。,"Because he did something bad, he is going to prison.",
2686,森,sēn,Sen (a surname),森先生住在小镇里。,Mr. Sen lives in a small town.,
2687,招呼,zhāohū,greet; call out to; attend to,见到老朋友时，他先跟他打了招呼。,"When he saw an old friend, he greeted him first.","In 打招呼, it means “greet.” With a person as its object, it can also mean call to or attend to them — e.g. 招呼客人 “look after the guests.”"
2688,崩溃,bēngkuì,collapse; break down,她听到这个消息后崩溃了。,She broke down after hearing this news.,
2689,依然,yīrán,still; as before,他听了以后，依然很平静。,"After hearing it, he was still very calm.",
2690,平静,píngjìng,calm; tranquil,虽然出了坏事，但是她很平静。,"Although something bad happened, she was very calm.",
2691,乘,chéng,ride; take; multiply,我们可以乘飞机去芝加哥。,We can take a plane to Chicago.,"In arithmetic expressions, 乘 means “multiply” — e.g. 二乘三 “two times three.”"
2692,右边,yòubiān,right side,你的座位在我右边。,Your seat is on my right.,
2693,内裤,nèikù,underwear,我买了两条内裤。,I bought two pairs of underwear.,
2694,不久,bùjiǔ,soon; before long,不久以后，他就退休了。,"Before long, he retired.",
2695,牢,láo,prison; firm,他在牢里。,He is in prison.,
2696,冲浪,chōnglàng,to surf; surfing,他喜欢冲浪，但是今天没法去。,"He likes surfing, but he can't go today.",
2697,外套,wàitào,coat; jacket,他把外套拿走了。,He took his coat away.,
2698,大事,dàshì,major event; serious matter,这不是大事。,This is not a big deal.,
2699,吓坏,xiàhuài,to scare badly,猴子把孩子吓坏了。,The monkey scared the child badly.,"坏 after a verb can show a severe negative result, as in 吓坏 “scare badly.”"
2700,掌,zhǎng,palm,一滴牛奶落在她的掌上。,A drop of milk fell onto her palm.,
2701,陷入,xiànrù,to fall into,他陷入了困境，没法出去。,He fell into a difficult situation and couldn't get out.,
2702,蹲,dūn,to squat; crouch,他蹲在这里等我们。,He is squatting here waiting for us.,
2703,发表,fābiǎo,to publish; to deliver,他发表了文章。,He published an article.,"With 演讲, 发表 means “to deliver”: 发表演讲 “to give a speech.”"
2704,回报,huíbào,to repay; reward; return,你帮了我，我会回报你。,"You helped me, and I will repay you.","As a verb, 回报 someone means to repay them for what they have done."
2705,威尔,wēiěr,Will,威尔已经走了。,Will has already left.,
2706,初,chū,at the beginning; first,年初，我们去了一次芝加哥。,"At the beginning of the year, we went to Chicago once.",
2707,演讲,yǎnjiǎng,speech; to give a speech,他在台上演讲，我们都在听。,"He is giving a speech on stage, and we are all listening.",
2708,俄国,éguó,Russia,他从俄国来。,He comes from Russia.,俄国 is an older or formal name for Russia; modern usage more often says 俄罗斯.
2709,滴,dī,a drop; to drip,一滴水落在他的手上。,A drop of water fell onto his hand.,"Before a liquid noun, 滴 is a measure word for a small drop: 一滴水 “a drop of water.”"
2710,底下,dǐxià,under; beneath,牛奶在座位底下。,The milk is under the seat.,
2711,便宜,piányi,cheap; inexpensive,这个产品很便宜，但是很好。,"This product is cheap, but very good.",
2712,何时,héshí,when,你何时回？,When will you come back?,A formal way to ask “when.”
2713,戒,jiè,to quit; give up,他戒了烟。,He quit smoking.,
2714,关门,guānmén,to close; shut,店已经关门了。,The shop has already closed.,
2715,经纪人,jīngjìrén,agent; broker,经纪人已经来了。,The agent has already arrived.,
2716,停车场,tíngchēchǎng,parking lot,我们在停车场见吧。,Let's meet at the parking lot.,
2717,判断,pànduàn,to judge; determine,现在还不能判断对不对。,We still can't determine whether it is right or not.,
2718,成长,chéngzhǎng,to grow; develop,孩子成长得很快。,The child is growing up quickly.,
2719,试验,shìyàn,experiment; test,这个试验已经开始了。,This experiment has already started.,
2720,丹尼,dānní,Danny,丹尼已经到这里了。,Danny has already arrived here.,
2721,做梦,zuòmèng,to dream,我昨天做梦见到她了。,I dreamed about seeing her yesterday.,
2722,每年,měinián,every year,我们每年都在这里见。,We meet here every year.,
2723,奶酪,nǎilào,cheese,我喜欢牛奶和奶酪。,I like milk and cheese.,
2724,礼,lǐ,gift; present,请收下这份礼。,Please accept this gift.,
2725,陌生人,mòshēngrén,stranger,不要跟陌生人走。,Don't go with strangers.,
2726,喷,pēn,to spray,这个东西会喷水。,This thing can spray water.,
2727,抛,pāo,to throw,他把球抛给了我。,He threw the ball to me.,
2728,止,zhǐ,to stop; cease,雨已经止了。,The rain has stopped.,
2729,深刻,shēnkè,profound; deep,他的演讲很深刻。,His speech is very profound.,
2730,管用,guǎnyòng,effective; useful,这个东西很管用。,This thing works well.,
2731,军,jūn,army; military forces,军已经到小镇了。,The army has arrived at the town.,
2732,地下室,dìxiàshì,basement,钱在地下室里。,The money is in the basement.,
2733,划,huà,to draw; mark off,请在这里划一条线。,Please draw a line here.,"Also read huá, meaning “to row” or “to scratch.”"
2734,流血,liúxiě,to bleed,他在流血。,He is bleeding.,
2735,光临,guānglín,to honor with your presence,欢迎你光临。,Welcome.,"A polite, formal verb used to welcome a visitor or customer."
2736,密,mì,dense; close; secret,这里的树很密。,The trees here are very dense.,
2737,衬衫,chènshān,shirt,他穿着白色衬衫。,He is wearing a white shirt.,
2738,金发,jīnfà,blond hair,她有金发。,She has blond hair.,
2739,摧毁,cuīhuǐ,to destroy,大火摧毁了这个小镇。,A big fire destroyed this town.,
2740,胳膊,gēbó,arm,他的胳膊在流血。,His arm is bleeding.,
2741,他人,tārén,other people,不要把坏事告诉他人。,Don't tell other people about the bad thing.,
2742,俄罗斯,éluósī,Russia,他在俄罗斯工作。,He works in Russia.,
2743,哥们儿,gēmener,buddy; bro,哥们儿，帮我拿这个。,"Buddy, help me get this.","A colloquial term for a male friend, often used as a direct form of address."
2744,异常,yìcháng,abnormal; unusually,这里异常平静。,It is unusually calm here.,"Before an adjective, 异常 means “unusually” or “exceptionally,” as in 异常平静 (“unusually calm”)."
2745,色,sè,color,这件外套是什么色？,What color is this coat?,
2746,疾病,jíbìng,disease,他因为疾病退休了。,He retired because of an illness.,
2747,职责,zhízé,duty; responsibility,这是我的职责。,This is my responsibility.,
2748,心脏病,xīnzàngbìng,heart disease,他因为心脏病退休了。,He retired because of heart disease.,
2749,公众,gōngzhòng,the public,这个产品是给公众的。,This product is for the public.,
2750,战士,zhànshì,soldier,那个战士很强壮。,That soldier is very strong.,
2751,展现,zhǎnxiàn,show; display,直播展现了这个产品。,The livestream showcased this product.,
2752,楼下,lóuxià,downstairs,他在楼下等我们。,He is waiting for us downstairs.,
2753,章,zhāng,chapter; section; seal,请看这一章。,Please read this chapter.,"After a number, 章 counts chapters or sections, as in 第一章 (“Chapter One”). It can also mean a seal/stamp, as in 盖个章 (“stamp it”)."
2754,妞,niū,girl; young woman,那个妞很可爱。,That girl is very cute.,An informal word for a young woman or girl; it can sound rude when used about a stranger.
2755,大量,dàliàng,a large quantity,这里有大量的人，但是很平静。,"There are a large number of people here, but it is very calm.",
2756,影,yǐng,shadow; image,我看见了自己的影。,I saw my own shadow.,
2757,诗,shī,poem,他发表的诗很好。,The poem he published is very good.,
2758,李,lǐ,Li (surname); plum,李先生已经来了。,Mr. Li has already arrived.,
2759,门口,ménkǒu,entrance; doorway,他在门口等我们。,He is waiting for us at the entrance.,
2760,证词,zhèngcí,testimony,法院听了他的证词，然后让他走了。,The court heard his testimony and then let him go.,
2761,斗,dòu,to fight; struggle,别跟他斗，因为他很强。,"Don't fight with him, because he is very strong.","Also read dǒu, meaning a dry-measure unit."
2762,整理,zhěnglǐ,to organize; sort out,我把这些东西整理好了。,I have organized these things.,
2763,森林,sēnlín,forest,我们在森林里的时候，看见了一个陌生人。,"When we were in the forest, we saw a stranger.",
2764,调查局,diàochájú,bureau of investigation,调查局的人来了。,People from the bureau of investigation came.,
2765,占,zhàn,to occupy; account for,这张桌子占了很多地方。,This table takes up a lot of space.,"Also read zhān, meaning 'to tell fortunes.'"
2766,强迫,qiǎngpò,to force,我被他强迫做了坏事。,I was forced by him to do something bad.,
2767,注定,zhùdìng,to be destined to,我们注定会再见，但是现在要走了。,"We are destined to meet again, but we have to leave now.",
2768,暗示,ànshì,to hint; imply,他的话暗示了什么？,What did his words imply?,
2769,手臂,shǒubì,arm,他的手臂流血了，所以我们要帮他。,"His arm is bleeding, so we need to help him.",
2770,前往,qiánwǎng,head to; go to,我们前往停车场吧。,Let's head to the parking lot.,
2771,豁免,huòmiǎn,exempt; exemption,他有豁免，所以不用坐牢。,"He has an exemption, so he does not have to go to jail.",
2772,当事人,dāngshìrén,person concerned; party involved,当事人已经在调查局了。,The person involved is already at the bureau.,
2773,呼,hū,exhale; call out,他呼了一口气。,He exhaled.,"Before an object, 呼 can also mean “call out to” — e.g. 呼他, “call to him.”"
2774,咱,zán,we; us,咱一起去吧。,Let's go together.,
2775,有空,yǒukòng,be free; have time,你有空的时候，来找我吧。,Come find me when you are free.,
2776,百万,bǎiwàn,million,他有一百万。,He has one million.,
2777,楼梯,lóutī,stairs; staircase,楼梯在右边。,The stairs are on the right.,
2778,唉,āi,oh; alas,唉，我没钱。,"Oh, I have no money.","Also read ài, used as a brief response of agreement or acknowledgment."
2779,呼叫,hūjiào,call; contact,他在呼叫我们。,He is calling us.,
2780,同情,tóngqíng,sympathy; sympathize with,我很同情他。,I really sympathize with him.,
2781,背景,bèijǐng,background,我不知道他的背景。,I do not know his background.,
2782,下班,xiàbān,get off work,我下班了以后，去找你。,"After I get off work, I will go find you.",
2783,士,shì,scholar; soldier; gentleman,古代的士很有礼。,Scholars in ancient times were very courteous.,"As a standalone word, 士 is formal and often refers to a scholar or gentleman in historical contexts."
2784,比如说,bǐrúshuō,for example,我喜欢很多东西，比如说奶酪。,"I like many things, for example cheese.",
2785,绝望,juéwàng,desperate; hopeless,他很绝望，但是我们还能帮他。,"He is very desperate, but we can still help him.",
2786,法语,fǎyǔ,French,她会说法语，但是我不会。,"She can speak French, but I can't.",
2787,救护车,jiùhùchē,ambulance,他流血了，快叫救护车！,"He's bleeding—quick, call an ambulance!",
2788,防,fáng,guard against; defend against,这个门能防外面的人进来。,This door can keep people outside from coming in.,
2789,野,yě,wild; unruly,这孩子太野了，谁也管不住他。,This child is too wild; no one can control him.,
2790,全新,quánxīn,brand-new,这是一个全新的开始。,This is a brand-new start.,
2791,侠,xiá,chivalrous hero,这个侠救了很多人。,This hero saved many people.,
2792,西德,xīdé,West Germany,西德和东德后来成了一个国家。,West Germany and East Germany later became one country.,
2793,说说,shuōshuō,tell me; talk about,你说说，为什么不去？,"Tell me, why aren't you going?",Reduplication makes a request sound softer and more conversational.
2794,湖,hú,lake,这个湖很大。,This lake is very big.,
2795,沮丧,jǔsàng,depressed; discouraged,他没有工作，很沮丧。,He has no job and is very depressed.,
2796,模仿,mófǎng,to imitate,孩子在模仿我说话。,The child is imitating the way I speak.,
2797,事务所,shìwùsuǒ,office; firm,他在一个事务所工作。,He works at a firm.,
2798,灾难,zāinàn,disaster,这是一场很大的灾难。,This is a very big disaster.,
2799,采访,cǎifǎng,to interview,记者正在采访他。,A reporter is interviewing him.,
2800,评价,píngjià,to evaluate; evaluation,你怎么评价这个试验？,How do you evaluate this experiment?,
2801,你家,nǐjiā,your home,你家在这里吗？,Is your home here?,
2802,正义,zhèngyì,justice; righteous,为了正义，他什么都可以做。,"For justice, he can do anything.",
2803,网站,wǎngzhàn,website,你可以看这个网站。,You can look at this website.,
2804,所在,suǒzài,location; where one is located,请告诉我你所在的地方。,Please tell me where you are.,
2805,参议员,cānyìyuán,senator,那个参议员在这里。,That senator is here.,
2806,凶器,xiōngqì,murder weapon,他们在地下室里找到了凶器。,They found the murder weapon in the basement.,
2807,局长,júzhǎng,bureau chief; director,局长已经来了。,The director has already arrived.,
2808,成绩,chéngjì,grades; academic results,他的成绩比我的好。,His grades are better than mine.,
2809,强烈,qiángliè,strong; intense,这个颜色太强烈了。,This color is too intense.,
2810,网,wǎng,net; web,这张网很大。,This net is very big.,
2811,意味,yìwèi,to mean; meaning or significance,这意味着什么？,What does this mean?,"As a noun, 意味 can mean “meaning” or “significance,” as in 这句话的意味 (“the meaning of this sentence”)."
2812,垒,lěi,to pile up; build up,他们用石头垒了一面墙。,They built a wall with stones.,
2813,喜剧,xǐjù,comedy,我们一起看喜剧吧。,Let's watch a comedy together.,
2814,殿下,diànxià,Your Highness,殿下，请看。,"Your Highness, please look.",
2815,碗,wǎn,bowl,这碗很大。,This bowl is big.,
2816,负,fù,to bear; to lose; negative,我不能负这个责任。,I can't bear this responsibility.,
2817,上课,shàngkè,to attend class,我们现在上课。,We are having class now.,
2818,荣誉,róngyù,honor,这是很大的荣誉。,This is a great honor.,
2819,尝尝,chángcháng,have a taste,你尝尝这个吧。,Have a taste of this.,
2820,考,kǎo,to test; to take an exam,你明天考什么？,What exam do you have tomorrow?,
2821,设计师,shèjìshī,designer,她是一个设计师。,She is a designer.,
2822,挣,zhēng,to earn,我想挣很多钱。,I want to earn a lot of money.,"Also read zhèng, meaning “to struggle free” — e.g. 挣开手 “pull one's hand free.”"
2823,莫,mò,do not (literary),莫要这样。,Don't do this.,莫 is a literary or formal word for 不要 and is uncommon in everyday speech.
2824,违反,wéifǎn,to violate,这违反了法律。,This violates the law.,
2825,阶段,jiēduàn,stage; phase,这是一个全新的阶段。,This is a completely new stage.,
2826,否认,fǒurèn,to deny,他否认了。,He denied it.,
2827,商量,shāngliáng,to discuss,我们商量一下吧。,Let's discuss it.,
2828,什么的,shénmede,and things like that,钱什么的，我都不要。,I don't want money or anything like that.,It follows a noun or noun phrase to mean “and things like that.”
2829,出于,chūyú,out of; due to,我是出于爱才这样做的。,I did this out of love.,
2830,蒙,méng,to cover; to receive (formal),他用手蒙住了我的嘴。,He covered my mouth with his hand.,"Before an object in formal expressions, 蒙 can mean “receive”: 蒙您帮助 (“receive your help”). Also read mēng, meaning “to fool” — e.g. 别蒙我 (“don’t fool me”)."
2831,站住,zhànzhù,stop!,你站住！,Stop!,
2832,牛仔,niúzǎi,cowboy,那个牛仔在门口等谁？,Who is that cowboy waiting for at the door?,
2833,尼克,níkè,Nick,尼克，你有空吗？,"Nick, are you free?",
2834,香槟,xiāngbīn,champagne,这香槟很好。,This champagne is good.,
2835,偷走,tōuzǒu,to steal away,谁把钱偷走了？,Who stole the money?,
2836,艺术家,yìshùjiā,artist,她是艺术家。,She is an artist.,
2837,屋里,wūlǐ,inside the room,屋里有人吗？,Is anyone in the room?,
2838,克莱尔,kèláiěr,Claire,克莱尔在楼下。,Claire is downstairs.,
2839,欧,ōu,a surname,欧先生在吗？,Is Mr. Ou here?,
2840,技巧,jìqiǎo,skill; technique,这个工作需要技巧。,This job requires skill.,
2841,情感,qínggǎn,emotion; feeling,她的情感很强烈。,Her emotions are very strong.,
2842,中央,zhōngyāng,center; central,碗在这两个东西中央。,The bowl is in the center of these two things.,
2843,提议,tíyì,proposal; to propose,我提议我们现在就走。,I propose that we leave now.,"As a noun, it means “proposal”: 这个提议很好 (“this proposal is good”)."
2844,逃避,táobì,to evade; to avoid,别逃避问题。,Don’t avoid the problem.,
2845,每周,měizhōu,every week,我们每周上课两次。,We have class twice every week.,
2846,罪名,zuìmíng,criminal charge,他否认这个罪名。,He denies this criminal charge.,
2847,街区,jiēqū,neighborhood; city block,这个街区很小，但是人很多。,"This neighborhood is small, but there are many people.",
2848,频道,píndào,channel,你看这个频道吗？,Do you watch this channel?,
2849,时期,shíqī,period; era,那是一个很好的时期。,That was a very good period.,
2850,公共,gōnggòng,public; communal,这个网站是公共的，谁都可以看。,This website is public; anyone can look at it.,
2851,物质,wùzhì,matter; material substance,这是一种物质。,This is a substance.,
2852,传说,chuánshuō,legend; it is said,这是一个传说。,This is a legend.,"Before a clause, 传说 can mean “it is said” — e.g. 传说他来了 “it is said that he came.”"
2853,射击,shèjī,to shoot; shooting,他会射击。,He can shoot.,
2854,伸,shēn,to stretch out; extend,请把手臂伸出来。,Please stretch out your arm.,
2855,音,yīn,sound; tone,我听到了这个音。,I heard this sound.,
2856,即便,jíbiàn,even if,即便他不来，我们也要去。,"Even if he does not come, we still have to go.",即便 introduces a concessive condition and is often followed by 也 or 还是 in the result clause.
2857,眼镜,yǎnjìng,glasses,我的眼镜在这里。,My glasses are here.,
2858,愿望,yuànwàng,wish; desire,我的愿望是见你。,My wish is to see you.,
2859,屋顶,wūdǐng,roof,他在屋顶上。,He is on the roof.,
2860,起床,qǐchuáng,to get up,我现在要起床了。,I’m going to get up now.,
2861,兔子,tùzi,rabbit,这只兔子很小。,This rabbit is very small.,
2862,大赛,dàsài,competition,大赛开始了。,The competition has started.,
2863,形象,xíngxiàng,image; public image,他的形象很好。,He has a very good image.,
2864,皮特,pítè,Peter,皮特在你家吗？,Is Peter at your home?,
2865,事物,shìwù,things,我不知道这些事物是什么。,I don’t know what these things are.,
2866,袋子,dàizi,bag,这个袋子里有钱。,There is money in this bag.,
2867,鲍勃,bàobó,Bob,鲍勃，你有空吗？,"Bob, are you free?",
2868,发疯,fāfēng,to go crazy,他快要发疯了。,He is about to go crazy.,
2869,以外,yǐwài,apart from; except,除了你以外，我们都来了。,"Apart from you, all of us came.",
2870,绳子,shéngzi,rope,把绳子给我。,Give me the rope.,
2871,圣经,shèngjīng,the Bible,他在看圣经。,He is reading the Bible.,
2872,可能性,kěnéngxìng,possibility,还有别的可能性吗？,Are there any other possibilities?,
2873,别无选择,biéwúxuǎnzé,to have no other choice,我别无选择。,I have no other choice.,
2874,血迹,xuèjì,bloodstain,这里有血迹。,There are bloodstains here.,
2875,美味,měiwèi,delicious,这碗汤很美味。,This bowl of soup is delicious.,
2876,总部,zǒngbù,headquarters,总部就在这个街区。,The headquarters is right in this neighborhood.,
2877,阿姨,āyí,auntie,阿姨，你能帮我吗？,"Auntie, can you help me?",
2878,发挥,fāhuī,to bring into play; to perform to one's potential,你要发挥自己的技巧。,You need to use your own skills.,
2879,机密,jīmì,confidential; secret,这个是机密，你别说。,This is confidential; don't tell anyone.,
2880,主角,zhǔjué,main character; lead,他是这个喜剧的主角。,He is the main character in this comedy.,
2881,安娜,ānnà,Anna,安娜，你现在可以来吗？,"Anna, can you come now?",
2882,纪念,jìniàn,to commemorate; memorial,我们要纪念他。,We want to commemorate him.,
2883,全球,quánqiú,the whole world; global,这个网站全球都能看。,People around the world can view this website.,
2884,警察局,jǐngchájú,police station,警察局就在这个街区。,The police station is right in this neighborhood.,
2885,倒霉,dǎoméi,unlucky; to have bad luck,我今天真倒霉。,I'm really unlucky today.,
2886,胸部,xiōngbù,chest,他的胸部很大。,His chest is big.,
2887,劲,jìn,strength; energy,我没劲了。,I have no energy left.,
2888,恶,è,evil,这不是正义，是恶。,This is not justice; it is evil.,"Also read wù, meaning “to hate or dislike.”"
2889,旁,páng,beside; side,他就在我旁。,He is right beside me.,
2890,忠诚,zhōngchéng,loyal,他对我们很忠诚。,He is very loyal to us.,
2891,胡子,húzi,beard; moustache,那个先生有胡子。,That man has a beard.,
2892,大哥,dàgē,eldest brother; big brother,他是我大哥。,He is my eldest brother.,It can also be a respectful or friendly way to address an older man.
2893,小妞,xiǎoniū,girl; young woman,那个小妞是个艺术家。,That girl is an artist.,"An informal term for a young woman; depending on tone, it can sound playful, flirtatious, or patronizing."
2894,橄榄球,gǎnlǎnqiú,football,他们在看橄榄球大赛。,They are watching a football tournament.,
2895,体内,tǐnèi,inside the body,凶器还在他体内。,The weapon is still inside his body.,
2896,拔,bá,to pull out,请把刀拔出来。,Please pull out the knife.,
2897,外星人,wàixīngrén,alien,传说里有外星人。,There are aliens in the legend.,
2898,毕竟,bìjìng,after all,他毕竟是局长，所以我们要听他的。,"After all, he is the director, so we should listen to him.",Used to give a reason that supports what follows.
2899,走廊,zǒuláng,corridor; hallway,我们在走廊里等他。,We are waiting for him in the hallway.,
2900,墙上,qiángshàng,on the wall,墙上有血迹。,There are bloodstains on the wall.,
2901,症状,zhèngzhuàng,symptom,他已经有这些症状了。,He already has these symptoms.,
2902,当初,dāngchū,at first; back then,当初你为什么不告诉我？,Why didn't you tell me back then?,
2903,道德,dàodé,morality; ethics,这不是道德问题。,This is not a moral issue.,
2904,骨,gǔ,bone,这不是肉，是骨。,This is not meat; it is bone.,
2905,睡着,shuìzháo,fall asleep; be asleep,他已经睡着了，别让他起来。,He is already asleep; don't make him get up.,
2906,安慰,ānwèi,to comfort,她的话安慰了我。,What she said comforted me.,
2907,宝,bǎo,treasure; darling,这个东西是个宝。,This thing is a treasure.,
2908,系列,xìliè,series,这个系列我都看过了。,I've watched this whole series.,
2909,有着,yǒuzhe,to have; possess,他有着一双大眼睛。,He has a pair of big eyes.,"Compared with 有, 有着 is more descriptive and often introduces an enduring feature or quality."
2910,趣,qù,interest; fun,这就是看书的趣。,This is the pleasure of reading.,
2911,肌肉,jīròu,muscle,他的肌肉很大。,His muscles are big.,
2912,保重,bǎozhòng,take care,你要保重。,Take care of yourself.,
2913,科学家,kēxuéjiā,scientist,这个科学家在做什么？,What is this scientist doing?,
2914,快要,kuàiyào,be about to,我们快要到了。,We're almost there.,
2915,震惊,zhènjīng,shocked; astonished,这个消息让我很震惊。,This news shocked me.,
2916,娱乐,yúlè,entertainment; to entertain,孩子也需要娱乐。,Children need entertainment too.,
2917,反抗,fǎnkàng,to resist,他们反抗这个人。,They are resisting this person.,
2918,噩梦,èmèng,nightmare,我做了一个噩梦。,I had a nightmare.,
2919,心灵,xīnlíng,mind; spirit,她的心灵像孩子一样。,Her spirit is like a child's.,
2920,应得,yīngdé,deserved; rightfully earned,这些钱是他应得的。,This money is rightfully his.,
2921,奶,nǎi,milk,兔子在喝奶。,The rabbit is drinking milk.,
2922,掩护,yǎnhù,to provide cover for; shield,你掩护我，我从这里走。,Cover me while I leave from here.,
2923,睁,zhēng,to open (one's eyes),你先睁开眼睛，然后看看我。,"Open your eyes first, then look at me.",
2924,土,tǔ,soil; dirt,屋里有很多土。,There is a lot of dirt in the room.,
2925,镜子,jìngzi,mirror,镜子里有我和你。,There are you and me in the mirror.,
2926,情人,qíngrén,lover; mistress,他和情人一起走了。,He left with his lover.,
2927,经典,jīngdiǎn,classic; classic work,这个传说很经典。,This legend is a classic.,
2928,活力,huólì,vitality; energy,这个孩子很有活力。,This child is full of energy.,
2929,父,fù,father,我父在工作。,My father is working.,父 is a formal or literary word for “father”; 爸爸 is more common in everyday speech.
2930,职,zhí,duty; post,他有职在身，不能跟我们一起走。,"He has duties to carry out, so he cannot leave with us.",职 is a formal word for a duty or post. 有职在身 means “to have official duties to carry out.”
2931,图书馆,túshūguǎn,library,我们先去图书馆，然后再回这里。,"We'll go to the library first, then come back here.",
2932,显得,xiǎnde,to seem; appear,他显得很震惊，但是没有说话。,"He seemed very shocked, but he did not say anything.",
2933,谎,huǎng,lie,他又在说谎。,He is lying again.,
2934,死刑,sǐxíng,death penalty,这个罪名会让他被判死刑。,This charge could get him sentenced to death.,
2935,进步,jìnbù,to improve; make progress,他进步得很快。,He is making progress quickly.,
2936,追求,zhuīqiú,to pursue,他在追求什么？,What is he pursuing?,
2937,爱尔兰,àiěrlán,Ireland,他从爱尔兰来。,He is from Ireland.,
2938,亨利,hēnglì,Henry,亨利在这里。,Henry is here.,
2939,苹果,píngguǒ,apple,这个苹果很美味。,This apple is delicious.,
2940,南方,nánfāng,the south,他从南方来。,He is from the south.,
2941,天生,tiānshēng,inborn; innate,这是天生的。,This is inborn.,
2942,傻子,shǎzi,fool; idiot,那个傻子又来了。,That idiot came again.,
2943,浴室,yùshì,bathroom,浴室里有人吗？,Is anyone in the bathroom?,
2944,求婚,qiúhūn,to propose marriage,他想跟安娜求婚。,He wants to propose to Anna.,
2945,传奇,chuánqí,legend; legendary figure,他是一个传奇。,He is a legend.,
2946,杆,gān,pole; rod,这根杆很长。,This pole is very long.,"Also read gǎn, meaning “handle; shaft,” as in 枪杆 “gun barrel.”"
2947,苦,kǔ,bitter; hard,这个东西很苦。,This thing is bitter.,
2948,料,liào,material; ingredient,这些料在袋子里。,These materials are in the bag.,
2949,枚,méi,"measure word for small, flat objects",袋子里有两枚硬币。,There are two coins in the bag.,"Used before a noun, especially for coins."
2950,喽,lóu,sentence-final particle (now; then),我走喽！,I'm off!,"Used at the end of an informal sentence to signal a new situation or change, often with a lively tone."
2951,石,shí,stone,这块石很重。,This stone is very heavy.,
2952,会见,huìjiàn,meet (formally),我们在总部会见了顾问。,We met with the adviser at headquarters.,
2953,走路,zǒulù,walk,我不想走路去图书馆。,I don't want to walk to the library.,
2954,手中,shǒuzhōng,in one's hand(s),钱在他手中。,The money is in his hands.,
2955,想见,xiǎngjiàn,want to see,我很想见鲍勃。,I really want to see Bob.,
2956,涂,tú,apply; smear,别把土涂在墙上。,Don't smear dirt on the wall.,
2957,伊拉克,yīlākè,Iraq,他从伊拉克回来了吗？,Has he come back from Iraq?,
2958,不止,bùzhǐ,more than; not only,这里不止有一个人。,There is more than one person here.,"Before 有 plus a quantity, it means “more than.” Before a verb phrase, it can mean “not only,” often paired with 也 or 还 — e.g. 他不止会说，也会听 (“He can not only speak, but also listen.”)."
2959,顾问,gùwèn,adviser; consultant,顾问现在有事。,The adviser is busy right now.,
2960,障碍,zhàngài,obstacle,这个障碍让我们过不去。,This obstacle is stopping us from getting through.,
2961,危机,wēijī,crisis,我们现在有一个危机。,We are in a crisis now.,
2962,趁,chèn,take advantage of; while,趁他睡着，我们走吧。,Let's leave while he is asleep.,"Placed before a time or situation, 趁 means doing something while that opportunity lasts."
2963,敏感,mǐngǎn,sensitive; touchy,这个问题很敏感，别再说了。,This issue is very sensitive; don't talk about it again.,"With a topic or question, it often means “touchy.” With a body part or area, it means physically sensitive — e.g. 这里很敏感 (“This area is sensitive.”)."
2964,博物馆,bówùguǎn,museum,我们先去博物馆，然后再去图书馆。,"We'll go to the museum first, and then go to the library.",
2965,周五,zhōuwǔ,Friday,周五我们去图书馆吧。,Let's go to the library on Friday.,
2966,摄像机,shèxiàngjī,video camera,摄像机在墙上。,The video camera is on the wall.,
2967,失,shī,lose; loss,有得也有失。,There are gains and losses.,
2968,打破,dǎpò,break; smash,他把镜子打破了。,He broke the mirror.,
2969,手下,shǒuxià,subordinate; underling,大哥的手下都很忠诚。,The big brother's subordinates are all very loyal.,
2970,文化,wénhuà,culture,爱尔兰有自己的文化。,Ireland has its own culture.,
2971,马克,mǎkè,Mark,马克是主角。,Mark is the main character.,
2972,遵守,zūnshǒu,obey; comply with,我们都应该遵守道德。,We should all follow moral principles.,
2973,飞船,fēichuán,spaceship,外星人坐飞船来了。,The aliens came by spaceship.,
2974,保守,bǎoshǒu,conservative; keep secret,他的想法很保守。,His ideas are very conservative.,"Before 秘密, 保守 means “keep secret,” as in 保守秘密 “keep a secret.”"
2975,维持,wéichí,maintain; keep up,我们要维持这个系列。,We need to keep this series going.,
2976,主管,zhǔguǎn,supervisor; person in charge,警察局的主管来了。,The supervisor from the police station has arrived.,
2977,刮,guā,blow; scrape,风刮得很大。,The wind is blowing strongly.,"With 风 as the subject, 刮 means “blow” — e.g. 风刮得很大 “the wind is blowing strongly.”"
2978,绿,lǜ,green,这个苹果很绿。,This apple is very green.,
2979,主义,zhǔyì,ideology; -ism,这是什么主义？,What ideology is this?,"It often follows another word to name an ideology, as in 社会主义 “socialism.”"
2980,常常,chángcháng,often,他常常来图书馆。,He often comes to the library.,
2981,摄影师,shèyǐngshī,photographer,摄影师在用摄像机。,The photographer is using a camera.,
2982,煮,zhǔ,to boil; cook,她在煮水。,She is boiling water.,
2983,营地,yíngdì,campsite,我们在营地。,We are at the campsite.,
2984,承担,chéngdān,take on; bear,这个工作，我能承担。,I can take on this job.,
2985,指挥官,zhǐhuīguān,commander,指挥官让他们走。,The commander told them to leave.,
2986,凶,xiōng,fierce; mean,这个人很凶，但是他不会打你。,"This person is mean, but he will not hit you.",
2987,大厅,dàtīng,lobby; main hall,他们都在大厅里。,They are all in the lobby.,
2988,缺,quē,lack; be short of,我们缺钱。,We lack money.,
2989,泰,tài,Thai; Thailand,他想去泰。,He wants to go to Thailand.,
2990,出事,chūshì,have an accident; something go wrong,别走，这里出事了。,Don't leave—something happened here.,
2991,打扫,dǎsǎo,to clean,她在打扫大厅。,She is cleaning the lobby.,
2992,拆,chāi,to take apart; demolish,他们要拆墙。,They are going to tear down the wall.,
2993,希腊,xīlà,Greece,他想去希腊。,He wants to go to Greece.,
2994,花园,huāyuán,garden,孩子在花园里走路。,The child is walking in the garden.,
2995,四处,sìchù,everywhere; in all directions,他们四处找那个孩子。,They looked everywhere for that child.,
2996,术,shù,skill; method; technique,这种术很难，但是很有用。,"This technique is difficult, but very useful.",
2997,订婚,dìnghūn,to get engaged,他们快要订婚了。,They are about to get engaged.,
2998,世,shì,world; generation; lifetime,这是他一世都想做的事。,This is something he wanted to do his whole life.,
2999,豁免权,huòmiǎnquán,immunity; exemption,因为有豁免权，他不用去法庭。,"Because he has immunity, he does not have to go to court.",
3000,郡,jùn,county,这个郡很大。,This county is very large.,
3001,草,cǎo,grass,不要在草上走路。,Don't walk on the grass.,
3002,遭,zāo,to encounter; suffer,他遭了很大的罪。,He suffered greatly.,遭 usually takes something unpleasant as its object.
3003,罐,guàn,can; jar,我买了一罐奶。,I bought a can of milk.,
3004,广播,guǎngbō,broadcast; radio,广播已经开始了，大家别说话。,"The broadcast has already started; everyone, don't talk.",
3005,西班牙语,xībānyáyǔ,Spanish,她会说西班牙语，但是我不会。,"She can speak Spanish, but I can't.",
3006,威士忌,wēishìjì,whiskey,他想喝一杯威士忌。,He wants to drink a glass of whiskey.,
3007,厌倦,yànjuàn,to be tired of; weary of,我厌倦了这种工作。,I am tired of this kind of work.,
3008,大声,dàshēng,loudly; in a loud voice,请你大声说，我听不见。,Please speak loudly; I can't hear you.,
3009,天空,tiānkōng,sky,今天的天空很蓝。,Today's sky is very blue.,
3010,粘,zhān,to stick; to adhere,这沙粘在我手上了。,This sand has stuck to my hand.,
3011,妙,miào,wonderful; clever,这个想法真妙。,This idea is really clever.,
3012,本地,běndì,local,这是本地的苹果。,These are local apples.,
3013,冰箱,bīngxiāng,refrigerator,苹果在冰箱里。,The apples are in the refrigerator.,
3014,沙,shā,sand,鞋里有沙。,There is sand in my shoe.,
3015,万岁,wànsuì,long live!,我们都说：“万岁！”,"We all said, “Long live!”",
3016,合伙人,héhuǒrén,business partner,他和他的合伙人一起工作。,He works with his business partner.,
3017,视频,shìpín,video,我想看这个视频。,I want to watch this video.,
3018,答,dá,to answer,你怎么不答我的问题？,Why aren't you answering my question?,
3019,治安,zhìān,public security,这里的治安很好。,Public security here is very good.,
3020,穿着,chuānzhe,clothing; dress,他的穿着很保守。,The way he dresses is very conservative.,
3021,出卖,chūmài,to betray; to sell out,你为什么出卖我？,Why did you betray me?,
3022,标记,biāojì,mark; label,他在地图上做了标记。,He made a mark on the map.,
3023,全身,quánshēn,whole body,他全身都是沙。,His whole body is covered in sand.,
3024,专门,zhuānmén,specifically; specially,他专门来见我。,He came specifically to see me.,"Before a verb, 专门 means doing something for a particular purpose — e.g. 专门来见我, “come specifically to see me.”"
3025,外科,wàikē,surgery; surgical department,他在外科工作。,He works in the surgery department.,
3026,钢琴,gāngqín,piano,她会弹钢琴。,She can play the piano.,
3027,会面,huìmiàn,to meet formally,我想和他会面。,I want to meet with him.,"More formal than 见, and often used for planned or official meetings."
3028,女郎,nǚláng,young woman,那个女郎在这里。,That young woman is here.,
3029,复仇,fùchóu,to take revenge,他想复仇。,He wants to take revenge.,
3030,数学,shùxué,mathematics,数学很难。,Math is difficult.,
3031,至于,zhìyú,as for,至于这个问题，我不知道。,"As for this question, I don't know.","至于 introduces a topic that the speaker will comment on, often followed by a pause or comma."
3032,商,shāng,merchant,那个商很有钱。,That merchant has a lot of money.,
3033,篮球,lánqiú,basketball,我们一起打篮球吧。,Let's play basketball together.,
3034,登记,dēngjì,to register; registration,请登记。,Please register.,"As a noun, it refers to registration — e.g. 登记以后, “after registration.”"
3035,尝,cháng,to taste,你尝尝这个。,Taste this.,
3036,骂,mà,to scold,别骂他。,Don't scold him.,
3037,护,hù,to protect; guard,你护着孩子。,You protect the child.,
3038,指导,zhǐdǎo,to guide; guidance,他指导我们。,He guides us.,"Before an object, it is usually a verb. As a noun, it can appear in 在他的指导下, “under his guidance.”"
3039,界,jiè,boundary; border,这里就是界，别过去。,This is the border; don't go past it.,
3040,诊所,zhěnsuǒ,clinic,我们去诊所看看吧。,Let's go to the clinic and have a look.,
3041,流行,liúxíng,popular; prevalent,这个现在很流行。,This is very popular now.,
3042,材料,cáiliào,material; materials,做这个东西需要很多材料。,Making this thing requires a lot of materials.,
3043,揭晓,jiēxiǎo,to be revealed,谁对谁错，周五会揭晓。,Who is right and who is wrong will be revealed on Friday.,
3044,不安,bùān,uneasy; anxious,他出事了，我们很不安。,"Something happened to him, and we are very worried.",
3045,昏迷,hūnmí,to be in a coma,他出了事，还在昏迷中。,"Something happened to him, and he is still in a coma.",
3046,帮帮,bāngbāng,help out,请帮帮我。,Please help me out.,Repeating 帮 softens the request and makes it sound more like asking someone for a favor.
3047,搜,sōu,to search,我们四处搜了，还是没有找到。,We searched everywhere but still didn't find it.,
3048,午夜,wǔyè,midnight,我们到午夜才回。,We did not return until midnight.,
3049,相关,xiāngguān,related; relevant,这个问题跟钱相关。,This question is related to money.,
3050,身材,shēncái,figure; body shape,她的身材很好。,She has a very nice figure.,
3051,汤米,tāngmǐ,Tommy,汤米在花园里。,Tommy is in the garden.,
3052,讽刺,fěngcì,sarcastic; sarcasm; to mock sarcastically,他的话很讽刺。,What he said was very sarcastic.,"Before an object, 讽刺 means “to mock sarcastically” — e.g. 别讽刺他, “don't mock him sarcastically.”"
3053,齐,qí,all present; complete,人都到齐了。,Everyone is here.,"After 到, 齐 means that everyone or everything has arrived — e.g. 人到齐了, “everyone is here.”"
3054,凌晨,língchén,early morning; before dawn,他凌晨才回。,He did not return until the early morning.,
3055,校,xiào,school,我现在在校，晚一点回家。,I’m at school now; I’ll go home a little later.,"In 在校, it means being enrolled at or attending a school. Also read jiào, meaning “to proofread or check.”"
3056,侮辱,wǔrǔ,to insult,他当着大家的面侮辱我。,He insulted me in front of everyone.,
3057,海岸,hǎiàn,coast; shore,我们沿着海岸走，天空很蓝。,"We walked along the coast, and the sky was very blue.",
3058,晋级,jìnjí,to advance to the next round,如果我们赢了，就能晋级。,"If we win, we can advance to the next round.",
3059,直觉,zhíjué,intuition,我的直觉告诉我，这不对。,My intuition tells me that this isn’t right.,
3060,兹,zī,hereby; this (formal),兹通知：会议改在明天。,Hereby notified: the meeting has been moved to tomorrow.,"A formal written word, usually used at the beginning of an announcement or statement."
3061,作出,zuòchū,,,,
3062,古,gǔ,ancient,古希腊的文化很有意思。,Ancient Greek culture is very interesting.,"古 is mainly used before a noun, as in 古希腊, “ancient Greece.”"
3063,保罗,bǎoluó,Paul,保罗会说西班牙语。,Paul can speak Spanish.,
3064,废物,fèiwù,trash; worthless person,这东西是废物，不能再用。,This thing is trash; it can’t be used again.,
3065,暴露,bàolù,to expose; reveal,他说的话暴露了他的计划。,What he said revealed his plan.,
3066,绅士,shēnshì,gentleman,他像个绅士一样，请女郎先走。,"Like a gentleman, he asked the lady to go first.",
3067,虫子,chóngzi,bug; insect,花园里的虫子很多。,There are many bugs in the garden.,
3068,台词,táicí,lines (in a play or film),我不记得我的台词。,I don’t remember my lines.,
3069,地盘,dìpán,territory; turf,这是我们的地盘，你们别来。,This is our territory; don’t come here.,
3070,公民,gōngmín,citizen,他是希腊公民。,He is a Greek citizen.,
3071,抓紧,zhuājǐn,hold tight; hurry up,抓紧我的手，别走。,Hold my hand tight; don't leave.,"With an object, it means to hold tightly — e.g. 抓紧我的手 “hold my hand tight.” Before an action, it can mean to do it without delay — e.g. 抓紧走 “hurry up and go.”"
3072,看起来,kànqǐlái,look; seem,这个孩子看起来很不安。,This child looks very uneasy.,
3073,鸡蛋,jīdàn,egg,冰箱里有鸡蛋。,There are eggs in the refrigerator.,
3074,残忍,cánrěn,cruel,这个指挥官很残忍。,This commander is very cruel.,
3075,摄像头,shèxiàngtóu,camera; surveillance camera,大厅里有摄像头。,There is a surveillance camera in the hall.,
3076,关上,guānshàng,close; shut,把冰箱关上。,Close the refrigerator.,
3077,播,bō,broadcast; air,广播在播新闻。,The radio is broadcasting the news.,
3078,造型,zàoxíng,style; look,她的造型很妙。,Her look is great.,
3079,孩儿,háiér,child; kid,这孩儿很凶。,This kid is very fierce.,"A colloquial, often northern form of 孩子."
3080,对话,duìhuà,conversation; dialogue,我听了他们的对话。,I listened to their conversation.,
3081,圆,yuán,round,这个东西是圆的。,This thing is round.,
3082,不论,bùlùn,no matter; regardless of,不论你去不去，我都去。,"Whether you go or not, I'm going.",
3083,镇上,zhènshàng,in town,镇上有一个诊所。,There is a clinic in town.,
3084,我家,wǒjiā,my home; my family,我家在镇上。,My home is in town.,"Before 在 or 有, it usually refers to one's home — e.g. 我家在镇上 “my home is in town.” As the subject of a person-related action, it can mean one's family — e.g. 我家都来了 “my family all came.”"
3085,小姑娘,xiǎogūniáng,little girl,这个小姑娘在看视频。,This little girl is watching a video.,
3086,沉默,chénmò,silent; silence,他沉默了，没有说话。,He fell silent and did not speak.,
3087,详细,xiángxì,detailed,请详细地告诉我这个事。,Please tell me about this matter in detail.,
3088,严肃,yánsù,serious; stern,他说话的时候很严肃。,He is very serious when he speaks.,
3089,嫌疑犯,xiányífàn,suspect,他们在找嫌疑犯。,They are looking for the suspect.,
3090,钻,zuān,to drill; to bore,他在木头上钻了一个洞。,He drilled a hole in the wood.,"Also read zuàn, meaning “diamond” or “drill bit.”"
3091,迹象,jìxiàng,sign; indication,这不是一个好迹象。,This is not a good sign.,
3092,神圣,shénshèng,sacred,这个地方对他们很神圣。,This place is sacred to them.,
3093,空中,kōngzhōng,in the air,篮球还在空中。,The basketball is still in the air.,
3094,度假,dùjià,to take a vacation,我们要去海岸度假。,We are going to the coast for a vacation.,
3095,整整,zhěngzhěng,a full; whole,他整整等了一天。,He waited for a whole day.,
3096,航空,hángkōng,aviation,现在的航空很安全。,Aviation is very safe now.,
3097,探长,tànzhǎng,inspector; detective inspector,探长来了。,The inspector has arrived.,
3098,开火,kāihuǒ,to open fire,他们开火了。,They opened fire.,"With a stove or cooking context, 开火 means “turn on the heat” — e.g. 开火做饭 “start cooking.”"
3099,仓库,cāngkù,warehouse,东西都在仓库里。,All the things are in the warehouse.,
3100,吉他,jítā,guitar,这把吉他是他的。,This guitar is his.,
3101,码头,mǎtóu,dock; pier,我们在码头会面。,We are meeting at the dock.,
3102,庭,tíng,courtyard,我们在庭里会面。,We are meeting in the courtyard.,
3103,顺,shùn,smooth; going well,这事很顺。,This matter is going smoothly.,
3104,散,sàn,to disperse; to break up,人都散了。,Everyone has dispersed.,"Also read sǎn, meaning “loose; scattered.”"
3105,随着,suízhe,as; along with,随着时间，这事变了。,"As time passed, this matter changed.",
3106,放到,fàngdào,to put onto; to place in,把鸡蛋放到这里。,Put the egg here.,
3107,巧合,qiǎohé,coincidence,这真是巧合。,This really is a coincidence.,
3108,山姆,shānmǔ,Sam,山姆在看视频。,Sam is watching a video.,
3109,怀,huái,bosom; arms,孩子在她怀里。,The child is in her arms.,
3110,配合,pèihé,to cooperate; to coordinate,请配合我们。,Please cooperate with us.,
3111,称呼,chēnghū,to address; to call someone,我怎么称呼你？,What should I call you?,
3112,女子,nǚzǐ,woman,那个女子在看我们。,That woman is looking at us.,
3113,具有,jùyǒu,to possess; to have,这个材料具有价值。,This material has value.,
3114,好样,hǎoyàng,way to go!; good job!,你真是好样的！,You really did a great job!,
3115,大不了,dàbùliǎo,at worst,大不了我不去了。,"At worst, I just won't go.",
3116,刚好,gānghǎo,just right; just in time,你来得刚好。,You came just in time.,
3117,本人,běnrén,self; the person in question,这话是本人说的。,I said this myself.,"In formal statements, 本人 is a way to refer to oneself, like “I myself.”"
3118,补偿,bǔcháng,compensate,他们应该补偿你。,They should compensate you.,
3119,忏悔,chànhuǐ,repent,他想为自己做的事忏悔。,He wants to repent for what he did.,
3120,跟着,gēnzhe,follow; go along with,你跟着我走吧。,Follow me.,
3121,明早,míngzǎo,tomorrow morning,我们明早见吧。,Let's meet tomorrow morning.,
3122,第六,dìliù,sixth,他是第六个。,He is the sixth one.,
3123,自行车,zìxíngchē,bicycle,我把自行车放到这里了。,I put the bicycle here.,
3124,喜,xǐ,joy; happy news,我家有喜了。,There's happy news in my family.,"In 有喜了, it often refers to someone being pregnant."
3125,休,xiū,rest; be off,他今天休，不能来。,"He's off today, so he can't come.","In work schedules, 休 can be used on its own to mean “be off.”"
3126,犹太,yóutài,Jewish,他是犹太人。,He is Jewish.,
3127,逗,dòu,tease; kid,别逗我了，我很严肃。,Don't tease me; I'm being serious.,
3128,标志,biāozhì,sign; symbol,这个标志很像一个圆。,This sign looks a lot like a circle.,
3129,现,xiàn,appear; emerge,他的脸上现出不安。,Unease appeared on his face.,
3130,患,huàn,to suffer from (an illness),他患了病。,He got sick.,"Usually used with an illness, often as 患了病."
3131,蜘蛛,zhīzhū,spider,这里有一只蜘蛛。,There is a spider here.,
3132,狗屁,gǒupì,bullshit; nonsense,这是什么狗屁东西？,What kind of bullshit is this?,Vulgar and strongly dismissive.
3133,汉堡,hànbǎo,hamburger,我想要一个汉堡。,I want a hamburger.,
3134,着急,zháojí,worried; anxious,你别着急，我们还有时间。,Don't worry; we still have time.,
3135,冲动,chōngdòng,impulsive; impulse,他很冲动，但是人很好。,"He is very impulsive, but he is a good person.",
3136,带子,dàizi,strap; ribbon,这个带子太长了。,This strap is too long.,
3137,演奏,yǎnzòu,to play (music),他在演奏吉他。,He is playing the guitar.,
3138,亲眼,qīnyǎn,with one's own eyes,我亲眼看着他走了。,I saw him leave with my own eyes.,
3139,善,shàn,kind; good,他与人为善，所以大家都喜欢他。,"He treats people kindly, so everyone likes him.",
3140,富有,fùyǒu,rich; wealthy,他很富有，但是不想给钱。,"He is wealthy, but he does not want to give money.",
3141,幻觉,huànjué,hallucination,这不是真的，是幻觉。,This isn't real; it's a hallucination.,
3142,封面,fēngmiàn,cover,这个封面真好看。,This cover is really nice-looking.,
3143,赚钱,zhuànqián,to make money,他想赚钱。,He wants to make money.,
3144,缠,chán,to wrap around; pester,带子缠在一起了。,The straps got tangled together.,"When followed by 着 plus a person, it can mean “to pester” — e.g. 他缠着我, “he keeps pestering me.”"
3145,羊,yáng,sheep,这只羊很小。,This sheep is very small.,
3146,周六,zhōuliù,Saturday,周六我们去看保罗吧。,Let's go see Paul on Saturday.,
3147,偷偷,tōutōu,secretly,他偷偷把钱拿走了。,He secretly took the money away.,
3148,对抗,duìkàng,fight against; oppose,我们不能跟他们对抗。,We can't fight against them.,
3149,城堡,chéngbǎo,castle,那个城堡看起来很大。,That castle looks very big.,
3150,蛮,mán,quite; pretty,这个人蛮好。,This person is quite nice.,Colloquial; used before an adjective to mean “quite” or “pretty.”
3151,降落,jiàngluò,to land,飞机降落了。,The airplane landed.,
3152,巧,qiǎo,skillful; clever,她的手很巧。,She is very skillful with her hands.,"巧 often describes dexterity or skill, especially in phrases such as 手很巧 (“to be good with one’s hands”)."
3153,杀人犯,shārénfàn,murderer,探长在找那个杀人犯。,The detective is looking for that murderer.,
3154,平常,píngcháng,usually; ordinary,我平常不在这里工作。,I don't usually work here.,"Before a verb, 平常 means “usually,” as in 平常不去 (“usually don’t go”). Before a noun, as in 平常的事, it means “ordinary.”"
3155,摇,yáo,to shake,别摇这个鸡蛋。,Don't shake this egg.,
3156,按摩,ànmó,massage,我想去按摩。,I want to get a massage.,
3157,本身,běnshēn,itself; in itself,这个东西本身很好。,This thing itself is very good.,本身 follows a noun and emphasizes that thing itself.
3158,疑犯,yífàn,suspect,探长在找那个疑犯。,The detective is looking for that suspect.,
3159,奴隶,núlì,slave,他们把这个人当奴隶。,They treat this person as a slave.,
3160,熬,áo,stay up; endure; simmer,我熬到明早。,I stayed up until tomorrow morning.,"With food or liquid as the object, 熬 means to simmer/cook slowly — e.g. 熬汤 “simmer soup.”"
3161,赶上,gǎnshàng,catch up with; make it in time,我们快走，还能赶上吗？,Let's hurry—can we still make it in time?,
3162,吓人,xiàrén,frightening; scary,这个迹象太吓人了。,This sign is too scary.,
3163,枪击,qiāngjī,shoot at; shooting,嫌疑犯在码头枪击探长。,The suspect shot at the detective at the dock.,
3164,迈克尔,màikèěr,Michael,迈克尔在我家。,Michael is at my house.,
3165,功夫,gōngfu,kung fu; time; effort/skill,他会功夫。,He knows kung fu.,"In 他会功夫, it means martial arts. In 没功夫, it means “no time”; in 下功夫, it means “put in effort.”"
3166,乡村,xiāngcūn,countryside; rural area,我想去乡村度假。,I want to go to the countryside for a vacation.,
3167,完整,wánzhěng,complete; intact,这个对话不完整。,This conversation is incomplete.,
3168,苏格兰,sūgélán,Scotland,他从苏格兰来。,He comes from Scotland.,
3169,在意,zàiyì,to care about; to mind,我不在意钱。,I don't care about money.,
3170,嘴巴,zuǐbā,mouth,孩子的嘴巴很小。,The child's mouth is very small.,
3171,老大,lǎodà,boss; eldest child,他是我们老大。,He is our boss.,"When referring to siblings, 老大 means the eldest — e.g. 他是我家老大 “he is the eldest in my family.”"
3172,大道,dàdào,avenue; broad road,我们在大道上走。,We are walking on the avenue.,
3173,拜访,bàifǎng,to visit formally,明早我们去拜访先生吧。,Let's visit Mr. [Name] tomorrow morning.,
3174,迈克,màikè,Mike,迈克在码头等我们。,Mike is waiting for us at the dock.,
3175,詹姆斯,zhānmǔsī,James,詹姆斯和山姆一起去码头了。,James and Sam went to the dock together.,
3176,相互,xiānghù,mutually; each other,他们相互看着，但是没有说话。,"They looked at each other, but didn't speak.",
3177,样本,yàngběn,sample,探长把样本放到仓库里了。,The detective put the sample in the warehouse.,
3178,决不,juébù,absolutely not; never,我决不跟杀人犯配合。,I will never cooperate with a murderer.,决不 is stronger than 不: it expresses a firm refusal or certainty that something will not happen.
3179,黑帮,hēibāng,criminal gang; mafia,探长在找那个黑帮的老大。,The detective is looking for that gang's boss.,
3180,肩膀,jiānbǎng,shoulder,他把手放到我的肩膀上。,He put his hand on my shoulder.,
3181,宣传,xuānchuán,to publicize; publicity,他们在宣传这个标志。,They are publicizing this logo.,"Before an object, it is a verb: 宣传这个标志 means “publicize this logo.” As a noun, it means publicity or propaganda."
3182,严格,yángé,strict,探长对疑犯很严格。,The detective is very strict with the suspect.,
3183,奖励,jiǎnglì,reward; to reward,老大给了他奖励。,The boss gave him a reward.,给他奖励 means “give him a reward”; 奖励他 means “reward him.”
3184,悲剧,bēijù,tragedy,这是个悲剧。,This is a tragedy.,
3185,买卖,mǎimài,business; deal,这不是一个好买卖。,This isn't a good deal.,
3186,交谈,jiāotán,to talk; conversation,探长和疑犯在交谈。,The detective and the suspect are talking.,
3187,引擎,yǐnqíng,engine,飞机的引擎停了。,The airplane's engine stopped.,
3188,遇,yù,to encounter; meet,我在码头遇到了詹姆斯。,I met James at the dock.,"In everyday speech, 遇 is commonly used as 遇到 before the person or thing encountered."
3189,膝盖,xīgài,knee,他伤了膝盖，所以不能走。,"He hurt his knee, so he can't walk.",
3190,印第安,yìndìān,Native American; Indian,他是印第安人。,He is Native American.,
3191,谈判,tánpàn,to negotiate; negotiation,他们在谈判。,They are negotiating.,
3192,股,gǔ,a strand; a puff; a share; thigh,一股风从这里来。,A gust of wind is coming from here.,
3193,形,xíng,shape; form,这个标志是什么形？,What shape is this sign?,
3194,瘦,shòu,thin; skinny,他太瘦了。,He is too skinny.,
3195,医学,yīxué,medicine; medical science,她在学医学。,She is studying medicine.,
3196,以下,yǐxià,the following; below,以下这些问题，你都知道吗？,Do you know all of the following questions?,
3197,日记,rìjì,diary; journal,我把日记放到这里了。,I put my diary here.,
3198,蕾,lěi,Lei (a female name),蕾，你明早来吗？,"Lei, are you coming tomorrow morning?",
3199,隔壁,gébì,next door; neighboring,隔壁的人在说话。,The people next door are talking.,
3200,运动员,yùndòngyuán,athlete,他是一个运动员。,He is an athlete.,
3201,商业,shāngyè,business; commerce,商业就是买卖。,Business is buying and selling.,
3202,食品,shípǐn,food products,这个食品可以吃吗？,Can this food be eaten?,
3203,自私,zìsī,selfish,他太自私了，所以没有人喜欢他。,"He is too selfish, so nobody likes him.",
3204,解开,jiěkāi,to untie; to solve,你能解开这个带子吗？,Can you untie this ribbon?,
3205,下手,xiàshǒu,to get started; attack,这个工作太难了，我不知道从哪儿下手。,This job is too difficult; I don't know where to start.,"With a person as its object, 下手 can mean “attack” — e.g. 对孩子下手 “attack a child.”"
3206,乖乖,guāiguāi,obediently,你乖乖在这里等我。,Wait here for me obediently.,
3207,闯进,chuǎngjìn,to burst into,他突然闯进来了。,He suddenly burst in.,
3208,提高,tígāo,to raise; improve,把这个提高一点。,Raise this a little.,
3209,晚点,wǎndiǎn,to be delayed,火车晚点了，所以我们还要等。,"The train is delayed, so we still have to wait.",
3210,宰,zǎi,to slaughter; rip off,他们要宰那只羊。,They are going to slaughter that sheep.,"With a person or customer as its object, 宰 can mean “rip off” — e.g. 宰人 “rip someone off.”"
3211,其他人,qítārén,other people,其他人都已经走了，我们也走吧。,"Everyone else has already left, so let's leave too.",
3212,贼,zéi,thief,那个贼偷偷拿走了钱。,That thief secretly took the money away.,
3213,沙漠,shāmò,desert,他们在沙漠里走。,They are walking in the desert.,
3214,档,dàng,gear,这个引擎有六档。,This engine has six gears.,
3215,凯文,kǎiwén,Kevin,凯文已经来了，但是迈克还没有来。,"Kevin has already arrived, but Mike has not arrived yet.",
3216,亿,yì,one hundred million,一亿太多了。,One hundred million is too much.,
3217,手套,shǒutào,gloves,手套在这里。,The gloves are here.,
3218,偶尔,ǒuěr,occasionally,我偶尔去看看他。,I occasionally go see him.,
3219,种族,zhǒngzú,race; ethnicity,他们的种族不一样。,They are of different ethnicities.,
3220,必,bì,must; certainly,这事必得现在做。,This has to be done now.,"A formal, literary word; it is most often used before a verb, as in 必得去 “must go.”"
3221,色情,sèqíng,pornography; sexual content,这不是色情。,This is not pornography.,
3222,宫,gōng,palace,这个宫很大。,This palace is very big.,
3223,面临,miànlín,to face; be confronted with,我们现在面临一个问题。,We are facing a problem now.,
3224,等于,děngyú,to equal; amount to,两加两等于四。,Two plus two equals four.,
3225,赶到,gǎndào,to arrive in time,我赶到的时候，他们已经走了。,"By the time I arrived, they had already left.","赶到 means to arrive at a place, often with urgency. 赶上 more often means to catch up with someone or something."
3226,当心,dāngxīn,watch out; be careful,当心，别让贼拿到钱。,Watch out—don't let the thief get the money.,
3227,入侵,rùqīn,to invade,他们入侵了这个国家。,They invaded this country.,
3228,经营,jīngyíng,to run; operate,她在经营一家小店。,She runs a small shop.,
3229,出席,chūxí,to attend,他会出席这个会议。,He will attend this meeting.,
3230,量,liàng,amount; quantity,这个东西的量太多了。,There is too much of this stuff.,"Also read liáng, meaning “to measure.”"
3231,课程,kèchéng,course,这个课程很好。,This course is very good.,
3232,字母,zìmǔ,letter of an alphabet,这是什么字母？,What letter is this?,
3233,家长,jiāzhǎng,parent; guardian,家长都很在意孩子。,Parents all care a lot about their children.,
3234,萝,luó,vine; climbing plant,墙上有一棵萝。,There is a vine on the wall.,
3235,舌头,shétou,tongue,他的舌头伸出来了。,His tongue stuck out.,
3236,消灭,xiāomiè,wipe out; destroy,我们要把这些贼都消灭。,We need to wipe out all these thieves.,
3237,胖子,pàngzi,fat person,那个胖子在这里。,That fat person is here.,This can sound rude when used to refer to someone.
3238,仔,zǎi,young animal; kid,这个仔很乖乖。,This little one is very well-behaved.,
3239,项链,xiàngliàn,necklace,她的项链在这里。,Her necklace is here.,
3240,实际,shíjì,reality; actual,这个和实际不一样。,This is different from reality.,
3241,缝,fèng,seam; crack,这个面具上有一条缝。,There is a crack in this mask.,
3242,乐趣,lèqù,fun; pleasure,做这事很有乐趣。,Doing this is fun.,
3243,得知,dézhī,learn of; be informed,我得知他已经到了。,I learned that he had already arrived.,
3244,虐待,nüèdài,abuse; mistreat,他虐待孩子。,He abuses the child.,
3245,舔,tiǎn,lick,它在舔自己的嘴巴。,It is licking its own mouth.,
3246,幕,mù,curtain; scene,这幕很吓人。,This scene is scary.,
3247,面具,miànjù,mask,这个面具很吓人。,This mask is scary.,
3248,快速,kuàisù,fast; quickly,他快速地把面具拿了起来。,He quickly picked up the mask.,"Before a verb, 快速地 means “quickly.”"
3249,预约,yùyuē,make an appointment,我想预约按摩。,I want to book a massage.,
3250,比利,bǐlì,Billy,比利，帮我拿这个。,"Billy, help me get this.",
3251,电视台,diànshìtái,TV station,电视台的人来这里了。,People from the TV station came here.,
3252,起飞,qǐfēi,take off,飞机要起飞了。,The plane is about to take off.,
3253,友好,yǒuhǎo,friendly,他对我很友好。,He is very friendly to me.,
3254,薪水,xīnshuǐ,salary; wages,他的薪水很多。,His salary is high.,
3255,哈里,hālǐ,Harry,哈里在这里吗？,Is Harry here?,
3256,相反,xiāngfǎn,the opposite; contrary,我想去，但是他不想去，正好相反。,"I want to go, but he does not; we are exactly the opposite.",
3257,惊,jīng,be startled; surprise,你别惊，我没事。,Don't be startled; I'm fine.,
3258,没用,méiyòng,useless; no use,这个东西没用。,This thing is useless.,
3259,波士顿,bōshìdùn,Boston,他在波士顿工作。,He works in Boston.,
3260,劝,quàn,persuade; advise,我劝他别去，但是他还是去了。,"I advised him not to go, but he went anyway.",
3261,资金,zījīn,funds; capital,我们没有资金。,We do not have the funds.,
3262,室友,shìyǒu,roommate,他是我的室友。,He is my roommate.,
3263,做好,zuòhǎo,do well; get ready,你把这个做好。,Do this well.,"Before a noun, 做好 can mean “get ... ready” — e.g. 做好准备 “be prepared.”"
3264,明晚,míngwǎn,tomorrow evening,明晚我们一起去吧。,Let's go together tomorrow evening.,
3265,原则,yuánzé,principle,这是我的原则。,This is my principle.,
3266,妹,mèi,younger sister,她是我妹。,She is my younger sister.,
3267,理智,lǐzhì,rational; sensible,你要理智一点。,You need to be a little more rational.,
3268,哪怕,nǎpà,even if,哪怕没钱，他也要去。,"Even if he has no money, he still wants to go.","哪怕 introduces an extreme concession and is often paired with 也, as in 哪怕没钱，他也要去 “Even if he has no money, he still wants to go.”"
3269,封锁,fēngsuǒ,to block off; blockade,他们封锁了这里。,They sealed off this place.,
3270,夹,jiā,to clip; to sandwich between,把这个夹在书里。,Put this clipped inside the book.,
3271,诉讼,sùsòng,lawsuit; litigation,这是一起诉讼。,This is a lawsuit.,
3272,吞,tūn,to swallow,他把药吞了。,He swallowed the medicine.,
3273,高度,gāodù,height; altitude,这个高度可以吗？,Is this height okay?,
3274,纪录,jìlù,record,这个纪录是他的。,This record is his.,
3275,玉米,yùmǐ,corn,这是玉米。,This is corn.,
3276,基因,jīyīn,gene,这个孩子有他的基因。,This child has his genes.,
3277,上司,shàngsī,boss; supervisor,他是我的上司。,He is my boss.,
3278,宠物,chǒngwù,pet,她有一个宠物。,She has a pet.,
3279,灰,huī,gray; ash,这个东西是灰的。,This thing is gray.,
3280,晚会,wǎnhuì,evening party,明晚有晚会，你会来吗？,There is an evening party tomorrow night. Will you come?,
3281,瞒,mán,to hide; conceal,他瞒着我们，做了这件事。,He did this without telling us.,瞒着 + person means keeping something from that person.
3282,广场,guǎngchǎng,public square,我们在广场见吧。,Let's meet at the square.,
3283,职位,zhíwèi,job position,他想要这个职位。,He wants this position.,
3284,称为,chēngwéi,to call; name,这里称为广场。,This place is called a square.,
3285,黄色,huángsè,yellow,手套是黄色的。,The gloves are yellow.,
3286,可恶,kěwù,awful; hateful,这个贼真可恶。,This thief is really awful.,
3287,星星,xīngxīng,star,天上有很多星星。,There are many stars in the sky.,
3288,踏,tà,to step on,别踏我的手套。,Don't step on my gloves.,
3289,一百,yìbǎi,one hundred,一百个人都来了。,All one hundred people came.,
3290,扎,zhā,to tie; prick,请把头发扎起来。,Please tie up your hair.,"Also read zā, meaning “a bundle” — e.g. 一扎花 “a bundle of flowers.”"
3291,制,zhì,to make; manufacture,这是他制的药。,This is medicine that he made.,
3292,确切,quèqiè,exact; definite,我不知道确切的时间。,I don't know the exact time.,
3293,族,zú,clan; ethnic group,这个族的人都来了。,Everyone from this clan came.,
3294,支援,zhīyuán,to support; provide assistance,其他人会支援我们。,The others will support us.,
3295,限制,xiànzhì,to restrict; restriction,这里的限制太多了。,There are too many restrictions here.,
3296,找回,zhǎohuí,to retrieve; recover,我想找回我的钱。,I want to get my money back.,
3297,之下,zhīxià,under; below,这之下有什么？,What is under this?,
3298,肮脏,āngzāng,dirty; filthy,这很肮脏。,This is very dirty.,
3299,大夫,dàfū,doctor,请大夫来看看吧。,Please ask the doctor to come take a look.,
3300,澡,zǎo,bath; shower,我想洗个澡。,I want to take a shower.,
3301,无数,wúshù,countless,天上有无数星星。,There are countless stars in the sky.,
3302,排练,páiliàn,to rehearse,我们明晚排练。,We are rehearsing tomorrow evening.,
3303,评论,pínglùn,comment; review,你看了他们的评论吗？,Did you read their comments?,
3304,与众不同,yǔzhòngbùtóng,different from everyone else,这个孩子很与众不同。,This child is very different from everyone else.,
3305,烫,tàng,hot; to scald,这个太烫了，别拿。,This is too hot; don't pick it up.,
3306,善良,shànliáng,kind-hearted,她很善良，也很友好。,She is kind-hearted and friendly.,
3307,可悲,kěbēi,sad; pathetic,这真可悲。,This is truly sad.,
3308,不准,bùzhǔn,not allowed,你不准去。,You are not allowed to go.,
3309,基金,jījīn,fund,这个基金有很多钱。,This fund has a lot of money.,
3310,球队,qiúduì,team,他在这个球队里。,He is on this team.,
3311,友谊,yǒuyì,friendship,我和他的友谊很深。,He and I have a deep friendship.,
3312,侧,cè,side,请站在这一侧。,Please stand on this side.,
3313,餐,cān,meal,这一餐我们一起吃吧。,Let's eat this meal together.,
3314,出门,chūmén,leave home; go out,你出门的时候，当心！,Be careful when you go out!,
3315,王八,wángbā,bastard; turtle,你这个王八，别再说了！,"You bastard, stop talking!","As an insult, 王八 is strong and rude."
3316,大会,dàhuì,conference; general meeting,明天的大会，你会出席吗？,Will you attend tomorrow's conference?,
3317,位子,wèizi,seat,这个位子是你的。,This seat is yours.,
3318,不会,búhuì,cannot; will not,我不会做这个，但是你会。,"I can't do this, but you can.","Before a verb, it can also express a future refusal or prediction: 他不会来 “he won't come.”"
3319,上场,shàngchǎng,take the field; go on stage,现在该他上场了。,It's his turn to take the field now.,"For a performance, 上场 means “go on stage” — e.g. 该你上场了 “it's your turn to go on stage.”"
3320,投降,tóuxiáng,surrender,他们不想投降。,They don't want to surrender.,
3321,表面,biǎomiàn,surface; outward appearance,这个东西的表面很肮脏。,The surface of this thing is very dirty.,"Before an evaluation such as 好, 表面 can refer to outward appearance — e.g. 表面很好 “looks good on the surface.”"
3322,击中,jīzhòng,hit; strike a target,他击中了那个东西。,He hit that thing.,
3323,欢呼,huānhū,cheer,他们来了，我们都欢呼起来。,"They came, and we all started cheering.",
3324,足,zú,foot; sufficient/enough,他的左足受伤了。,His left foot was injured.,"As a noun, 足 is formal for “foot”; everyday speech usually uses 脚. Before 以 plus a verb, it can mean “enough to”: 足以说明 “enough to show.”"
3325,主席,zhǔxí,chairperson; chairman,主席在大会上说话。,The chairperson is speaking at the conference.,
3326,准确,zhǔnquè,accurate; exact,这个纪录很准确。,This record is very accurate.,
3327,智慧,zhìhuì,wisdom,这个孩子很有智慧。,This child is very wise.,
3328,灵感,línggǎn,inspiration; an idea,我有了一个灵感。,I got an idea.,
3329,漫画,mànhuà,comic; cartoon,孩子在看漫画。,The child is reading a comic.,
3330,莎拉,shālā,Sarah,莎拉明晚来吗？,Is Sarah coming tomorrow evening?,
3331,性爱,xìngài,sex; sexual intimacy,他们有性爱吗？,Do they have sex?,
3332,易,yì,easy,这个问题不易。,This problem is not easy.,"易 is a formal word for “easy,” most often seen in 不易 (“not easy”)."
3333,饭店,fàndiàn,restaurant; hotel,我们在饭店见。,Let's meet at the restaurant.,
3334,主动,zhǔdòng,take the initiative; voluntarily,他主动帮了我。,He voluntarily helped me.,"Before a verb, 主动 means doing something on one's own initiative."
3335,平时,píngshí,usually; ordinarily,平时他很忙，但是明晚有时间。,"He is usually busy, but he has time tomorrow evening.",
3336,钉,dīng,nail,我拿了一个钉。,I picked up a nail.,"Also read dìng, meaning “to nail” or “fasten.”"
3337,对面,duìmiàn,opposite; across from,饭店在广场对面。,The restaurant is across from the square.,
3338,囚犯,qiúfàn,prisoner,这个囚犯想出去。,This prisoner wants to get out.,
3339,骗人,piànrén,to deceive people; to lie,他在骗人。,He is lying to people.,
3340,且,qiě,and; moreover,他很聪明，且很善良。,He is very smart and kind.,"且 is a formal written conjunction, often linking parallel statements."
3341,联合,liánhé,unite; join forces,我们联合起来，支援他们。,We joined forces to support them.,
3342,异,yì,different; unusual,这个事有异，我们再看看吧。,There is something unusual about this; let's take another look.,"异 is formal and commonly follows 有, as in 有异 “to be unusual.”"
3343,角落,jiǎoluò,corner,猫在那个角落里。,The cat is in that corner.,
3344,漏,lòu,leak; leave out,水从这个杯子里漏出来了。,Water leaked out of this cup.,
3345,预言,yùyán,prophecy; predict,他的预言真的对了。,His prediction really came true.,
3346,大师,dàshī,master; great expert,这位大师做的漫画很好。,The comics made by this master are very good.,
3347,气氛,qìfēn,atmosphere; mood,晚会的气氛很好。,The atmosphere at the party is great.,
3348,批准,pīzhǔn,approve,上司批准了这个计划。,The boss approved this plan.,
3349,静,jìng,quiet; still,这里很静，我们都在听。,It is very quiet here; we are all listening.,
3350,脾气,píqì,temper,他的脾气不好，但是人很善良。,"He has a bad temper, but he is very kind.",
3351,碎片,suìpiàn,fragment; piece,这些碎片很小，别拿。,These fragments are very small; don't pick them up.,
3352,无罪,wúzuì,not guilty; innocent,他没有做错事，所以无罪。,"He did nothing wrong, so he is not guilty.",
3353,逃脱,táotuō,escape,囚犯逃脱了，大家都很惊。,"The prisoner escaped, and everyone was shocked.",
3354,价格,jiàgé,price,这个东西的价格太高了。,The price of this thing is too high.,
3355,策略,cèlüè,strategy,这个策略可以让我们领先。,This strategy can put us in the lead.,
3356,老头,lǎotóu,old man,那个老头在广场上。,That old man is in the square.,"A colloquial word for an old man; depending on context, it can sound affectionate or rude."
3357,嘻,xī,hee-hee,嘻，你来了！,"Hee-hee, you're here!",
3358,可靠,kěkào,reliable; trustworthy,这个大夫很可靠。,This doctor is very reliable.,
3359,领先,lǐngxiān,to lead; be ahead,我们的球队领先了。,Our team has taken the lead.,
3360,装备,zhuāngbèi,equipment; to equip,他们有很多装备。,They have a lot of equipment.,
3361,体验,tǐyàn,to experience; experience,我想体验这个。,I want to experience this.,
3362,亲爱的,qīnàide,dear; darling,亲爱的，我回来了。,"Dear, I'm back.",
3363,妳,nǐ,"you (female, traditional form)",妳现在可以走了。,You can leave now.,"妳 is a traditional character specifically for a female “you.” In simplified Chinese, 你 is normally used for everyone."
3364,素,sù,vegetarian,我不吃素。,I'm not vegetarian.,"Used after 吃, 素 means a vegetarian diet or vegetarian food — e.g. 吃素 “to be vegetarian.”"
3365,坏蛋,huàidàn,bad guy; jerk,他是个可恶的坏蛋。,He's a horrible jerk.,
3366,中午,zhōngwǔ,noon,我们中午一起去饭店吧。,Let's go to a restaurant together at noon.,
3367,录音,lùyīn,audio recording; to record sound,你可以听这个录音。,You can listen to this recording.,
3368,照看,zhàokàn,to look after,请你照看孩子。,Please look after the child.,
3369,阿门,āmén,Amen,阿门。,Amen.,Used at the end of a Christian prayer.
3370,货车,huòchē,truck,货车从这里过去了。,The truck passed by here.,
3371,得分,défēn,score points; score,他上场就得分了。,He scored as soon as he went on.,
3372,编辑,biānjí,editor; edit,他是漫画编辑。,He is a comic editor.,
3373,忘掉,wàngdiào,forget,把这个忘掉吧。,Forget this.,
3374,性格,xìnggé,personality,她的性格很好。,She has a very good personality.,
3375,流氓,liúmáng,thug; hooligan,他是个流氓。,He is a thug.,
3376,独舞,dúwǔ,solo dance; perform a solo dance,她上场独舞。,She goes onstage to perform a solo dance.,
3377,优势,yōushì,advantage,这个球队有优势。,This team has an advantage.,
3378,声明,shēngmíng,statement; declare,主席声明他无罪。,The chairman declared that he was innocent.,
3379,馅饼,xiànbǐng,pie,这个馅饼很好。,This pie is good.,
3380,行事,xíngshì,act; conduct oneself,他平时行事很主动。,He usually acts very proactively.,
3381,临时,línshí,temporary; temporarily,这是临时的位子。,This is a temporary seat.,
3382,黄金,huángjīn,gold,这个是黄金。,This is gold.,
3383,明年,míngnián,next year,明年我们还会来。,We will come again next year.,
3384,懂得,dǒngde,understand; know how to,他懂得怎么做。,He knows how to do it.,
3385,排除,páichú,to rule out; exclude,这个不准确，所以我们排除它。,"This is not accurate, so we rule it out.",
3386,欲,yù,to want; desire,他欲出门，但是没有时间。,"He wants to go out, but he does not have time.","欲 is formal/literary and normally comes before a verb. In everyday speech, 想 or 要 is more common."
3387,小孩子,xiǎoháizi,small child,小孩子在这里的时候，很喜欢漫画。,"When the child is here, they really like comics.",
3388,克里斯,kèlǐsī,Chris,克里斯在饭店等我们。,Chris is waiting for us at the restaurant.,
3389,温柔,wēnróu,gentle; tender,她很温柔。,She is gentle.,"温柔 can directly describe a person. In 她很温柔, 很 makes a neutral description and does not necessarily mean “very.”"
3390,夫妻,fūqī,married couple; husband and wife,他们是夫妻，而且都很善良。,"They are a married couple, and they are both very kind.",
3391,成交,chéngjiāo,to close a deal,这个价格可以成交。,We can close the deal at this price.,
3392,耳,ěr,ear,他有两只耳。,He has two ears.,
3393,皇后,huánghòu,queen,皇后在大会上说话。,The queen is speaking at the meeting.,
3394,鼓励,gǔlì,encouragement,谢谢你的鼓励，我会再做一次。,Thank you for your encouragement; I will do it once more.,
3395,签字,qiānzì,to sign,如果没有问题，就在这里签字吧。,"If there is no problem, sign here.",
3396,金钱,jīnqián,money,金钱买不到友谊。,Money cannot buy friendship.,
3397,尽可能,jǐnkěnéng,as much as possible,请尽可能快一点。,Please be as quick as possible.,
3398,读书,dúshū,to read; study,她喜欢读书，也喜欢漫画。,She likes reading and also likes comics.,
3399,成就,chéngjiù,achievement; to accomplish,这是他的成就。,This is his achievement.,"As a verb, 成就 takes an object: 成就自己 means “to fulfill oneself.”"
3400,教会,jiàohuì,church,我们在教会里见吧。,Let's meet at the church.,"Also read jiāohuì, meaning “to teach someone how to do something.”"
3401,老人,lǎorén,elderly person,那个老人很温柔。,That elderly person is very gentle.,
3402,率,lǜ,rate,这个率太低了。,This rate is too low.,
3403,消防,xiāofáng,fire service,消防已经来了。,The firefighters are already here.,
3404,方案,fāngàn,plan; proposal,这个方案很好，我们就这样做吧。,"This plan is very good, so let's do it this way.",方案 is a specific plan or proposal; 策略 is a broader strategy.
3405,形容,xíngróng,to describe,你怎么形容这个人？,How would you describe this person?,
3406,警卫,jǐngwèi,guard,警卫在门口。,The guard is at the entrance.,
3407,矮,ǎi,short,那个孩子很矮。,That child is very short.,
3408,树林,shùlín,woods; forest,他们在树林里找我。,They are looking for me in the woods.,
3409,吼,hǒu,to roar; yell,他很生气，对我吼。,He was very angry and yelled at me.,
3410,到此为止,dàocǐwéizhǐ,that's enough; stop here,就到此为止吧。,Let's stop here.,
3411,一无所知,yīwúsuǒzhī,to know nothing at all,我一无所知。,I don't know anything at all.,
3412,设,shè,to set up; establish,他们在这里设了一个出口。,They set up an exit here.,
3413,利益,lìyì,interests; benefit,这是为了我们的利益。,This is for our benefit.,
3414,寻求,xúnqiú,to seek,他在寻求工作。,He is seeking work.,寻求 is more formal than 找 and is often used for something wanted or needed.
3415,古巴,gǔbā,Cuba,古巴很大吗？,Is Cuba big?,
3416,收回,shōuhuí,take back; withdraw,请把这钱收回。,Please take this money back.,
3417,发动,fādòng,launch; start,他们要发动战争。,They are going to launch a war.,
3418,怪异,guàiyì,strange; unusual,这个东西很怪异。,This thing is very strange.,
3419,心跳,xīntiào,heartbeat,我能听到自己的心跳。,I can hear my own heartbeat.,
3420,集团,jítuán,group; conglomerate,这个集团很有钱。,This group has a lot of money.,
3421,地铁,dìtiě,subway,我们坐地铁去饭店吧。,Let's take the subway to the restaurant.,
3422,询问,xúnwèn,inquire; ask,请询问饭店的价格。,Please ask about the restaurant's prices.,
3423,道路,dàolù,road,这条道路上有货车。,There is a truck on this road.,
3424,军事,jūnshì,military; military affairs,这是军事问题。,This is a military matter.,
3425,捐,juān,donate,我想捐钱帮孩子。,I want to donate money to help children.,
3426,协助,xiézhù,assist; help,请协助我们。,Please assist us.,
3427,及时,jíshí,timely; in time,你来得很及时。,You came just in time.,
3428,超人,chāorén,Superman; superhuman,他像超人一样。,He is like Superman.,
3429,销售,xiāoshòu,sell; sales,他们销售这些东西。,They sell these things.,"As a noun, 销售 means “sales” — e.g. 销售很好 “sales are good.”"
3430,迷路,mílù,to get lost,我在树林里迷路了。,I got lost in the woods.,
3431,体育,tǐyù,sports; physical education,他喜欢体育，但是我不太喜欢。,"He likes sports, but I don't like them very much.",
3432,结论,jiélùn,conclusion,这就是我们的结论。,This is our conclusion.,
3433,平衡,pínghéng,balance; balanced,这个方案很好，而且很平衡。,This plan is good and well balanced.,
3434,鲨鱼,shāyú,shark,这条鱼不像鲨鱼。,This fish doesn't look like a shark.,
3435,接吻,jiēwěn,to kiss,他和她在接吻。,He and she are kissing.,
3436,乘客,chéngkè,passenger,地铁里的乘客都下了。,All the passengers got off the subway.,
3437,精,jīng,shrewd; refined,这个老头很精，不会给你钱。,This old man is shrewd; he won't give you money.,"When describing a person as a predicate, 精 means “shrewd” or “sharp.” Before some nouns, it can mean “refined,” as in 精盐 “refined salt.”"
3438,隔,gé,to separate; be apart,我和他隔着一面墙，听不见他说的话。,"A wall separates him and me, so I can't hear what he says.",
3439,通道,tōngdào,passageway,通道在地铁里。,The passageway is in the subway.,
3440,价钱,jiàqián,price,这个东西的价钱太高了。,The price of this thing is too high.,价钱 usually refers to the price of a particular thing. 价格 is a more formal and general term for “price.”
3441,人群,rénqún,crowd,人群里的人都在看他。,Everyone in the crowd is looking at him.,
3442,动力,dònglì,motivation; power,因为你在这里，所以我有动力。,"Because you are here, I have motivation.",
3443,西蒙,xīméng,Simon,西蒙和我们一起工作。,Simon works with us.,
3444,托尼,tuōní,Tony,托尼把钱给了他。,Tony gave the money to him.,
3445,阴谋,yīnmóu,conspiracy; plot,这是一个阴谋。,This is a conspiracy.,
3446,慢慢来,mànmànlái,take it slowly,别太快，慢慢来。,Don't go too fast; take it slowly.,
3447,良好,liánghǎo,good; favorable,现在情况良好。,The situation is good now.,
3448,尺,chǐ,ruler; Chinese foot (unit),这是一把尺。,This is a ruler.,
3449,性命,xìngmìng,life,为了钱，他不要自己的性命了。,"For money, he no longer wants his own life.",
3450,桌,zhuō,table; desk,这张桌很小。,This table is very small.,
3451,为此,wèicǐ,for this reason,他为此做了很多事。,He did many things for this reason.,
3452,赶走,gǎnzǒu,drive away,他们把他赶走了。,They drove him away.,
3453,二十,èrshí,twenty,他们有二十个人。,There are twenty people.,
3454,手枪,shǒuqiāng,handgun,他有一把手枪。,He has a handgun.,
3455,工人,gōngrén,worker,工人们都在工作。,The workers are all working.,
3456,自愿,zìyuàn,voluntarily,我是自愿的。,I did it voluntarily.,
3457,维加斯,wéijiāsī,Las Vegas,他去维加斯了。,He went to Las Vegas.,
3458,孤单,gūdān,lonely,他一个人在这里，很孤单。,He is here alone and feels lonely.,
3459,棵,kē,classifier for trees and plants,这里有两棵树。,There are two trees here.,
3460,协会,xiéhuì,association,我在这个协会工作。,I work at this association.,
3461,啰,luō,sentence-final particle,我们走啰！,Let's go!,"At the end of a sentence, 啰 can mark a new situation or gently urge someone to act."
3462,喉咙,hóulóng,throat,我的喉咙不太好。,My throat isn't feeling very good.,
3463,足球,zúqiú,soccer,我们一起踢足球吧。,Let's play soccer together.,
3464,目击,mùjī,to witness,我目击了这件事。,I witnessed this incident.,
3465,爆发,bàofā,to erupt; to break out,火山爆发了。,The volcano erupted.,
3466,祝福,zhùfú,to bless; blessing,我祝福你。,I bless you.,"Before an object, 祝福 is a verb, as in 祝福你 “bless you.” It can also be a noun, as in 给你祝福 “give you blessings.”"
3467,清白,qīngbái,innocent; guiltless,我没有做错事，所以我是清白的。,"I didn't do anything wrong, so I am innocent.",
3468,一两,yīliǎng,one or two,我们等一两天吧。,Let's wait one or two days.,
3469,争,zhēng,to argue; to fight for,别跟他争。,Don't argue with him.,跟 someone 争 means “argue with someone”; 争 + a thing means “fight or compete for it.”
3470,措施,cuòshī,measure; action taken,这个措施很好。,This measure is very good.,
3471,困扰,kùnrǎo,to trouble; to bother,这个问题困扰我。,This problem bothers me.,
3472,陷害,xiànhài,to frame; to set up,他想陷害我。,He wants to frame me.,
3473,进一步,jìnyíbù,further; one step further,我们要进一步想想。,We need to think about it further.,"Before a verb, 进一步 means “further,” as in 进一步想想 “think about it further.”"
3474,胡,hú,Hu (a surname),胡先生，你好。,"Hello, Mr. Hu.",
3475,款,kuǎn,model/style; funds; clause/item,这款手枪的价钱很高。,This model of handgun is very expensive.,"Before a product noun, 款 means “model/style” — e.g. 这款手枪 “this model of handgun.” As a money noun, it can mean a payment — e.g. 一笔款 “a payment.”"
3476,瞄准,miáozhǔn,to aim at,他用手枪瞄准了鲨鱼。,He aimed his handgun at the shark.,
3477,化学,huàxué,chemistry,我读书的时候，最喜欢化学。,"When I was in school, I liked chemistry best.",
3478,荒唐,huāngtáng,absurd; outrageous,这个阴谋太荒唐了，我不信。,This conspiracy is too absurd; I don't believe it.,
3479,调整,tiáozhěng,to adjust,我们需要调整这个方案，然后再开始。,"We need to adjust this plan, and then start again.",
3480,审讯,shěnxùn,to interrogate,警卫在审讯那个工人。,The guard is interrogating that worker.,
3481,随意,suíyì,freely; as one wishes,你可以随意看，但是别拿走。,"You can look freely, but don't take anything away.",
3482,人选,rénxuǎn,candidate; choice of person,西蒙是做这个工作的最好人选。,Simon is the best candidate for this job.,
3483,少校,shàoxiào,major (military rank),少校让警卫把人群赶走了。,The major had the guards drive the crowd away.,
3484,场景,chǎngjǐng,scene,我在树林里看到了一个怪异的场景。,I saw a strange scene in the woods.,
3485,飞行员,fēixíngyuán,pilot,飞行员请乘客坐好。,The pilot asked the passengers to sit properly.,
3486,惊人,jīngrén,astonishing; amazing,他的成就很惊人。,His achievement is amazing.,
3487,围,wéi,to surround,人群把那个老人围了起来。,The crowd surrounded that old man.,
3488,一家,yījiā,a family; the whole family,这一家人都很喜欢读书。,This whole family really likes reading.,
3489,康复,kāngfù,to recover; recovery,老人康复了以后，又开始工作了。,"After the old man recovered, he started working again.",
3490,策划,cèhuà,to plan; planning,他们在策划一个阴谋。,They are planning a conspiracy.,
3491,火灾,huǒzāi,fire,火灾发生在树林里。,A fire broke out in the woods.,
3492,费用,fèiyòng,cost; expenses,这次的费用太多了。,The expenses this time are too high.,
3493,弥补,míbǔ,to make up for,钱不能弥补这个损失。,Money cannot make up for this loss.,
3494,胃,wèi,stomach,我的胃很不好。,My stomach is not feeling well.,
3495,大门,dàmén,main gate,大门已经关上了。,The main gate has already been closed.,
3496,连接,liánjiē,to connect; connection,这条道路连接这里和那里。,This road connects here and there.,
3497,韩国,hánguó,South Korea,她在韩国工作。,She works in South Korea.,
3498,理想,lǐxiǎng,ideal; dream,他的理想是当飞行员。,His dream is to become a pilot.,
3499,党,dǎng,political party,这个党有很多人。,This political party has many people.,
3500,过敏,guòmǐn,to be allergic to; allergy,我对这个东西过敏。,I am allergic to this thing.,
3501,凯特,kǎitè,Kate,凯特是个飞行员。,Kate is a pilot.,
3502,吉姆,jímǔ,Jim,吉姆是个工人。,Jim is a worker.,
3503,点子,diǎnzi,idea,我有一个好点子。,I have a good idea.,
3504,科技,kējì,technology,科技让我们能做更多事。,Technology lets us do more things.,
3505,包裹,bāoguǒ,package; parcel,这个包裹是给你的。,This package is for you.,
3506,工资,gōngzī,salary; wages,他还没有给工人工资。,He still hasn't paid the workers their wages.,
3507,杜,dù,Du (a Chinese surname),杜先生在这里吗？,Is Mr. Du here?,
3508,小小的,xiǎoxiǎode,tiny; very small,这是一个小小的点子。,This is a tiny idea.,
3509,衣,yī,clothing; garment,这件衣是她的。,This garment is hers.,"衣 is a formal or literary word for clothing; in everyday speech, 衣服 is more common."
3510,妇女,fùnǚ,women,这些妇女都在工作。,These women are all working.,"妇女 is a formal, collective term for women."
3511,来源,láiyuán,source; origin,这个东西的来源是什么？,What is the source of this thing?,
3512,判决,pànjué,verdict; judgment,判决已经出来了。,The verdict has already come out.,
3513,刻,kè,quarter of an hour; moment; carve,等一刻，我们就走。,"Wait fifteen minutes, then we'll leave.","After a number, 刻 can be a time unit of fifteen minutes, as in 一刻 “fifteen minutes.” Before an object, it can mean “to carve,” as in 刻名字 “carve a name.”"
3514,路线,lùxiàn,route,我们走这条路线吧。,Let's take this route.,
3515,地毯,dìtǎn,carpet; rug,大门里有地毯。,There is a carpet inside the entrance.,
3516,依靠,yīkào,to rely on,我们可以依靠他。,We can rely on him.,
3517,扔掉,rēngdiào,to throw away,把这个东西扔掉吧。,Throw this thing away.,
3518,裸体,luǒtǐ,naked; nude,他没有衣，是裸体的。,He has no clothes; he is naked.,
3519,陷阱,xiànjǐng,trap,这是个陷阱，你别来。,This is a trap; don't come.,
3520,公正,gōngzhèng,fair; just,这个判决很公正。,This verdict is fair.,
3521,总算,zǒngsuàn,finally; at last,我们总算找到一个好点子。,We finally found a good idea.,
3522,真心,zhēnxīn,sincere; sincerely,我真心想帮你。,I sincerely want to help you.,
3523,来着,láizhe,sentence-final particle for recalled past information,他刚才说什么来着？,What did he just say again?,"Used at the end of a question or statement when recalling something from the past, often like “again?” or “was it?” in English."
3524,古老,gǔlǎo,ancient; old,这个大门很古老。,This gate is very old.,
3525,不妙,bùmiào,not good; troubling,手枪不见了，这很不妙。,The gun is gone; this is not good.,
3526,伪装,wěizhuāng,to disguise; disguise,他伪装成一个工人。,He disguised himself as a worker.,
3527,兮,xī,classical exclamatory particle,路漫漫其修远兮。,The road is long and far ahead.,"兮 is a literary, classical particle, usually placed at the end of a phrase; it is not used in ordinary modern speech."
3528,宴会,yànhuì,banquet; formal party,凯特在宴会上见到西蒙。,Kate saw Simon at the banquet.,
3529,委托,wěituō,to entrust; commission,凯特委托吉姆发送包裹。,Kate asked Jim to send the package.,
3530,白宫,báigōng,the White House,白宫里有很多人。,There are many people in the White House.,
3531,发送,fāsòng,to send; transmit,请发送这个包裹。,Please send this package.,
3532,犬,quǎn,dog (formal),犬在这里。,The dog is here.,
3533,冲突,chōngtū,conflict; clash,他们有冲突。,They have a conflict.,
3534,指示,zhǐshì,instruction; to indicate,他的指示很清楚。,His instructions are very clear.,"As a verb, 指示 + an object means “to indicate” or “to point out” — e.g. 指示方向 “indicate the direction.”"
3535,只好,zhǐhǎo,have no choice but to,我没有钱，所以只好走。,"I have no money, so I have no choice but to leave.",
3536,柜,guì,cabinet; cupboard,钱在柜里。,The money is in the cabinet.,
3537,散步,sànbù,to take a walk,我们一起去散步吧。,Let's go for a walk together.,
3538,化妆,huàzhuāng,to put on makeup,她在化妆。,She is putting on makeup.,
3539,郎,láng,young man; husband (literary),郎，你回来了。,"My dear, you're back.","This is a literary or old-fashioned term, often used when addressing a beloved man or husband."
3540,莎,shā,Sha (a name),莎在这里。,Sha is here.,
3541,别提,biétí,don't mention it,别提这事了。,Don't mention this matter again.,
3542,博,bó,to take a gamble,这一次，我想博一下。,"This time, I want to take a gamble.",
3543,上午,shàngwǔ,morning; before noon,上午我们都在工作。,We are all working in the morning.,
3544,捅,tǒng,to stab; to poke,他捅了我一下。,He poked me.,
3545,剧院,jùyuàn,theater,我们在剧院见吧。,Let's meet at the theater.,
3546,卑鄙,bēibǐ,despicable,他这样做很卑鄙。,What he did was despicable.,
3547,端,duān,to carry; to serve,请把东西端上来。,Please bring the things up.,
3548,怀念,huáiniàn,to miss; to remember fondly,我很怀念他。,I miss him very much.,
3549,宽恕,kuānshù,to forgive,请宽恕我吧。,Please forgive me.,
3550,握,wò,to hold; to grasp,他握着我的手。,He is holding my hand.,
3551,原本,yuánběn,originally; original,我原本想去，但是现在不想去了。,"I originally wanted to go, but now I don’t want to.","Before a verb or clause, 原本 means “originally”; before a noun with 的, it can mean “original” — e.g. 原本的样子 “the original appearance.”"
3552,见识,jiànshí,knowledge; experience,他真有见识。,He really is knowledgeable.,"As a verb, it means “to experience or see firsthand,” often in 见识一下 — e.g. 让我见识一下 “let me see it firsthand.”"
3553,贝,bèi,shell; shellfish,这个贝很好看。,This shell looks nice.,
3554,所作所为,suǒzuòsuǒwéi,what someone has done,他所作所为让我们很困扰。,What he has done has really troubled us.,
3555,创意,chuàngyì,creative idea; creativity,这个点子很有创意。,This idea is very creative.,
3556,代替,dàitì,to replace; instead of,你可以代替他去吗？,Can you go instead of him?,
3557,汁,zhī,juice; sauce,我想喝这个汁。,I want to drink this juice.,
3558,人士,rénshì,person (formal),这些人士都来了。,These people have all arrived.,
3559,干脆,gāncuì,straightforward; simply,干脆我们现在就去吧。,We might as well go now.,"Before a suggestion, 干脆 means “simply” or “might as well” — e.g. 干脆我们走吧 “we might as well leave.” As a predicate, it can mean “straightforward” — e.g. 他很干脆 “he is very decisive.”"
3560,户,hù,household; family,这一户有两个人。,This household has two people.,户 refers to one household and also serves as a measure word for households — e.g. 两户人家 “two households.”
3561,脆弱,cuìruò,fragile; vulnerable,孩子很脆弱，你要小心一点。,"The child is very fragile, so you need to be a little careful.",
3562,水果,shuǐguǒ,fruit,这里的水果很好。,The fruit here is very good.,
3563,这家,zhèjiā,"this (shop, company, or family)",这家店很好。,This shop is very good.,"家 is a measure word for businesses, companies, and families. For example, 这家店 means “this shop.”"
3564,局里,júlǐ,in the bureau; in the office,局里的人都来了。,Everyone at the bureau has arrived.,
3565,玩玩,wánwán,play around; have a go,我们先玩玩这个，然后再说。,"Let's play around with this first, then talk about it.",The repeated form 玩玩 makes it sound casual or brief.
3566,幸,xìng,fortunately,幸没有造成火灾。,"Fortunately, it did not cause a fire.","A formal, written adverb, often used before a negative result: 幸没有造成火灾 means “fortunately, it did not cause a fire.”"
3567,争霸,zhēngbà,contend for dominance,两个党都想争霸。,Both parties want to contend for dominance.,
3568,侵犯,qīnfàn,invade; violate,他们侵犯了韩国。,They invaded South Korea.,
3569,一百万,yìbǎiwàn,one million,这是一百万块钱。,This is one million yuan.,
3570,无意,wúyì,unintentionally; not mean to,我无意提起他。,I didn't mean to bring him up.,
3571,温暖,wēnnuǎn,warm,这里很温暖。,It's warm here.,
3572,珠宝,zhūbǎo,jewelry,这些珠宝都是她的。,All this jewelry is hers.,
3573,提起,tíqǐ,bring up; mention,别提起这件事。,Don't bring up this matter.,
3574,大伙,dàhuǒ,everyone,大伙都在这里。,Everyone is here.,
3575,器官,qìguān,organ,胃是一个器官。,The stomach is an organ.,
3576,讨,tǎo,ask for; demand,别跟他讨钱。,Don't ask him for money.,
3577,出版,chūbǎn,publish,他们要出版这本书。,They are going to publish this book.,
3578,切断,qiēduàn,cut off,他们切断了连接。,They cut off the connection.,
3579,玫瑰,méiguī,rose,这是一朵玫瑰。,This is a rose.,
3580,崇拜,chóngbài,to admire; worship,我很崇拜他。,I really admire him.,
3581,前妻,qiánqī,ex-wife,他的前妻来了。,His ex-wife came.,
3582,失败者,shībàizhě,loser; failure,失败者也可以再开始。,A loser can also start again.,
3583,考验,kǎoyàn,test; trial,这对我们是一个考验。,This is a test for us.,
3584,罪行,zuìxíng,crime,这是他的罪行。,This is his crime.,
3585,效劳,xiàoláo,to be of service,我能为你效劳吗？,May I help you?,"A polite expression, most often used in 为你效劳 “be of service to you.”"
3586,时装,shízhuāng,fashion; fashionable clothing,她很喜欢时装。,She really likes fashion.,
3587,稍后,shāohòu,a little later,我稍后再来。,I’ll come back a little later.,
3588,搬家,bānjiā,to move house,我们要搬家了。,We’re going to move house.,
3589,主持,zhǔchí,to host; preside over,她主持这个节目。,She hosts this program.,
3590,男子,nánzi,man; male,那个男子来了。,That man came.,
3591,罪恶,zuìè,evil; sin,这是一种罪恶。,This is a kind of evil.,
3592,活儿,huóer,work; task,这活儿我能做。,I can do this job.,A colloquial word for a job or task.
3593,用来,yònglái,to be used for,这个是用来开门的。,This is used to open the door.,"用来 is followed by a verb to state a purpose, as in 用来开门 “used to open a door.”"
3594,视,shì,to regard; view,他视我为朋友。,He regards me as a friend.,Often used in the pattern A 视 B 为 C: 他视我为朋友 “he regards me as a friend.”
3595,远远,yuǎnyuǎn,far; by far,这家剧院远远比那个大。,This theater is much bigger than that one.,
3596,哈利,hālì,Harry,哈利在白宫工作。,Harry works at the White House.,
3597,扫描,sǎomiáo,to scan,请扫描这个。,Please scan this.,
3598,假期,jiàqī,vacation; holiday,假期的时候，我们去散步吧。,Let's go for a walk during the vacation.,
3599,题,tí,question; exercise,这题我不会做。,I can't do this question.,
3600,缺乏,quēfá,to lack,这个工作缺乏创意。,This work lacks creativity.,
3601,义务,yìwù,duty; obligation,这是我们的义务。,This is our duty.,
3602,连续,liánxù,continuously; consecutive,他连续工作了两天。,He worked for two days in a row.,
3603,一时,yīshí,for the moment; temporarily,我一时想不起来。,I can't think of it for the moment.,
3604,猛,měng,fierce; suddenly,这只犬很猛。,This dog is very fierce.,"Before a verb, 猛 can mean “suddenly” or “with force” — e.g. 他猛地走了 “he suddenly left.”"
3605,白天,báitiān,daytime,白天他在这家剧院工作。,He works at this theater during the day.,
3606,欲望,yùwàng,desire,他对钱的欲望很大。,He has a strong desire for money.,
3607,魔术,móshù,magic; magic trick,他会做魔术。,He can do magic tricks.,
3608,连环,liánhuán,interlocking; chain of connected things,这是一个连环的陷阱。,This is a chain of connected traps.,
3609,蜜蜂,mìfēng,bee,这只蜜蜂在这里。,This bee is here.,
3610,之所以,zhīsuǒyǐ,the reason why,我之所以来，是因为你叫我。,The reason I came is because you asked me to.,Used in the pattern 之所以……，是因为…… to give a reason.
3611,拉斯维加斯,lāsīwéijiāsī,Las Vegas,我们想去拉斯维加斯玩玩。,We want to go to Las Vegas for fun.,
3612,除,chú,to remove; except; divide,除你之外，我们都想去。,"Except for you, we all want to go.","Before a noun, 除……之外 means “except for ….”"
3613,实力,shílì,strength; actual capability,这才是他们的实力。,This is their real strength.,
3614,精灵,jīnglíng,elf; sprite,一个精灵来了。,An elf came.,
3615,夸张,kuāzhāng,exaggerated; to exaggerate,你这么说太夸张了。,What you're saying is too exaggerated.,"As a verb, it can mean “to exaggerate,” as in 别夸张 “don't exaggerate.”"
3616,失控,shīkòng,out of control,这事失控了，我们只好走。,"This situation got out of control, so we had no choice but to leave.",
3617,桌上,zhuōshàng,on the table,钱在桌上。,The money is on the table.,
3618,一千,yīqiān,one thousand,一千个人都来了。,All one thousand people came.,
3619,赌博,dǔbó,to gamble; gambling,他的钱都用来赌博了。,He used all his money for gambling.,
3620,处境,chǔjìng,circumstances; predicament,他的处境很不妙。,His situation is not good.,
3621,礼服,lǐfú,formal dress; evening wear,她的礼服在柜里。,Her formal dress is in the cabinet.,
3622,卧底,wòdǐ,undercover agent; to work undercover,他是一个卧底。,He is an undercover agent.,"As a verb, 卧底 means “to work undercover” — e.g. 他在局里卧底 “he is working undercover in the bureau.”"
3623,零,líng,zero,这是零，不是一。,"This is zero, not one.",
3624,专辑,zhuānjí,album,这张专辑很好。,This album is very good.,
3625,保存,bǎocún,save; preserve,请把这些钱保存好。,Please keep this money safe.,
3626,晃,huǎng,shake; sway,别晃这个东西。,Don't shake this thing.,"Also read huàng, meaning 'to flash past' or 'dazzle.'"
3627,修好,xiūhǎo,repair; fix,他把这个东西修好了。,He fixed this thing.,
3628,曼,màn,Man (a personal name),曼在这里吗？,Is Man here?,
3629,感动,gǎndòng,moved; touched,你说的话让我很感动。,What you said really moved me.,
3630,继承,jìchéng,inherit,他会继承这些钱。,He will inherit this money.,
3631,如今,rújīn,nowadays,如今我们都在这里工作。,"Nowadays, we all work here.",
3632,打球,dǎqiú,play ball,我们下去打球吧。,Let's go down and play ball.,
3633,染,rǎn,dye,她把头发染红了。,She dyed her hair red.,
3634,祖母,zǔmǔ,grandmother,我祖母也来了。,My grandmother came too.,
3635,老爹,lǎodiē,dad,我老爹在这里。,My dad is here.,
3636,企图,qǐtú,attempt; try,他企图拿走这些钱。,He tried to take this money away.,Often suggests a questionable intention or an attempt that may fail.
3637,沾,zhān,touch; get on,别沾这个东西。,Don't touch this thing.,
3638,不如,bùrú,not as good as,这家不如那家好。,This place is not as good as that one.,不如 is used for comparison: A 不如 B + adjective means “A is not as adjective as B.”
3639,裤,kù,pants,这条裤太小了。,These pants are too small.,
3640,雇佣,gùyōng,to employ; hire,这家公司雇佣了两个人。,This company hired two people.,
3641,保险箱,bǎoxiǎnxiāng,safe; lockbox,珠宝在保险箱里。,The jewelry is in the safe.,
3642,隔离,gélí,to isolate; quarantine,因为他有病，所以我们把他隔离了。,"Because he is sick, we isolated him.",
3643,西装,xīzhuāng,suit,那个男子穿着西装。,That man is wearing a suit.,
3644,福,fú,good fortune; blessing,你真有福。,You are really fortunate.,
3645,罚,fá,to punish; fine,他们要罚我钱。,They are going to fine me.,
3646,晓得,xiǎode,to know,我晓得这事。,I know about this.,"晓得 is a more colloquial way to say 知道, especially in some regions."
3647,旅,lǚ,journey; military brigade,一旅已经到了。,A brigade has arrived.,"In military use, after a number, 旅 means “brigade” — e.g. 一旅已经到了, “a brigade has arrived.” In formal travel-related writing, it can mean “journey.”"
3648,厨,chú,cook; kitchen,这家的厨做的东西很好。,The cook at this place makes very good food.,"厨 is usually used in compounds, but can refer to a cook in abbreviated speech."
3649,迟早,chízǎo,sooner or later,他迟早会知道。,He will know sooner or later.,
3650,电台,diàntái,radio station,电台里的人都在说这事。,People at the radio station are all talking about this.,
3651,无能为力,wúnéngwéilì,powerless; unable to do anything,对这事，我无能为力。,There is nothing I can do about this.,
3652,生涯,shēngyá,career,他的工作生涯很长。,His career is very long.,
3653,护照,hùzhào,passport,你把护照带了吗？,Did you bring your passport?,
3654,後,hòu,behind; after,我在你後。,I am behind you.,後 is the traditional form of 后.
3655,知识,zhīshí,knowledge,他的知识很多，但是他不想说。,"He has a lot of knowledge, but he does not want to talk about it.",知识 is a noun for knowledge in general; 知道 is a verb for knowing a fact.
3656,开会,kāihuì,to have a meeting,我们先开会，然后再说吧。,"Let's have a meeting first, then talk.",
3657,支付,zhīfù,to pay,这次的钱我来支付。,I'll pay this time.,
3658,领袖,lǐngxiù,leader,他是大伙的领袖。,He is everyone's leader.,
3659,小偷,xiǎotōu,thief,小偷把钱拿走了。,The thief took the money away.,
3660,观看,guānkàn,to watch,我们一起观看魔术吧。,Let's watch some magic together.,"观看 is a more formal, attentive kind of watching than the broader 看, especially for a show, event, or performance."
3661,挣扎,zhēngzhá,to struggle,他在水里挣扎。,He is struggling in the water.,
3662,球员,qiúyuán,player; athlete,这个球员打球很好。,This player is very good at playing ball.,
3663,丁,dīng,the fourth of the ten Heavenly Stems,丁是第四个天干。,Ding is the fourth Heavenly Stem.,丁 is the fourth item in the traditional sequence 甲、乙、丙、丁.
3664,英寸,yīngcùn,inch,这个东西有十英寸长。,This thing is ten inches long.,
3665,推荐,tuījiàn,to recommend,你能推荐一个好地方吗？,Can you recommend a good place?,
3666,骚扰,sāorǎo,to harass,别再骚扰她了。,Stop harassing her.,
3667,收养,shōuyǎng,to adopt,他们收养了一个孩子。,They adopted a child.,
3668,引爆,yǐnbào,to detonate,他想引爆炸弹。,He wants to detonate the bomb.,
3669,裸,luǒ,naked; bare,他裸着站在这里。,He is standing here naked.,裸 usually appears as 裸着 + verb to describe doing something naked.
3670,节日,jiérì,festival; holiday,这个节日很好，我们都喜欢。,This festival is great; we all like it.,
3671,难堪,nánkān,embarrassed; awkward,他说的话让我很难堪。,What he said made me feel very embarrassed.,
3672,硬币,yìngbì,coin,我没有钱，只有一个硬币。,"I have no money, only one coin.",
3673,许可,xǔkě,permission; permit,你可以去，但是要有许可。,"You can go, but you need permission.","Before a person or action, 许可 is a verb meaning “permit” — e.g. 许可他去 “permit him to go.”"
3674,成年人,chéngniánrén,adult,他已经不是孩子，是成年人了。,He is no longer a child; he is an adult.,
3675,深呼吸,shēnhūxī,take a deep breath,别说话，先深呼吸。,Don't talk; take a deep breath first.,
3676,吻合,wěnhé,match; correspond,你说的和我知道的很吻合。,What you said matches what I know very well.,
3677,汇报,huìbào,report (to a superior),请把这个问题汇报给领袖。,Please report this problem to the leader.,
3678,丢脸,diūliǎn,lose face; be embarrassing,这么做太丢脸了。,Doing this is too embarrassing.,
3679,难受,nánshòu,feel awful; uncomfortable,我现在很难受，想走。,I feel awful right now and want to leave.,
3680,放屁,fàngpì,fart,别在这里放屁。,Don't fart here.,"When used to dismiss what someone says, 放屁 means “nonsense” — e.g. 你在放屁 “You’re talking nonsense.”"
3681,鼓掌,gǔzhǎng,applaud,他们都鼓掌。,They all applauded.,
3682,旅程,lǚchéng,journey,这次旅程很长，但是很好。,"This journey is long, but very good.",
3683,奖金,jiǎngjīn,bonus; prize money,他得了奖金，很高兴。,He got a bonus and is very happy.,
3684,热狗,règǒu,hot dog,我想吃一个热狗。,I want to eat a hot dog.,
3685,马丁,mǎdīng,Martin (a name),马丁来了，但是他没说话。,"Martin came, but he didn't say anything.",
3686,片子,piānzi,movie; film,这个片子很好看，我也想看。,This movie is very good; I want to watch it too.,
3687,末日,mòrì,doomsday; the end of the world,末日来了以后，我们还能在这里吗？,"After doomsday comes, can we still be here?",
3688,糖果,tángguǒ,candy,孩子想要糖果，但是没有钱。,"The child wants candy, but has no money.",
3689,目击者,mùjīzhě,eyewitness,目击者说，小偷已经走了。,The eyewitness said that the thief had already left.,
3690,地面,dìmiàn,ground; surface,钱在地面上，但是不在桌上。,"The money is on the ground, not on the table.",
3691,待会儿,dàihuìer,in a little while,待会儿我们一起去吧。,Let's go together in a little while.,
3692,过度,guòdù,excessive; excessively,因为他过度赌博，所以没有钱。,"Because he gambles excessively, he has no money.",
3693,撕,sī,to tear; rip,别把这个撕了。,Don't tear this up.,
3694,桩,zhuāng,measure word for cases or incidents,这桩事让他很难堪。,This matter makes him very embarrassed.,
3695,捉,zhuō,to catch; capture,小偷被他捉到了。,The thief was caught by him.,
3696,声称,shēngchēng,to claim; assert,他声称自己没有钱。,He claims that he has no money.,It often introduces a claim that has not been verified.
3697,亚瑟,yàsè,Arthur (a name),亚瑟想去，但是没有时间。,"Arthur wants to go, but he doesn't have time.",
3698,咨询,zīxún,to consult; consultation,如果有问题，就咨询他吧。,"If there is a problem, consult him.",
3699,出庭,chūtíng,to appear in court,他要出庭，所以现在不能去。,"He has to appear in court, so he can't go now.",
3700,包围,bāowéi,to surround; encircle,小偷被他们包围了。,The thief was surrounded by them.,
3701,提示,tíshì,a hint; to prompt,给我一点提示吧。,Give me a little hint.,"As a verb, 提示 means to prompt or point something out — e.g. 提示我 “prompt me.”"
3702,肺,fèi,lung,深呼吸对肺很好。,Deep breathing is good for the lungs.,
3703,糊涂,hútú,confused; muddle-headed,我现在很糊涂。,I'm very confused right now.,
3704,院,yuàn,courtyard; institute,我们在院里等他。,We're waiting for him in the courtyard.,"As a suffix after a name or field, 院 commonly refers to an institution — e.g. 医院 “hospital.”"
3705,燃烧,ránshāo,to burn; burn up,这东西在燃烧。,This thing is burning.,
3706,豪华,háohuá,luxurious; lavish,这房子很豪华。,This house is luxurious.,
3707,毒气,dúqì,poison gas,毒气让他们很难受。,The poison gas is making them feel awful.,
3708,拳击,quánjī,boxing,他在看拳击。,He is watching boxing.,
3709,亚当,yàdāng,Adam,亚当在等我们。,Adam is waiting for us.,
3710,修女,xiūnǚ,nun,那个修女在这里。,That nun is here.,
3711,混合,hùnhé,to mix; blend,把这些东西混合起来。,Mix these things together.,
3712,争吵,zhēngchǎo,to argue; quarrel,他们在争吵。,They are arguing.,
3713,私,sī,private; personal,我不想说私事。,I don't want to talk about private matters.,
3714,轻易,qīngyì,easily; lightly,你别轻易给他钱。,Don't give him money so easily.,
3715,青,qīng,green; blue-green,那条裤是青的。,Those pants are blue-green.,
3716,幽默,yōumò,humorous,他说的话很幽默，我们都笑了。,"What he said was very funny, and we all laughed.",
3717,明智,míngzhì,wise; sensible,现在这样做很明智。,Doing this now is very sensible.,
3718,走走,zǒuzǒu,take a walk,我们出去走走吧。,Let's go out for a walk.,
3719,后退,hòutuì,move back; retreat,他后退了两步。,He stepped back two steps.,
3720,桶,tǒng,bucket; barrel,把水放到桶里。,Put the water in the bucket.,
3721,困惑,kùnhuò,confused; puzzled,这件事让我很困惑。,This matter has me very confused.,
3722,武装,wǔzhuāng,to arm; armed,他们已经武装好了。,They are already armed.,
3723,指甲,zhǐjiǎ,fingernail; toenail,她的指甲很长。,Her fingernails are very long.,
3724,透露,tòulù,to reveal; disclose,他不想透露这个计划。,He does not want to reveal this plan.,
3725,斗争,dòuzhēng,struggle; fight,他们还在斗争。,They are still struggling.,
3726,录像带,lùxiàngdài,videotape,这盘录像带里有什么？,What is on this videotape?,
3727,感恩节,gǎnēnjié,Thanksgiving,感恩节的时候，我们都回家。,"At Thanksgiving, we all go home.",
3728,计,jì,to count; calculate,这些钱都要计进去。,All this money needs to be counted in.,Often used in formal or written expressions for counting or including something — e.g. 不计 means “not count.”
3729,灯光,dēngguāng,lighting,这里的灯光太亮了，我看不见。,The lighting here is too bright; I cannot see.,
3730,基督,jīdū,Christ,很多人相信基督。,Many people believe in Christ.,
3731,酱,jiàng,sauce; paste,我想要一点酱。,I want a little sauce.,
3732,选举,xuǎnjǔ,election,选举快开始了，我们去看看吧。,The election is about to start; let's go take a look.,
3733,威廉,wēilián,William,威廉，你现在能来吗？,"William, can you come now?",
3734,劫,jié,calamity; ordeal,这一劫，我们一起过去。,We will get through this ordeal together.,
3735,追查,zhuīchá,to investigate; track down,他们正在追查这个小偷。,They are tracking down this thief.,
3736,上车,shàngchē,to get in a vehicle,快上车，我们要走了。,Get in the car quickly; we are leaving.,
3737,环,huán,ring; loop,这个环很好看。,This ring looks very nice.,
3738,冰淇淋,bīngqílín,ice cream,我想吃冰淇淋。,I want to eat ice cream.,
3739,用不着,yòngbùzhe,there is no need to,你用不着等我。,You don't need to wait for me.,用不着 + verb means there is no need to do that action.
3740,好受,hǎoshòu,to feel better; comfortable,深呼吸以后，你会好受一点。,"After taking a deep breath, you will feel a little better.",
3741,足以,zúyǐ,enough to,这些钱足以支付旅程。,This money is enough to pay for the trip.,足以 is followed by a verb or verb phrase to say something is sufficient for an action.
3742,相爱,xiāngài,to love each other,他们很相爱，也很想在一起。,They love each other and really want to be together.,
3743,厂,chǎng,factory,他在这个厂工作。,He works at this factory.,
3744,不赖,bùlài,not bad; pretty good,这个片子真不赖。,This movie is really pretty good.,Informal; it often positively means something is quite good.
3745,软,ruǎn,soft,这个糖果很软。,This candy is soft.,
3746,人口,rénkǒu,population,这个地方的人口很多。,This place has a large population.,
3747,出名,chūmíng,famous,这个球员很出名。,This player is very famous.,
3748,夹克,jiákè,jacket,这件夹克太小了。,This jacket is too small.,
3749,触,chù,to touch,别触这个。,Don't touch this.,
3750,鼠,shǔ,mouse; rat,我看见一只鼠。,I saw a mouse.,
3751,违法,wéifǎ,illegal; against the law,这样做违法吗？,Is doing this illegal?,
3752,帮派,bāngpài,gang,他们是一个帮派。,They are a gang.,
3753,隐私,yǐnsī,privacy,别告诉他们我的隐私。,Don't tell them about my privacy.,
3754,陈,chén,Chen (a surname),陈先生来了。,Mr. Chen has arrived.,
3755,街头,jiētóu,street; street corner,他们在街头上。,They are out on the street.,
3756,内衣,nèiyī,underwear,这件内衣太小了。,This underwear is too small.,
3757,银,yín,silver,这个是银的。,This is made of silver.,
3758,夏威夷,xiàwēiyí,Hawaii,我想去夏威夷。,I want to go to Hawaii.,
3759,稳,wěn,steady; stable,你走得很稳。,You walk very steadily.,
3760,功能,gōngnéng,function; capability,这个东西有什么功能？,What functions does this thing have?,
3761,第七,dìqī,seventh,这是我第七次来这里。,This is my seventh time coming here.,
3762,明确,míngquè,clear; explicit,请明确告诉我，你想要什么。,Please tell me clearly what you want.,
3763,口音,kǒuyīn,accent,他的口音跟我们不一样。,His accent is different from ours.,
3764,闯入,chuǎngrù,to break into,他闯入了院子。,He broke into the yard.,
3765,旋转,xuánzhuǎn,to rotate; spin,这个东西在旋转。,This thing is spinning.,
3766,品牌,pǐnpái,brand,这个品牌很出名。,This brand is very famous.,
3767,穿越,chuānyuè,to cross through,他们穿越了沙漠。,They crossed through the desert.,
3768,刷,shuā,to brush,我在刷牙。,I am brushing my teeth.,"Also read shuà, meaning “to select.”"
3769,虎,hǔ,tiger,虎来了，快走！,A tiger is coming—go quickly!,
3770,有意,yǒuyì,intentional; deliberately,他有意让我们看这个片子。,He deliberately had us watch this movie.,
3771,回顾,huígù,to review; look back on,我们回顾这次旅程吧。,Let's look back on this trip.,
3772,扁,biǎn,flat,这个东西很扁。,This thing is very flat.,Also read piān as a surname.
3773,孙子,sūnzi,grandson,他的孙子也来了。,His grandson came too.,
3774,把握,bǎwò,confidence; to grasp,我没有把握。,I'm not confident.,"有/没有把握 means “to be confident.” Before an object, 把握 means “to grasp or seize” — e.g. 把握机会 “seize an opportunity.”"
3775,嫌疑人,xiányírén,suspect,嫌疑人被包围了。,The suspect was surrounded.,
3776,激烈,jīliè,intense; fierce,他们的争吵很激烈。,Their argument was intense.,
3777,汗,hàn,sweat,他出了很多汗。,He sweated a lot.,
3778,丢掉,diūdiào,throw away,把这些录像带丢掉吧。,Throw away these videotapes.,
3779,相机,xiàngjī,camera,我想要这个相机。,I want this camera.,
3780,授权,shòuquán,authorize; authorization,请授权我进去。,Please authorize me to go in.,
3781,象是,xiàngshì,seem to be,他象是已经走了。,He seems to have already left.,象 is a less common variant of 像 in this use.
3782,恕,shù,please forgive,恕我不能告诉你。,"Please forgive me, but I can't tell you.","A formal, polite word, often used in patterns such as 恕我不能… (“please forgive me, but I cannot…”)."
3783,欢乐,huānlè,joy; happiness,感恩节的时候，我们都很欢乐。,"At Thanksgiving, we were all very happy.",
3784,毒贩,dúfàn,drug dealer,毒贩被武装的人包围了。,The drug dealer was surrounded by armed people.,
3785,委托人,wěituōrén,client,委托人已经到了。,The client has already arrived.,
3786,收入,shōurù,income,他的收入不多，但是很稳。,"His income is not much, but it is stable.",
3787,老弟,lǎodì,little brother; buddy,老弟，你还好吗？,"Hey buddy, are you okay?",
3788,钓鱼,diàoyú,to fish,我们去钓鱼吧。,Let's go fishing.,
3789,酸,suān,sour; sore/aching,这个酱太酸了。,This sauce is too sour.,"For physical discomfort, 酸 means “sore/aching” — e.g. 腿很酸 (“my legs are sore”)."
3790,公里,gōnglǐ,kilometer,这里到车站有五公里。,It is five kilometers from here to the station.,
3791,扶,fú,to support; help someone walk,我扶着他走。,I am supporting him as he walks.,
3792,集合,jíhé,to gather; assemble,我们在车站集合吧。,Let's meet at the station.,
3793,车站,chēzhàn,station,我们在车站集合吧。,Let's meet at the station.,
3794,私下,sīxià,in private,我们私下再说这件事吧。,Let's talk about this matter privately later.,
3795,抚养,fǔyǎng,to raise; support a child,她一个人抚养两个孩子。,She is raising two children by herself.,
3796,秘书,mìshū,secretary,请叫秘书来。,Please ask the secretary to come.,
3797,环节,huánjié,step; link in a process,这个环节很重要。,This step is very important.,
3798,同伴,tóngbàn,companion; partner,他和同伴一起走了。,He left with his companion.,
3799,闯,chuǎng,to rush into; barge in,别闯进去。,Don't barge in.,
3800,非得,fēiděi,must; have to,你非得现在去吗？,Do you have to go right now?,"非得 emphasizes that something is absolutely necessary, often with impatience or challenge, as in 非得现在去吗？"
3801,堂,táng,hall; classifier for lessons,这堂课已经开始了。,This lesson has already started.,"Before 课, 堂 is a classifier for lessons, as in 一堂课 “a lesson.” It can also mean a hall."
3802,全体,quántǐ,all members; the entire group,全体都到了吗？,Has everyone arrived?,"全体 refers to the whole group; 都 is the adverb meaning “all,” so 全体都到了 means “the whole group has arrived.”"
3803,事先,shìxiān,in advance; beforehand,你为什么不事先告诉我？,Why didn't you tell me beforehand?,
3804,说了算,shuōlesuàn,to have the final say,这件事谁说了算？,Who has the final say in this matter?,
3805,凯蒂,kǎidì,Katie,凯蒂已经上车了。,Katie has already gotten on the vehicle.,
3806,尽情,jìnqíng,to one's heart's content,我们尽情吃冰淇淋吧。,Let's eat ice cream to our hearts' content.,
3807,狠,hěn,ruthless; harsh,他对孩子很狠。,He is very harsh with children.,
3808,扭,niǔ,to twist,别扭我的手。,Don't twist my hand.,
3809,啦啦队,laladuì,cheerleading squad,凯蒂在啦啦队。,Katie is on the cheerleading squad.,
3810,这部,zhèbù,this (classifier for films/books),这部电影很出名。,This movie is very famous.,"部 is a measure word for films, books, and similar works."
3811,做饭,zuòfàn,to cook,我来做饭，你们等一下。,I'll cook; you wait a moment.,
3812,怪兽,guàishòu,monster,这个怪兽比虎大。,This monster is bigger than a tiger.,
3813,基础,jīchǔ,foundation; basics,这些是基础，我们可以开始了。,These are the basics; we can begin.,
3814,残酷,cánkù,brutal; cruel,这场斗争很残酷。,This struggle is brutal.,
3815,使命,shǐmìng,mission,这就是我们的使命。,This is our mission.,
3816,返回,fǎnhuí,to return,我们现在返回车站吧。,Let's return to the station now.,
3817,杯子,bēizi,cup,把杯子给我。,Give me the cup.,
3818,害羞,hàixiū,shy,她很害羞，不想说话。,She is shy and does not want to talk.,
3819,帝国,dìguó,empire,这个帝国很大。,This empire is very large.,
3820,寻,xún,to seek,我在寻一个人。,I am seeking someone.,
3821,场合,chǎnghé,occasion; setting,这个场合不太好说。,This is not a very good occasion to say it.,
3822,酒精,jiǔjīng,alcohol,这个东西有酒精吗？,Does this thing contain alcohol?,
3823,星期五,xīngqīwǔ,Friday,星期五我们一起去吧。,Let’s go together on Friday.,
3824,游泳池,yóuyǒngchí,swimming pool,我们在游泳池见吧。,Let’s meet at the swimming pool.,
3825,幽灵,yōulíng,ghost,这里有幽灵吗？,Are there ghosts here?,
3826,模型,móxíng,model,这个模型很像真的。,This model looks very real.,
3827,诡异,guǐyì,strange; eerie,这很诡异。,This is very strange.,
3828,直说,zhíshuō,to speak frankly,你有事就直说吧。,"If you have something to say, just say it directly.",
3829,准时,zhǔnshí,on time,请准时到车站。,Please arrive at the station on time.,
3830,画面,huàmiàn,image; scene,这个画面像真的。,This image looks real.,
3831,部长,bùzhǎng,minister; department head,部长来了，我们开始吧。,The department head has arrived; let’s begin.,
3832,牛肉,niúròu,beef,我不吃牛肉。,I don’t eat beef.,
3833,下降,xiàjiàng,to decline; to drop,人口在下降。,The population is declining.,
3834,可疑,kěyí,suspicious,这个人很可疑。,This person is very suspicious.,
3835,恶梦,èmèng,nightmare,我做了一个恶梦。,I had a nightmare.,
3836,复制,fùzhì,copy; duplicate,你可以复制这个，然后给我们。,You can copy this and then give it to us.,
3837,然,rán,yes; indeed,他问：“这样对吗？”我说：“然。”,"He asked, “Is it right like this?” I said, “Yes.”","As a standalone affirmative, 然 is literary; modern speech usually uses 是的 or 对."
3838,疼痛,téngtòng,pain,这个会让你疼痛。,This will cause you pain.,
3839,粉,fěn,powder; fan,把这个粉给我。,Give me this powder.,"When used for a person or group, 粉 is short for 粉丝, meaning “fan” — e.g. 我是他的粉 “I’m his fan.”"
3840,摄影,shèyǐng,photography,他很喜欢摄影。,He really likes photography.,
3841,闪电,shǎndiàn,lightning,天上有闪电。,There is lightning in the sky.,
3842,积极,jījí,proactive; positive,他对工作很积极。,He is very proactive at work.,
3843,灭,miè,extinguish; wipe out,把火灭了。,Put out the fire.,
3844,假释,jiǎshì,parole,他被假释了。,He was paroled.,
3845,巴斯,bāsī,Buzz,巴斯在车站等我们。,Buzz is waiting for us at the station.,
3846,评估,pínggū,assess; evaluate,这个问题需要评估。,This problem needs to be assessed.,
3847,解除,jiěchú,lift; remove,我可以解除这个授权吗？,Can I revoke this authorization?,
3848,免,miǎn,exempt; waive,这个钱可以免吗？,Can this charge be waived?,
3849,车库,chēkù,garage,车在车库里。,The car is in the garage.,
3850,通讯,tōngxùn,communication; to communicate,我们用手机通讯。,We communicate by phone.,
3851,早安,zǎoān,good morning,早安，老师。,"Good morning, teacher.",
3852,身后,shēnhòu,behind; after one’s death,你身后有人。,There is someone behind you.,"In 身后事, it refers to matters after someone has died."
3853,降,jiàng,to fall; to lower,今年的收入降了。,This year's income fell.,
3854,华生,huáshēng,Watson,华生，你看。,"Watson, look.",
3855,早点,zǎodiǎn,breakfast; a little earlier,我还没吃早点呢。,I still haven't eaten breakfast.,"As a noun, it means breakfast: 吃早点 “eat breakfast.” Before a verb, it means “a little earlier”: 早点来 “come earlier.”"
3856,盘子,pánzi,plate,把牛肉放在盘子里。,Put the beef on the plate.,
3857,着呢,zhene,currently doing; in the middle of doing,你别说，他听着呢。,Don't talk; he's listening.,"着呢 follows a verb to stress that an action is ongoing, often in response to someone: 他看着呢 “he's watching.”"
3858,如同,rútóng,like; as if,这如同一个恶梦。,This is like a nightmare.,
3859,给予,jǐyǔ,to give; to grant,他们给予我帮助。,They gave me help.,"给予 is more formal than 给 and often takes an abstract object, such as 帮助 “help.”"
3860,建造,jiànzào,to build; to construct,他们在这里建造房子。,They are building houses here.,
3861,典型,diǎnxíng,typical; model/example,这是一个典型的问题。,This is a typical problem.,"Before a noun, 典型 means “typical,” as in 典型的问题 “a typical problem.” Used as a noun, it can mean a model or representative example."
3862,呵呵,hēhē,heh heh,呵呵，我知道了。,"Heh heh, I understand.",
3863,破产,pòchǎn,to go bankrupt; bankruptcy,他的公司破产了。,His company went bankrupt.,
3864,获,huò,to obtain; to win,他获第一名。,He won first place.,"获 is formal and is common in concise news-style language, as in 获第一名 “win first place.”"
3865,查看,chákàn,to check; look over,请查看这个。,Please check this.,
3866,伪造,wěizào,to forge; counterfeit,他伪造了这个文件。,He forged this document.,
3867,出场,chūchǎng,to appear; make an entrance,凯蒂什么时候出场？,When does Katie appear?,
3868,名义,míngyì,in the name of; pretext,他以工作的名义来这里。,He came here in the name of work.,
3869,崔,cuī,Cui (a Chinese surname),崔先生已经来了。,Mr. Cui has already arrived.,
3870,半夜,bànyè,midnight; the middle of the night,他半夜回来了。,He came back in the middle of the night.,
3871,赌场,dǔchǎng,casino,他在赌场里。,He is in the casino.,
3872,富,fù,rich; wealthy,他很富，我们都知道。,He is very rich; we all know that.,
3873,力气,lìqì,strength; physical energy,我没有力气了。,I have no strength left.,
3874,立,lì,to stand,他立在我身后，没有说话。,He stood behind me without speaking.,"立 is a more formal or literary way to say “stand”; in everyday speech, 站 is more common."
3875,掩盖,yǎngài,to cover up; conceal,他想掩盖这个问题。,He wants to cover up this problem.,
3876,官司,guānsī,lawsuit; legal case,他在打官司。,He is involved in a lawsuit.,打官司 means “to be involved in a lawsuit” or “go to court.”
3877,东京,dōngjīng,Tokyo,他要去东京工作。,He is going to Tokyo to work.,
3878,过夜,guòyè,to stay overnight,我们能在这里过夜吗？,Can we stay here overnight?,
3879,发作,fāzuò,to flare up; have an attack,他的病又发作了，所以不能工作。,"His illness flared up again, so he cannot work.",
3880,以上,yǐshàng,above; more than,以上的问题，我们都已经看过了。,We have already looked at all the above questions.,"After a number, 以上 means “or more” — e.g. 两个以上 “two or more.”"
3881,挑选,tiāoxuǎn,to select,你可以从这些模型里挑选一个。,You can select one from these models.,
3882,团结,tuánjié,united; to unite,只要我们团结，就能做成这件事。,"As long as we unite, we can get this done.",
3883,除掉,chúdiào,to get rid of,请把这些错误都除掉。,Please get rid of all these mistakes.,
3884,救援,jiùyuán,rescue; rescue effort,闪电以后，救援队很快就来了。,"After the lightning, the rescue team came quickly.",
3885,速,sù,quickly; rapid,请速来，这里需要救援！,Please come quickly; rescue is needed here!,Formal or written usage: 速 before a verb means “quickly.”
3886,趴,pā,to lie face down; to crouch,那只怪兽趴在地上，一动也不动。,That monster was lying on the ground without moving at all.,
3887,民,mín,the people; citizens,民是这个国家的主人。,The people are the masters of this country.,"A formal or literary word for the people or citizens, usually used in formal contexts."
3888,翘,qiào,to stick up; to raise,他把腿翘在桌子上。,He has his legs propped up on the table.,
3889,开头,kāitóu,beginning; opening,这部电影的开头很可疑。,The beginning of this movie is very suspicious.,
3890,一模一样,yīmúyīyàng,exactly the same,这两个模型一模一样，我看不出哪个是真的。,These two models are exactly the same; I can't tell which one is real.,
3891,入口,rùkǒu,entrance,游泳池的入口在车库后面。,The entrance to the swimming pool is behind the garage.,
3892,险,xiǎn,dangerous; risky,这条路太险，你别一个人走。,This road is too dangerous; don't walk alone.,
3893,接手,jiēshǒu,to take over,他走了以后，我来接手他的工作。,"After he leaves, I will take over his work.",
3894,收看,shōukàn,to watch (a TV program),星期五晚上，请收看这部电影。,Please watch this movie on Friday night.,收看 is used for watching TV programs or broadcasts; 看 is the general word for “watch” or “look at.”
3895,诱惑,yòuhuò,temptation,这个赌场对他很有诱惑。,This casino is very tempting to him.,
3896,窗,chuāng,window,这个窗很大。,This window is big.,
3897,十二,shíèr,twelve,十二点了，我们走吧。,It is twelve o'clock; let's go.,
3898,遭到,zāodào,to suffer; be subjected to,他遭到了攻击。,He was attacked.,
3899,火箭,huǒjiàn,rocket,火箭飞得很快。,The rocket flies very fast.,
3900,胡扯,húchě,to talk nonsense,别胡扯，这不是真的。,Don't talk nonsense; this isn't true.,
3901,眼里,yǎnlǐ,in someone's eyes,在我眼里，他很好。,"In my eyes, he is very good.",
3902,安迪,āndí,Andy,安迪，你可以帮我吗？,"Andy, can you help me?",
3903,伴,bàn,companion; accompany,我想找个伴一起去。,I want to find someone to go with.,
3904,瓦,wǎ,tile; watt,这是一片瓦。,This is a roof tile.,
3905,袜子,wàzi,sock,你的袜子在这里。,Your socks are here.,
3906,容,róng,to contain; allow,这间房容不下这么多人。,This room cannot hold so many people.,"Before a person plus a verb, it means “allow” — e.g. 请容我想想, “please let me think.”"
3907,暂停,zàntíng,to pause; suspend,请暂停一下。,Please pause for a moment.,
3908,华,huá,China; Chinese,他在华工作。,He works in China.,"A formal abbreviation for China, especially after 在, as in 在华 “in China.”"
3909,做法,zuòfǎ,way of doing something; method,我不喜欢他的做法，但是我能明白。,"I do not like his way of doing things, but I can understand it.",
3910,负担,fùdān,burden,这个工作是他的负担。,This job is his burden.,
3911,惹麻烦,rěmáfán,cause trouble,别惹麻烦。,Don't cause trouble.,
3912,从不,cóngbù,never,他从不准时来。,He never comes on time.,
3913,沙滩,shātān,beach,我们在沙滩上过夜。,We are staying overnight on the beach.,
3914,社交,shèjiāo,socialize; social interaction,我不喜欢社交。,I don't like socializing.,
3915,烦恼,fánnǎo,worry; trouble,这真是我的烦恼。,This really is my worry.,
3916,着火,zháohuǒ,catch fire,车库着火了，快出去！,The garage is on fire—get out quickly!,
3917,轮胎,lúntāi,tire,这个轮胎很大。,This tire is big.,
3918,移民,yímín,immigrate; immigrant,他们想移民到东京。,They want to immigrate to Tokyo.,
3919,团体,tuántǐ,group; organization,这是一个很团结的团体。,This is a very united group.,
3920,上来,shànglái,come up,你上来看看这个。,Come up and take a look at this.,
3921,有用,yǒuyòng,useful,这个对我们很有用。,This is useful to us.,
3922,得了,déle,enough; all right,得了，别再说了。,"Enough, don't say any more.","Also read déliǎo, meaning “be able to; manage” — e.g. 这事你做得了 “You can manage this matter.”"
3923,抹,mǒ,wipe; smear,她把粉抹在脸上。,She smeared powder on her face.,"Also read mò, meaning “to erase or cross out” — e.g. 把名字抹掉 “erase the name.”"
3924,抢走,qiǎngzǒu,snatch away,他把我的钱抢走了。,He snatched my money away.,
3925,村,cūn,village,我们从这个村来。,We are from this village.,
3926,查尔斯,cháěrsī,Charles,查尔斯已经来了。,Charles has already arrived.,
3927,举办,jǔbàn,to hold (an event),我们举办了一个摄影展。,We held a photography exhibition.,
3928,眼泪,yǎnlèi,tear; tears,她看着我，眼泪下来了。,"She looked at me, and tears came down.",
3929,营,yíng,camp; battalion,他们在营里过夜。,They are spending the night at the camp.,
3930,思,sī,to think; consider,我思，所以我在。,"I think, therefore I am.","As a standalone verb, 思 is formal or literary; in everyday speech, 思考 is more common."
3931,待命,dàimìng,to stand by; be on standby,他们在车库待命。,They are standing by in the garage.,
3932,关联,guānlián,connection; relation,这个问题跟他有关联。,This problem is connected to him.,
3933,倾向,qīngxiàng,tendency; to tend to,他有这样做的倾向。,He tends to do this.,
3934,日期,rìqī,date,这个日期对吗？,Is this date correct?,
3935,赞成,zànchéng,to approve; be in favor of,我赞成这个做法。,I approve of this approach.,
3936,战场,zhànchǎng,battlefield,他在战场上。,He is on the battlefield.,
3937,热爱,rèài,to deeply love,我热爱摄影。,I deeply love photography.,"热爱 is stronger than 爱 and is often used for activities, work, or ideals."
3938,摩托车,mótuōchē,motorcycle,那是他的摩托车。,That is his motorcycle.,
3939,鹿,lù,deer,我们看到了鹿。,We saw deer.,
3940,保住,bǎozhù,keep; preserve,他想保住钱，但是钱被人抢走了。,"He wanted to keep the money, but it was snatched away.",
3941,击败,jībài,defeat,他在战场上击败了他们。,He defeated them on the battlefield.,
3942,转身,zhuǎnshēn,turn around,他转身走了。,He turned around and left.,
3943,统治,tǒngzhì,rule; govern,他统治了他们很多年。,He ruled them for many years.,
3944,遭遇,zāoyù,encounter; suffer,我们遭遇了很多问题。,We encountered many problems.,"With problems or other bad events as its object, it often means “suffer” them — e.g. 遭遇问题 “encounter problems.”"
3945,无线电,wúxiàndiàn,radio,他用无线电告诉我们，他们已经到了。,He told us by radio that they had already arrived.,
3946,取决于,qǔjuéyú,depend on,我们能不能去，取决于他有没有时间。,Whether we can go depends on whether he has time.,
3947,游行,yóuxíng,march; parade,很多人在东京游行。,Many people are marching in Tokyo.,
3948,胡说八道,húshuōbādào,talk nonsense,你别胡说八道，这不对。,Don't talk nonsense; that isn't right.,
3949,形式,xíngshì,form,这个形式很好。,This form is very good.,
3950,嘴唇,zuǐchún,lips,她的嘴唇很小。,Her lips are small.,
3951,妻,qī,wife,他的妻在东京工作。,His wife works in Tokyo.,妻 is formal and more common in writing; 妻子 is more common in everyday speech.
3952,谷,gǔ,valley,那个谷很险。,That valley is very dangerous.,"In the fixed phrase 五谷, 谷 means “grain.”"
3953,矛盾,máodùn,contradiction; conflict,他们有矛盾，但是还在一起。,"They have a conflict, but they are still together.","It can be a noun for a conflict, or a predicate meaning “contradictory” — e.g. 这两个做法很矛盾 “these two approaches contradict each other.”"
3954,弃,qì,abandon,他没有弃我们而去。,He did not abandon us and leave.,弃 is formal or literary; 放弃 is more common in everyday speech.
3955,现象,xiànxiàng,phenomenon,这个现象，我们都看到了。,We all saw this phenomenon.,
3956,结合,jiéhé,to combine,把这两个做法结合起来。,Combine these two approaches.,
3957,怪人,guàirén,weirdo,他是个怪人，但是人很好。,"He is a weirdo, but he is a good person.",
3958,相似,xiāngsì,similar,这两个东西很相似。,These two things are very similar.,
3959,后备,hòubèi,backup; reserve,我们还有后备。,We still have backups.,
3960,玩偶,wánǒu,doll; toy figure,孩子很喜欢这个玩偶。,The child really likes this doll.,
3961,领域,lǐngyù,field; domain,这个领域很大。,This field is very large.,
3962,边缘,biānyuán,edge; margin,他站在边缘，没再上来。,He stood at the edge and did not come back up.,
3963,头部,tóubù,head; upper part,它的头部很大。,Its head is very large.,
3964,清单,qīngdān,list; checklist,把这些东西写在清单上。,Write these things on the list.,
3965,振作,zhènzuò,to pull oneself together,别这样，振作起来。,Don't be like this—pull yourself together.,
3966,充分,chōngfèn,sufficient; fully,我们有充分的时间。,We have enough time.,
3967,复活,fùhuó,to come back to life,他死了以后又复活了。,"After he died, he came back to life.",
3968,双胞胎,shuāngbāotāi,twins,他们是双胞胎，一模一样。,They are twins and look exactly alike.,
3969,决,jué,to decide; absolutely,这个事，你来决吧。,You decide this matter.,"Before 不, 决 means “absolutely” — e.g. 决不去, “absolutely won't go.”"
3970,一阵子,yīzhènzi,for a while,我等了一阵子，他才上来。,I waited for a while before he came up.,
3971,哪些,nǎxiē,which ones,这些里，哪些是你的？,Which of these are yours?,
3972,修理,xiūlǐ,to repair,他在修理摩托车。,He is repairing a motorcycle.,
3973,肖恩,xiàoēn,Sean,肖恩来了。,Sean has arrived.,
3974,希特勒,xītèlēi,Hitler,希特勒死了。,Hitler died.,
3975,笑容,xiàoróng,smile,她脸上有笑容。,She has a smile on her face.,
3976,价,jià,price,这个价可以吗？,Is this price okay?,
3977,据说,jùshuō,it is said that,据说，他已经回来了。,It is said that he has already come back.,
3978,电池,diànchí,battery,这个电池没有用了。,This battery is no longer useful.,
3979,厅,tīng,hall; living room,我们在厅里等他。,We are waiting for him in the living room.,
3980,居民,jūmín,resident,这些居民都在这里。,These residents are all here.,
3981,平安,píngān,safe and sound,你平安回来就好。,It is good that you came back safe and sound.,
3982,搬走,bānzǒu,to move away,他们已经搬走了。,They have already moved away.,
3983,蜡烛,làzhú,candle,把蜡烛拿过来。,Bring the candle over here.,
3984,星期六,xīngqīliù,Saturday,星期六我们一起去。,We will go together on Saturday.,
3985,亲人,qīnrén,family member; loved one,虽然亲人都在这里，但是他还是很烦恼。,"Although his loved ones are all here, he is still very worried.",
3986,厄,è,misfortune; hardship,他一生多厄。,His life has been full of hardship.,"Literary; in everyday Chinese, it is usually seen in words such as 厄运 (“misfortune”)."
3987,家乡,jiāxiāng,hometown,他想回家乡看看。,He wants to go back to his hometown and have a look.,
3988,菲,fēi,Fei (a name),安迪叫她菲。,Andy calls her Fei.,
3989,可卡因,kěkǎyīn,cocaine,他因为可卡因惹了麻烦。,He got into trouble because of cocaine.,
3990,迅速,xùnsù,rapid; quickly,他迅速把蜡烛拿走了。,He quickly took the candle away.,
3991,精神病,jīngshénbìng,mental illness,精神病不是一个人的错。,Mental illness is not someone's fault.,
3992,棺材,guāncái,coffin,他们把棺材搬走了。,They moved the coffin away.,
3993,测,cè,measure; test,这个电池要测一下。,This battery needs to be tested.,
3994,领带,lǐngdài,necktie,他在找领带。,He is looking for his necktie.,
3995,牛排,niúpái,steak,这个牛排很好。,This steak is good.,
3996,情形,qíngxíng,situation; circumstances,这个情形，我已经知道了。,I already know about this situation.,
3997,差劲,chàjìn,awful; lousy,这个做法很差劲。,This approach is awful.,
3998,前途,qiántú,future prospects,你的前途取决于你怎么做。,Your future prospects depend on what you do.,
3999,边上,biānshàng,beside; at the edge of,安迪在沙滩边上。,Andy is by the beach.,
4000,立场,lìchǎng,stance; position,我不赞成他的立场。,I do not agree with his stance.,
4001,意志,yìzhì,willpower; determination,虽然他有很多烦恼，但是他的意志很强。,"Although he has many worries, his willpower is strong.",
4002,仁慈,réncí,kind; merciful,他对孩子很仁慈。,He is very kind to children.,
4003,手表,shǒubiǎo,wristwatch,我的手表没有电池了。,My watch's battery is dead.,
4004,隧道,suìdào,tunnel,摩托车从隧道里出来了。,The motorcycle came out of the tunnel.,
4005,现代,xiàndài,modern,这个东西的形式很现代。,This thing's form is very modern.,
4006,导弹,dǎodàn,missile,他们有导弹，但是我们没有。,"They have missiles, but we do not.",
4007,无比,wúbǐ,incomparably; extremely,我无比热爱自己的家乡。,I love my hometown immensely.,
4008,一向,yíxiàng,always; consistently,他一向热爱自己的家乡。,He has always loved his hometown.,
4009,成立,chénglì,to be established; to hold true,这个团体成立了。,This group has been established.,"For an organization, 成立 means “be established.” After a statement or claim, as in 这个说法不成立 (“this claim doesn’t hold up”), it means “hold true.”"
4010,甜蜜,tiánmì,sweet; blissful,她的笑容很甜蜜。,Her smile is very sweet.,
4011,野兽,yěshòu,wild beast,那只野兽把孩子带走了。,That wild beast took the child away.,
4012,弱,ruò,weak,这个团体很弱。,This group is weak.,
4013,移植,yízhí,to transplant; transplant surgery,他需要移植，但是没有钱。,"He needs a transplant, but he has no money.",
4014,本事,běnshì,skill; ability,他很有本事，能修理摩托车。,He is very skilled and can repair motorcycles.,本事 is a noun for a person's skill or ability; say 有本事 (“have ability”).
4015,突破,tūpò,break through; breakthrough,我们有了一个突破。,We made a breakthrough.,
4016,曼哈顿,mànhādùn,Manhattan,他在曼哈顿工作。,He works in Manhattan.,
4017,尾,wěi,tail; end,鹿转身时，我看见了它的尾。,"When the deer turned around, I saw its tail.",
4018,妨碍,fángài,hinder; get in the way of,别让这个问题妨碍你工作。,Don't let this problem hinder your work.,
4019,评审,píngshěn,review; evaluate,他们在评审这些东西。,They are reviewing these things.,
4020,摩,mó,rub; stroke,他用手摩了摩头部。,He rubbed his head.,
4021,爱人,àirén,spouse; lover,她是他的爱人。,She is his spouse.,
4022,液,yè,liquid; fluid,这个东西里有液。,There is liquid in this thing.,
4023,未婚妻,wèihūnqī,fiancée,他想见他的未婚妻。,He wants to see his fiancée.,
4024,双手,shuāngshǒu,both hands,他用双手拿着这个东西。,He is holding this thing with both hands.,
4025,挥,huī,wave,他挥了挥手。,He waved his hand.,
4026,一共,yīgòng,altogether; in total,这里一共有两个孩子。,There are two children here altogether.,
4027,巫师,wūshī,wizard; sorcerer,那个巫师会做很多事。,That wizard can do many things.,
4028,终,zhōng,end; eventually,他终会回来的。,He will eventually come back.,"Before 会, 终 means “eventually” — e.g. 他终会回来, “he will eventually return.” As a noun, it means “end,” as in 自始至终, “from beginning to end.”"
4029,碰巧,pèngqiǎo,by chance; happen to,我碰巧在这里看见他。,I happened to see him here.,
4030,指令,zhǐlìng,instruction; order,这是指令。,This is an instruction.,
4031,装饰,zhuāngshì,decoration; decorate,这个厅的装饰很好。,The decorations in this hall are very nice.,
4032,伦,lún,Lun (a name),伦来了。,Lun has arrived.,
4033,鲍尔,bàoěr,Bauer (a name),鲍尔来了。,Bauer has arrived.,
4034,麦克斯,màikèsī,Max (a name),麦克斯来了。,Max has arrived.,
4035,石油,shíyóu,oil; petroleum,这里有石油。,There is oil here.,
4036,舌,shé,tongue,他的舌很大。,His tongue is very big.,
4037,朗,lǎng,Lang (a name),朗在这里。,Lang is here.,
4038,保释,bǎoshì,bail; release on bail,他被保释了。,He was released on bail.,
4039,写信,xiěxìn,write a letter,我想写信给他。,I want to write him a letter.,
4040,诊断,zhěnduàn,diagnose; diagnosis,这个诊断不对。,This diagnosis is wrong.,
4041,撤退,chètuì,retreat; withdraw,他们开始撤退了。,They started to retreat.,
4042,姓名,xìngmíng,full name,请写下你的姓名。,Please write down your full name.,
4043,奶油,nǎiyóu,butter; cream,这个牛排有奶油。,This steak has butter.,
4044,沿着,yánzhe,along,沿着隧道走。,Walk along the tunnel.,
4045,老天爷,lǎotiānyé,Oh my God!,老天爷，怎么会这样啊？,"Oh my God, how could this happen?",
4046,悲惨,bēicǎn,miserable; tragic,他的情形很悲惨。,His situation is miserable.,
4047,资源,zīyuán,resources,这些资源不多。,These resources are not plentiful.,
4048,瓶子,píngzi,bottle,这个瓶子里没有东西。,There is nothing in this bottle.,
4049,叛徒,pàntú,traitor,他不是叛徒。,He is not a traitor.,
4050,成人,chéngrén,adult,孩子不是成人。,A child is not an adult.,
4051,模式,móshì,mode; pattern,这个模式不太好。,This pattern is not very good.,
4052,抗,kàng,resist; fight against,我们要抗下去。,We have to keep resisting.,
4053,鸡肉,jīròu,chicken,我想吃鸡肉。,I want to eat chicken.,
4054,教师,jiàoshī,teacher,她是一个教师。,She is a teacher.,
4055,中士,zhōngshì,sergeant,那个中士来了。,That sergeant has arrived.,
4056,君,jūn,ruler; respectful form of address,君很仁慈。,The ruler is very kind.,"In formal or literary address to someone, 君 can mean “you” or “sir” — e.g. 君好吗？ “How are you?”"
4057,忽略,hūlüè,ignore,别忽略这个问题。,Don't ignore this problem.,
4058,风暴,fēngbào,storm,风暴来了，我们快走吧。,A storm is coming; let's leave quickly.,
4059,基于,jīyú,based on,这个是基于什么的？,What is this based on?,
4060,西部,xībù,the West; western region,他在西部工作。,He works in the West.,
4061,预测,yùcè,to predict; prediction,据说风暴会来，但是这只是预测。,"They say a storm is coming, but this is only a prediction.","Before an object, 预测 means “predict”; after 这 or 一个, it is a noun — e.g. 这个预测 “this prediction.”"
4062,一阵,yīzhèn,a burst; a spell,一阵风来了。,A gust of wind came.,
4063,优雅,yōuyǎ,elegant; graceful,她走得很优雅。,She walks very gracefully.,
4064,外表,wàibiǎo,appearance; outward look,她的外表很好看。,She has a very attractive appearance.,
4065,埃及,āijí,Egypt,他想去埃及。,He wants to go to Egypt.,
4066,幕后,mùhòu,behind the scenes,他在幕后做这个工作。,He does this work behind the scenes.,
4067,沃尔特,wòěrtè,Walter,沃尔特在这里吗？,Is Walter here?,
4068,小事,xiǎoshì,a minor matter,这只是小事。,This is only a small matter.,
4069,苏,sū,Su (a Chinese surname),苏先生已经来了。,Mr. Su has already arrived.,"苏 can also mean “to revive” in formal use, especially in 苏醒 “to regain consciousness.”"
4070,独特,dútè,unique; distinctive,这个东西很独特。,This thing is very unique.,
4071,法医,fǎyī,forensic doctor,法医已经来了。,The forensic doctor has already arrived.,
4072,额外,éwài,extra; additional,我们需要额外的时间。,We need extra time.,
4073,沉,chén,heavy; to sink,这个东西太沉了，我拿不起来。,This thing is too heavy; I can't pick it up.,"When describing weight, 沉 means “heavy”; for something going down in water, it means “sink” — e.g. 船沉了 “the boat sank.”"
4074,同一个,tóngyīgè,the same one,我们在同一个厅里。,We are in the same hall.,
4075,干扰,gānrǎo,interfere with; disturb,别干扰我工作。,Don't interfere with my work.,
4076,减少,jiǎnshǎo,reduce; decrease,这样可以减少问题。,This can reduce the problems.,
4077,房租,fángzū,rent,这个月的房租太高了。,This month's rent is too high.,
4078,田,tián,field,这是一块田。,This is a field.,
4079,国会,guóhuì,Congress,国会里的人都来了。,Everyone in Congress has arrived.,
4080,作案,zuòàn,commit a crime,他是怎么作案的？,How did he commit the crime?,
4081,牵,qiān,lead by the hand; pull,她牵着孩子的手。,She is leading the child by the hand.,
4082,防守,fángshǒu,defend; defense,中士让我们防守。,The sergeant told us to defend.,
4083,欺负,qīfù,bully,别欺负小孩子。,Don't bully children.,
4084,挽救,wǎnjiù,save; rescue,我们还能挽救他吗？,Can we still save him?,
4085,数据库,shùjùkù,database,这些资料都在数据库里。,All this information is in the database.,
4086,体会,tǐhuì,understand; experience,我很能体会你的情形。,I can really understand your situation.,"As a noun, 体会 is an understanding or feeling gained from experience — e.g. 我的体会 “my own understanding.”"
4087,腰,yāo,waist; lower back,我的腰很痛。,My lower back hurts.,
4088,生产,shēngchǎn,produce; production,这个地方生产石油。,This place produces oil.,"As a noun, 生产 means “production” — e.g. 石油生产 “oil production.”"
4089,上台,shàngtái,go on stage; take office,他上台说了几句话。,He went on stage and said a few words.,"For a performance, 上台 means “go on stage”; in politics, it can mean “take office” — e.g. 新的人上台了 “the new people took office.”"
4090,泥,ní,mud,鞋上有泥。,There is mud on the shoe.,
4091,珍妮,zhēnnī,Jenny,珍妮在这里。,Jenny is here.,
4092,一万,yīwàn,ten thousand,一万个人都来了。,Ten thousand people came.,
4093,街道,jiēdào,street,街道上人很多。,There are many people on the street.,
4094,播放,bōfàng,to play,请播放这个。,Please play this.,
4095,大海,dàhǎi,ocean,我们从这里能看到大海。,We can see the ocean from here.,
4096,医师,yīshī,doctor,他是医师。,He is a doctor.,
4097,脱离,tuōlí,,,,
