Frequency,Word,Traditional,Pronunciation,Meaning,Sentence,Sentance pronunciation,Sentence meaning,Notes,Breakdown
1,一,一,yī,one,,,,,
2,在,在,zài,"in, at, on, etc.",,,,,
3,有,有,yǒu,"there is, have, possess",,,,,
4,个,個,gè,"(counter for general items) piece, item",,,,,
5,我,我,wǒ,"I, me",,,,,
6,不,不,bù,"no, not",,,,,
7,这,這,zhè,"this, that, it",,,,,
8,他,他,tā,"he, them (gender unknown), it, they (referring to inanimate things in object position)",,,,,
9,也,也,yě,"also, too, as well, either, even",,,,,
10,就,就,jiù,"then, at once, right away, an indicator strengthening speaker's evaluation",,,,,
11,人,人,rén,"person, people, human",,,,,
12,都,都,dōu,"all, even, already",,,,,
13,说,說,shuō,"speak, talk, say, explain",,,,,
14,而,而,ér,conj.: and yet,,,,,
15,们,們,men,plural marker for personal pronouns or for nouns referring to people,,,,,
16,你,你,nǐ,you,,,,,
17,了,了,le,particle: indicating new situation or completed action,,,,,
18,要,要,yào,"want, need, must, should",,,,,
19,会,會,huì,"to be able, can, will, to meet",,,,,
20,对,對,duì,"correct, true, toward",,,,,
21,及,及,jí,"to reach, to catch up, and",,,,,
22,和,和,hé,"and, with, gentle, peaceful",,,,,
23,与,與,yǔ,"and, together with, to give",,,,,
24,以,以,yǐ,"using, taking, from a point on, because of",,,,,
25,很,很,hěn,"very, quite",,,,,
26,种,種,zhǒng,"type, kind, to plant",,,,,
27,的,的,de,"particle: indicate possession (""他的"", ""his"")",,,,,
28,大,大,dà,"big, great",,,,,
29,能,能,néng,"can, or to be capable of",,,,,
30,着,著,zhe,"aspect particle indicating action in progress / ongoing state, to use, to apply, to touch, to feel, to be affected by, to catch fire, to fall asleep",,,,,
31,她,她,tā,"she, her",,,,,
32,那,那,nà,"that, there",,,,,
33,上,上,shàng,"up, on, above",,,,,
34,但,但,dàn,"but, yet, still, nevertheless, only, merely",,,,,
35,年,年,nián,year,,,,,
36,还,還,hái,"still, yet, also, too, as well, besides",,,,,
37,可以,可以,kěyǐ,"can, may",,,,,
38,最,最,zuì,"most, to the highest degree, much, superlatively",,,,,
39,自己,自己,zìjǐ,"self, oneself",,,,,
40,为,為,wéi,for,,,,,
41,来,來,lái,"come, arrive",,,,,
42,所,所,suǒ,that which,,,,,
43,他们,他們,tāmen,they,,,,,
44,两,兩,liǎng,"det.: two, both (sides), either (side), a few, some",,,,,
45,各,各,gè,"each, every, respectively",,,,,
46,可,可,kě,"can, may",,,,,
47,为,為,wéi,"be, become",,,,,
48,或,或,huò,"conj.: or, either or",,,,,
49,好,好,hǎo,"okay (in agreement), good",,,,,
50,等,等,děng,"to wait, etc / and so on",,,,,
51,又,又,yòu,"again, moreover",,,,,
52,将,將,jiāng,"be about to, general (of an army)",,,,,
53,因为,因為,yīnwèi,"conj.: because, for",,,,,
54,于,於,yú,"in, at, to, from, out of, by",,,,,
55,由,由,yóu,"from, via, by, through, owing/due to",,,,,
56,从,從,cóng,"from, since, through",,,,,
57,更,更,gèng,"more, still/even more, further, furthermore",,,,,
58,被,被,bèi,by,,,,,
59,才,才,cái,"then and only then, just now, only (before a number)",,,,,
60,已,已,yǐ,already,,,,,
61,者,者,zhě,"nominal suffix, one who, -er",,,,,
62,每,每,měi,every,,,,,
63,次,次,cì,"order, sequence, next",,,,,
64,把,把,bǎ,"indicating pre-verbal object as thing dealt with by the action, handle",,,,,
65,三,三,sān,three,,,,,
66,什么,什麼,shénme,"what, anything",,,,,
67,问题,問題,wèntí,"problem, mishap, query, job, interface, question, inquiry, matter, enquiry, trouble, issue, worry, subject, topic, hang-up, business, quaere",,,,,
68,其,其,qí,"det.: its, his, her, their, it, this, that",,,,,
69,让,讓,ràng,"allow, induce sb. to do sth.",,,,,
70,此,此,cǐ,"this, det.: this, here",,,,,
71,做,做,zuò,"make, do",,,,,
72,再,再,zài,"again, once more, further(more), in a higher degree, and then, not (do sth.) before",,,,,
73,所以,所以,suǒyǐ,"conj.: so, therefore, as a result",,,,,
74,只,只,zhǐ,"only, merely",,,,,
75,则,則,zé,"then, in that case",,,,,
76,台湾,台灣,Táiwān,Taiwan,,,,,
77,却,卻,què,"however, but, yet, indeed",,,,,
78,并,並,bìng,"to be side by side, simultaneously, and",,,,,
79,位,位,wèi,"location, digit, m.[general], , status, figure, throne, position, place, condition",,,,,
80,想,想,xiǎng,"think, suppose, reckon, consider, want to, would like to, feel like (doing sth.)",,,,,
81,去,去,qù,"to go, to leave, in order to",,,,,
82,呢,呢,ne,"(sentence-final particle) used in questions to link back to prior discourse or context (""what about...?"", ""and...?"") / (sentence-final particle) indicating that a state or situation still holds / (discourse particle) used to mark a slight pause or emphasis in speech",,,,,
83,学生,學生,xuéshēng,"student, pupil, disciple, follower, tutee",,,,,
84,表示,表示,biǎoshì,(of sb) to express; to state; to show / (of sth) to indicate; to signify; to show / expression; manifestation,,,,,
85,到,到,dào,"arrive at, up until",,,,,
86,公司,公司,gōngsī,"business, enterprise, company, corporation",,,,,
87,将,將,jiāng,"will / shall / to use / to take / to checkmate / just a short while ago / (introduces object of main verb, used in the same way as 把)",,,,,
88,如果,如果,rúguǒ,if,,,,,
89,社会,社會,shèhuì,"society, public, community, social",,,,,
90,看,看,kàn,"see, look at, watch, read, look upon, regard, look after, call on, visit",,,,,
91,小,小,xiǎo,"small, little, petty, minor, young",,,,,
92,天,天,tiān,"sky, heaven",,,,,
93,因此,因此,yīncǐ,"conj.: therefore, consequently",,,,,
94,新,新,xīn,"new, fresh, up-to-date",,,,,
95,但是,但是,dànshì,"conj.: but, however, yet, still",,,,,
96,它,它,tā,it,,,,,
97,中,中,zhōng,"center, middle, interior",,,,,
98,使,使,shǐ,"rarefy, piss_off, germinate, drench, blow_out, leave, cut_up, refract, run, dress_up, compose, shed, frizz, put_off, trot, send, strike, send (as envoy), peal, alienate, pull_in, tone_up, bring around, astound, sublease, wither, cripple, bed_down, address, rehearse, usage, warm, smell_out, throw, inflect, get_down, skunk, capsize, congeal, bowl_over, bring_on, unseat, ensure, amalgamate, pro",,,,,
99,工作,工作,gōngzuò,"work, job",,,,,
100,全,全,quán,"det.: all, Surname, whole, Quan",,,,,
101,觉得,覺得,juéde,"imagine, guess, believe, reckon, suspect, suppose, think, listen, feel, consider, think_of, appear, conceive",,,,,
102,使用,使用,shǐyòng,"use, employ, apply",,,,,
103,这些,這些,zhèxiē,det.: these,,,,,
104,里,裡,lǐ,inside,,,,,
105,并,並,bìng,"actually, truly",,,,,
106,由于,由於,yóuyú,conj.: owing/due/thanks to,,,,,
107,时候,時候,shíhòu,"day, moment, (a point in) time, (duration of) time, time",,,,,
108,知道,知道,zhīdào,"tell, have, ken, understand, infer, wis, learn, cognize, gather, know, be aware of, wise up, savvy, mind, realize",,,,,
109,这样,這樣,zhèyàng,"so, such, like this, this way",,,,,
110,一,一,yī,as soon as,,,,,
111,认为,認為,rènwéi,"find, treat, deem, suppose, look_on, repute, discount, esteem, accredit, feel, account, calculate, estimate, take to be, reckon, expect, think, hold, trust, recognise, opine, sound off, adjudge, consideration, consider, regard as, look upon, believe_in, disbelieve, allow, conceive, regard, call, imagine, view, forecast, believe, suspect, rate, animadvert, look on, listen, speak up, figure, c",,,,,
112,时间,時間,shíjiān,"moment, day, clock time, fourth_dimension, relativity, hour, duration, time, when, while, temporal, economy",,,,,
113,事,事,shì,"responsibility, trouble, event, thing, worry, accident, case, involvement, work, affair, job, concern, business, toast, matter",,,,,
114,过,過,guò,[aspect],,,,,
115,向,向,xiàng,"to, towards",,,,,
116,可能,可能,kěnéng,"probably, maybe",,,,,
117,中国,中國,Zhōngguó,"China, Cathay",,,,,
118,美国,美國,Měiguó,"House_of_Representatives, the United States of America, US, U.S.A., bench, Columbia, Yankeeland, U.S., United States, Democrat, Yankeedom, USA, America, United States of America",,,,,
119,到,到,dào,"arrive, reach, go to",,,,,
120,和,和,hé,together) with,,,,,
121,几,幾,jǐ,"det.: how many, a few, several, some",,,,,
122,系统,系統,xìtǒng,"lineage, filiation, scheme, pedigree, system, formation, superstructure, programme, organization, succession, tract, system of rules, organisation, program",,,,,
123,政府,政府,zhèngfǔ,"sirkar, state, country, nation, governmental, body politic, government, administration, civil order, polity, commonwealth, regime, res publica, land",,,,,
124,大家,大家,dàjiā,"sundry, great master, rich and influential family, pontiff, all of us, everyone, authority, master, distinguished family",,,,,
125,国家,國家,guójiā,"sirkar, state, country, patria, a people, nationality, nation, republic, soli, body politic, clime, national, civil order, polity, commonwealth, land, res publica",,,,,
126,许多,許多,xǔduō,"lot, scores, lots, sight, pot, heap, quantity, plenty, slews, ton, battalion, many, scads, tidy sum, power, spate, chunk, pile, crowd, vastness, batch, lashings, whole lot, mint, mound, pocketful, large number, trunkful, ream, mickle, great deal, flock, mass, slew, heaps, a lot of, piles, whole slew, mess, raff, slue, gobs, much, lotta, multitude, volume, wad, store, raft, tons, satiety, rafts, doze",,,,,
127,生活,生活,shēnghuó,"life, existence, livelihood",,,,,
128,跟,跟,gēn,"with, to, from",,,,,
129,已经,已經,yǐjīng,already,,,,,
130,大学,大學,dàxué,"university, college",,,,,
131,研究,研究,yánjiù,"study, research",,,,,
132,因,因,yīn,"conj.: because, as",,,,,
133,本,本,běn,det.: this,,,,,
134,二,二,èr,"det.: two, second",,,,,
135,活动,活動,huódòng,"activity, maneuver, behavior",,,,,
136,该,該,gāi,"det.: this, that",,,,,
137,世界,世界,shìjiè,"mundane, creation, world, monde, orb, nature, domain",,,,,
138,应,應,yīng,"should, ought to",,,,,
139,四,四,sì,det.: four,,,,,
140,希望,希望,xīwàng,"hope, wish",,,,,
141,方式,方式,fāngshì,"path, plan, pattern, tenor, system, method, manner, style, way, guise, fashion, wise, means, shape, how, embodiment, agency, gate, mode, sort",,,,,
142,内,內,nèi,inside,,,,,
143,项,項,xiàng,m.[general],,,,,
144,啊,啊,ā,particle: used in direct address and exclamation; indicating obviousness/impatience/suggestion; used for confirmation,,,,,
145,下,下,xià,under (condition/fact etc.),,,,,
146,环境,環境,huánjìng,"circumambiency, environmental, circumstances, environment, entourage, surround, atmosphere, setting, surroundings, ambiance, condition, context, circumstance, surrounding, frame, milieu, ambient, consideration, environs, medium, ambience",,,,,
147,一些,一些,yīxiē,"det.: some, a few, a little",,,,,
148,必须,必須,bìxū,must,,,,,
149,文化,文化,wénhuà,"civilization, literacy, acculturation, Kultur, vandalism, cultural, education, schooling, culture",,,,,
150,高,高,gāo,"tall, high",,,,,
151,孩子,孩子,háizi,"kid, issue, chap, daughter, children, sonny, son or daughter, child, spawn, boy, kipper, son",,,,,
152,没有,沒有,méiyǒu,"not have, there is not, be without",,,,,
153,不能,不能,bùnéng,"must/may/can not, not be allowed",,,,,
154,如,如,rú,"according to, in accordance with, such as, as if, like, for example",,,,,
155,开始,開始,kāishǐ,"begin, start",,,,,
156,元,元,yuán,m.[standard],,,,,
157,不同,不同,bùtóng,different,,,,,
158,仍,仍,réng,"yet, anyway, still",,,,,
159,网路,網路,wǎnglù,"WWW, net, network, Internet, meshwork, web, world wide web, mesh, reticulation",,,,,
160,日本,日本,rìběn,"Nippon, Cipango, Nihon, Japan, japan, Japanese",,,,,
161,用,用,yòng,with,,,,,
162,中心,中心,zhōngxīn,"center, heart, hub",,,,,
163,来,來,lái,"come, arrive",,,,,
164,对,對,duì,right; correct,,,,,
165,虽然,雖然,suīrán,"conj.: though, although",,,,,
166,重要,重要,zhòngyào,"important, significant, major",,,,,
167,地方,地方,dìfāng,"country, soil, terrain, part, clime, way, territory, room, neighbourhood, tinderbox, locality (as distinct from the central administrat, child, tract, province, position, respect, where, region, space, place, local",,,,,
168,进行,進行,jìnxíng,"be in progress, go on, carry on/out",,,,,
169,关系,關係,guānxì,"relation, bearing, impact, membership credentials, ""backdoor connections""",,,,,
170,市场,市場,shìchǎng,"bourse, bazar, marketplace, grocery store, agora, bazaar, securities industry, grocery, piazza, plaza, rialto, mart, pitch, market",,,,,
171,太,太,tài,"excessively, too, extremely, very",,,,,
172,老师,老師,lǎoshī,"rabbi, professor, swami, instructor, teacher, mast",,,,,
173,提供,提供,tígōng,"feed, offer, put_up, afford, proffer, set_up, capitalize, bring_forward, sponsor, extend, ply, provision, sustain, equip, supply, cough_up, bear, render, furnish, cater, billet, provide",,,,,
174,学校,學校,xuéxiào,"seminary, schoolhouse, educational institution, school, institution",,,,,
175,应该,應該,yīnggāi,"should, ought to",,,,,
176,指出,指出,zhǐchū,"point, point_out, catch_out, bespeak, indicate, denote, point out (that), note, show, designate, point out",,,,,
177,经济,經濟,jīngjì,"economy, financial condition, income",,,,,
178,其他,其他,qítā,"det.: others, the rest, other, else",,,,,
179,家,家,jiā,"family, household, home, house",,,,,
180,发展,發展,fāzhǎn,"develop, expand, grow",,,,,
181,教育,教育,jiàoyū,education,,,,,
182,成为,成為,chéngwéi,"find, join, comprise, turn to, commemorate, sample, entomb, come_up, commence, get hold, learn, add up, necessitate, run, make up, constitute, make, form, come, amount, represent, fall, presage, change, be, turn, turn into, become, line up, come up, shape, portend, foretell, get",,,,,
183,多,多,duō,"many, much, more, more than the correct/required number, excessive, too much, much/far more",,,,,
184,非常,非常,fēicháng,"extraordinary, unusual, special, very, extremely, highly",,,,,
185,便,便,biàn,"as early as, soon afterwards, little as, as early, and then, and so, so, as early/little as, as little as, then, in that case",,,,,
186,方面,方面,fāngmiàn,"side, aspect, sector, part, light, facet, behalf, way, respect, direction, bearing, field, phase, sphere, angle, hand",,,,,
187,很多,很多,hěnduō,det.:,,,,,
188,吃,吃,chī,"feed, have, be subject to, absorb, chow, live on, eat, have one's meals, be a strain, exhaust, fare, take in, live off, annihilate, wipe out, partake, suffer, ingest, consume, graze, lunch, manducate, incur, take, get, use up, make, taste, soak up",,,,,
189,然后,然後,ránhòu,"therewith, and so, and_then, and then, thereupon, after that, so, then, with that",,,,,
190,未,未,wèi,"or not (at end of sentence), have not yet, or not, not",,,,,
191,发现,發現,fāxiàn,"find, discover",,,,,
192,电脑,電腦,diànnǎo,"electronic computer, computery, data processor, information processing system, computer",,,,,
193,一样,一樣,yīyàng,"same, equal, similar",,,,,
194,而且,而且,érqiě,"conj.: furthermore, and",,,,,
195,心,心,xīn,"heart, mind, feeling, center, core",,,,,
196,不过,不過,búguò,"conj.: but, however, only",,,,,
197,无法,無法,wúfǎ,"nohow, unable to, unable, cannot",,,,,
198,企业,企業,qǐyè,"proposition, business enterprise, business organization, business concern, concern, commercial enterprise, endeavour, endeavor, industry, business, project, corporation, enterprise",,,,,
199,正,正,zhèng,"precisely, punctually",,,,,
200,服务,服務,fúwù,"be in the service of, serve",,,,,
201,较,較,jiào,"rather, quite, relatively, more",,,,,
202,不会,不會,búhuì,won't,,,,,
203,台湾,臺灣,táiwān,Taiwan,,,,,
204,曾,曾,céng,"once, ever, before",,,,,
205,吗,嗎,mā,particle: calling for agreement or disagreement,,,,,
206,空间,空間,kōngjiān,"elbow room, allowance, margin, roomage, open air/sky/space, road, leeway, way, open air, sheets, room, tolerance, opening, clear, sky, spacial, interspace, vacuity, spatial, dimension, open sky/space, space, place, vacuum",,,,,
207,看到,看到,kàndào,"view, receive, ken, observe, lamp, catch, see, take in, watch, chatter away, lay_eyes_on, boast, brag, shoot the breeze, spy, catch sight of, catch sight of",,,,,
208,五,五,wǔ,det.: five,,,,,
209,如何,如何,rúhé,how,,,,,
210,国内,國內,guónèi,"interior (of country), interior, home, intestine, internal, domestic",,,,,
211,们,們,men,pluralizer after pronouns and nouns of persons,,,,,
212,无,無,wú,"not have, there is not",,,,,
213,对于,對於,duìyú,"(in regard) to, toward, at, for",,,,,
214,以及,以及,yǐjí,"conj.: as well as, along with, and",,,,,
215,之后,之後,zhīhòu,"later, behind, at the back of, after",,,,,
216,可是,可是,kěshì,"conj.: but, yet, however",,,,,
217,当,當,dāng,"when, while",,,,,
218,人员,人員,rényuán,"strength, personnel, force, staff",,,,,
219,比,比,bǐ,compared with,,,,,
220,先,先,xiān,"earlier, in advance, before",,,,,
221,产品,產品,chǎnpǐn,"baby, brand, output, product, produce, end product, merchandise, fruitage, growth, manufacture, wares, production",,,,,
222,资讯,資訊,zīxùn,"stuff, message, information, news, info",,,,,
223,资料,資料,zīliào,"food, source, info, means, data, information, material, datum, data point, matter",,,,,
224,比较,比較,bǐjiào,"relatively, fairly",,,,,
225,先生,先生,xiānshēng,"doctor of Chinese medicine, Don, mulla, Ms., sir., teacher, gentleman, gospodin, Signor, signor, fortune-teller, babu, baboo, Herr, Mister, bey, mister, bwana, husband, siree, buckra, sirrah, senor, guv, sahib, Mr., rabbi, don, signore, Dan, sir, m'sieur, effendi, Tuan, baas, Monsieur, lording, monsieur, doctor, Mr, milord, Mynheer, signior, esquire, bookkeeper, Senor, rabboni, Senhor, sieur, sen",,,,,
226,地,地,dì,"the earth, land, soil, fields, ground, place, position, background, distance",,,,,
227,除了,除了,chúle,"except, besides",,,,,
228,大陆,大陸,dàlù,Ch. mainland,,,,,
229,需要,需要,xūyào,"need, want, require, demand",,,,,
230,像,像,xiàng,be like,,,,,
231,在,在,zài,indicating an action in progress,,,,,
232,给,給,gěi,"give, give to",,,,,
233,岁,歲,suì,"year (for crops), m.[standard], , year of age, year (of age), year, annum, year for crops",,,,,
234,请,請,qǐng,"request, ask (a favor), engage, hire (teacher/etc.), Please...",,,,,
235,月,月,yuè,moon,,,,,
236,些,些,xiē,m.[proximation],,,,,
237,名,名,míng,m.[general],,,,,
238,另,另,lìng,det.: another,,,,,
239,若,若,ruò,"conj.: if, as if",,,,,
240,亦,亦,yì,"also, too",,,,,
241,地区,地區,dìqū,"section, country, area, latitude, zone, terrain, parts, locality, sector, province, prefecture, region, district, faubourg",,,,,
242,技术,技術,jìshù,"mechanics, know-how, prowess, science, Minerva, superior skill, art, competence, technology, craft, craftsmanship, skill, education, technique, artistry, engineering, technological, equipment, technical",,,,,
243,至,至,zhì,"to, until, till",,,,,
244,特别,特別,tèbié,"unusual, specially",,,,,
245,其实,其實,qíshí,"as a matter of fact, actually, in fact",,,,,
246,国际,國際,guójì,international,,,,,
247,不要,不要,búyào,"never, noway, don't want, don't (do sth.)",,,,,
248,发生,發生,fāshēng,"happen, occur, take place",,,,,
249,参加,參加,cānjiā,"join, attend, take part in, give (advice/etc.)",,,,,
250,一定,一定,yīdìng,must,,,,,
251,其中,其中,qízhōng,"among, of them, in it, among them, which, them, det.: it, in, in which",,,,,
252,问,問,wèn,"ask, examine, question, interrogate",,,,,
253,台北,台北,táiběi,"capital of Nationalist China, capital of Republic of China on Taiwan, Taipei",,,,,
254,包括,包括,bāokuò,"consist_of, consist of, subtend, embrace, comprise, incorporate, embody, involve, count, subsume, take_in, comprehend, incorporation, include, comprize, run, cover, package, consist in",,,,,
255,讲,講,jiǎng,"discourse, utter, talk, negotiation, make clear, negotiate, parley, pay attention to, speak, syllable, discuss, explain, tell, be particular about, explanation, interpretation, interpret, relate, discussion, stress, mouth, say, remark, verbalize",,,,,
256,造成,造成,zàochéng,"make_for, give rise to, create, set_up, strike, creation, cause, contribute, bring_about, procure, give, bring about, cut_out, necessitate, shape, present, bring_forth, generate, yield, make, breed",,,,,
257,看,看,kàn,"think, consider",,,,,
258,像,像,xiàng,"be like, resemble",,,,,
259,常,常,cháng,"often, usually, frequently",,,,,
260,即,即,jí,"at present, in the immediate future, then, promptly, at once",,,,,
261,喜欢,喜歡,xǐhuān,"like, love, be fond of, be happy/elated",,,,,
262,去,去,qù,"go, go to",,,,,
263,没,沒,méi,not,,,,,
264,出现,出現,chūxiàn,"appear, arise, emerge",,,,,
265,政治,政治,zhèngzhì,"paternalism, trouble, government, policy, political relation, political science, polity, politics, political affairs, political",,,,,
266,话,話,huà,"words, thing, language, tongue, talk, speech, spoken_language, conversation, utterance, expression, story, tale, saying, natural language, sayings, word",,,,,
267,走,走,zǒu,"scram, travel, foot, go away, evaporate, ankle, waltz, step, bugger off, etc., go through, leave, leak, run, buzz off, leg, pad, fork, visit, go, escape, lose flavor, work, call on, strike, sashay, trace, pursue, gang, lose shape/etc., get_along, come_along, walk, hoof it, lose flavor/shape/etc., leg it, let out, shape, drive, cover, take, get, hoof, move",,,,,
268,单位,單位,dānwèi,"department, unit, denomination, module, building block, unit of measurement, monad, unit (in measurement or organization)",,,,,
269,一直,一直,yīzhí,"e'er, away, continuously, all the way, right, forever, all_along, always, the whole way, all along, straight, slap, through, ever, evermore",,,,,
270,吧,吧,ba,particle: used to show mild imperative or uncertainty,,,,,
271,是否,是否,shìfǒu,"whether or not, is it so or not",,,,,
272,当然,當然,dāngrán,"certainly, of course",,,,,
273,整,整,zhěng,det.: exact,,,,,
274,处理,處理,chǔlǐ,"handle, deal with, dispose of, process",,,,,
275,历史,歷史,lìshǐ,"past records, historical, history",,,,,
276,了解,了解,liǎojiě,"understand, comprehend, find out, acquaint oneself with",,,,,
277,那,那,nà,"then, in that case",,,,,
278,怎么,怎麼,zěnme,how,,,,,
279,机会,機會,jīhuì,"scouth, occasion, good luck, hap, liberty, fortune, opportunity, chance, joss, hazard, happy chance, probability, luck, scope, room, break, turn, opening",,,,,
280,家,家,jiā,m.[general],,,,,
281,听,聽,tīng,"hear, list, hearken, obey, obedience, listen, heed, administer, let, allow, hark",,,,,
282,所有,所有,suǒyǒu,det.: all,,,,,
283,只要,只要,zhǐyào,"conj.: so long as, provided",,,,,
284,朋友,朋友,péngyou,"amigo, connections, kith, friend, boy, crony, ami, boy/girl friend, companion, mate, boy friend or girl friend, compadre, boy friend, Mac, paisano, matey, old_boy, sport, folks, pard, hearty, Kamerad, cocker, cobber, girl friend, pardner, company",,,,,
285,令,令,lìng,"make, cause",,,,,
286,甚至,甚至,shènzhì,"even (to the point of), so much so that",,,,,
287,用,用,yòng,"use, employ, apply, eat, drink, spend",,,,,
288,真,真,zhēn,"really, truly, indeed, clearly",,,,,
289,六,六,liù,det.: six,,,,,
290,呀,呀,ya,"particle: replacing 啊 when preceding word ends in a, e, i, o, or (y)u; used in direct address and exclamation; indicating obviousness/impatience/suggestion; used for confirmation",,,,,
291,情况,情況,qíngkuàng,"event, things, state of affairs, circumstantiality, case, circumstances, way, plight, experimental condition, streak, military situation, matter, condition, mood, circumstance, context, occasion, thing, instance, affair, shape, situation, juncture, consideration",,,,,
292,还是,還是,háishì,"still, nevertheless",,,,,
293,钱,錢,qián,"copper coin, cash, money, fund, sum",,,,,
294,方法,方法,fāngfǎ,"know-how, plan, attack, system, stepping-stone, manner, method, gateway, idea, measure, way, guise, key, wise, quomodo, plan of attack, tack, machinery, process, avenue, modus, how, means, channel, gate, approach, agency, gamesmanship, mode, medium, sort",,,,,
295,点,點,diǎn,m.[proximation],,,,,
296,任何,任何,rènhé,"aught, det.: any",,,,,
297,经验,經驗,jīngyàn,experience,,,,,
298,艺术,藝術,yìshù,"beaux-arts, aesthetical, artistic production, artistic, ars, art, academy, aesthetic, artistic creation, skill, craft, artistry, esthetic",,,,,
299,你们,你們,nǐmen,"you, you (plural), you-all",,,,,
300,十,十,shí,det.: ten,,,,,
301,主要,主要,zhǔyào,"main, chief, principal, major",,,,,
302,妈妈,媽媽,māmā,"mummy, mammy, ma, mother, mamma, mum, mommy, female parent, mom, Mama, mater, mama, momma",,,,,
303,增加,增加,zēngjiā,"increase, raise, add",,,,,
304,提出,提出,tíchū,"put forward, pose, raise",,,,,
305,为什么,為什麼,wèishénme,"why, why?, how come, why is it that?, whereat, whereto",,,,,
306,以,以,yǐ,"conj.: in order to, so as to",,,,,
307,您,您,nín,you,,,,,
308,计画,計畫,jìhuà,"plan, project, program",,,,,
309,作,作,zuò,"do, make, rise, write, compose, pretend, affect, feign",,,,,
310,利用,利用,lìyòng,"use, utilize, take advantage of, exploit",,,,,
311,东西,東西,dōngxī,"thing, creature",,,,,
312,在,在,zài,"exist, live, be at/in/on, depend on, rest with",,,,,
313,条,條,tiáo,"bar, item, short note, a long narrow piece, streak, clause, stripe, sth. long and narrow, filet, m.[general], , article, strip, assize, twig, ingot, slip",,,,,
314,设计,設計,shèjì,"design, plan",,,,,
315,找,找,zhǎo,"look for, seek, call on, approach",,,,,
316,之间,之間,zhījiān,"among, between",,,,,
317,成长,成長,chéngzhǎng,"grow up, mature",,,,,
318,能够,能夠,nénggòu,"can, able, would, may",,,,,
319,决定,決定,juédìng,"decide, resolve, make up one's mind, determine",,,,,
320,学习,學習,xuéxí,"study, learn, emulate",,,,,
321,谁,誰,shéi,"who, someone, anyone",,,,,
322,见,見,jiàn,"see, be exposed to, become visible, call on, refer to, meet with, appear to be, appear, vide, catch sight of, meet",,,,,
323,半,半,bàn,det.: half,,,,,
324,时代,時代,shídài,"day, period, a period in one's life, epoch, present time, historical period, time, chapter, period in one's life, modern times, historic period, contemporary world, times, era, modern world, age",,,,,
325,完成,完成,wánchéng,"fill in, finish out, fulfil, practice, complete, finish, encompass, clear_up, top_off, cleave, top off, accomplishment, make out, effect, perfective, fulfill, go through, exercise, discharge, fill out, completion, end, run, bring ... to fruition, round_out, achieve, execute, round out, make, cap off, accomplish, practise, follow through, come, finalize, fulfilment, dispatch, bring ...",,,,,
326,带,帶,dài,"look after, raise",,,,,
327,相当,相當,xiāngdāng,"quite, fairly, considerably",,,,,
328,同学,同學,tóngxué,"class fellow, fellow student, condisciple, classmate, schoolmate, schoolfellow, form of address used in speaking to a student",,,,,
329,件,件,jiàn,"correspondence, paper, document, bit, m.[general], , single item, letter, piece",,,,,
330,能力,能力,nénglì,"department, potency, ability, acquisition, acquirement, capacity, performance, oomph, sufficiency, energy, competence, accomplishment, size, might, faculty, hand, coequal, efficiency, inner resources, capability, giftie, attainment, capableness, zip, skill, competency, power",,,,,
331,别人,別人,biérén,"others, other people, another person",,,,,
332,生命,生命,shēngmìng,"breath, god, head, anima, days, organism, blood, life, living thing, skin, longevity, being, vital, life form",,,,,
333,下,下,xià,"below, under, underneath",,,,,
334,来,來,lái,time (since),,,,,
335,场,場,cháng,m.[event],,,,,
336,会议,會議,huìyì,"synod, moot, conference, board, convocation, soviet, congress, talks, indaba, negotiation, junta, group discussion, convention, meeting place, session, council, rendezvous, colloquy, coming together, powwow, seance, meeting, forum, consultation, roll-up, get-together, assembly",,,,,
337,容易,容易,róngyì,easy,,,,,
338,开发,開發,kāifā,"develop, open up, exploit",,,,,
339,民众,民眾,mínzhòng,"civil, crowd, masses, populace, rank_and_file, the masses, the masses of the people, the populace, demos, mob, multitude, plebs, commons, the common people, the people, million, public",,,,,
340,事情,事情,shìqíng,"proposition, pie, shebang, thing, affair, occasions, undertaking, concern, question, business, schmear, matter",,,,,
341,书,書,shū,"volume, document, style of calligraphy, book, script, letter",,,,,
342,事实,事實,shìshí,"mood, circumstance, fact, factual, reality, verity, case, deed, sooth, troth, actuality, truth, matter, matter of fact",,,,,
343,有关,有關,yǒuguān,be related,,,,,
344,自,自,zì,"from, since",,,,,
345,组织,組織,zǔzhī,"tissue, nerve, weave, organization, organized system",,,,,
346,言,言,yán,"say, talk, speak",,,,,
347,多,多,duō,"more than the correct/required number, much/far more",,,,,
348,爱,愛,ài,"love, like, be fond of, be keen on, cherish, be apt to",,,,,
349,建立,建立,jiànlì,"establish, set up, found",,,,,
350,相关,相關,xiāngguān,"cognate, relational, interrelate, associated, be interrelated, relevant, related, be mutually related",,,,,
351,均,均,jūn,"without exception, all",,,,,
352,产生,產生,chǎnshēng,"come into being, produce, engender, emerge",,,,,
353,多,多,duō,"det.: more than, much more",,,,,
354,业者,業者,yèzhě,"dealer, interest",,,,,
355,解决,解決,jiějué,"solve, resolve, settle, dispose of, finish off",,,,,
356,完全,完全,wánquán,"completely, fully, wholly, absolutely",,,,,
357,的话,的話,dehuà,conj.: if,,,,,
358,接受,接受,jiēshòu,"receive (honors, have, receive, acknowledge, sweep up, espouse, etc.), come to grips, adopt, embrace, greet, welcome, hook on, seize on, take up, accede, taken, entertain, latch on, buy, fasten on, swallow, imbibe, accept, receive (honors/etc.), undergo, get to grips, take, adapt, acceptance, thole",,,,,
359,知,知,zhī,"tell, notify, inform, be expert in, know, sense, be aware of, administration, notification, administer, be in charge of, realize",,,,,
360,约,約,yuē,"about, around",,,,,
361,一般,一般,yībān,"general, ordinary, common",,,,,
362,推动,推動,tuīdòng,"push forward, promote",,,,,
363,过程,過程,guòchéng,"unconscious process, mechanism, process, act, round, course",,,,,
364,管理,管理,guǎnlǐ,"manage, supervise, take care of",,,,,
365,功能,功能,gōngnéng,"functional, niche, function, competence, capacity, anatomy",,,,,
366,手,手,shǒu,hand,,,,,
367,打,打,dǎ,"generalized verb of doing with specific meaning determined by its object, strike, hit, fight, construct, forge, mix",,,,,
368,水,水,shuǐ,"water, H2O, liquid, bubble, a general term for rivers, lakes, seas, etc., Shiu, waters, aqueous, Aquarius, river, Surname, blister, drink, eau, aqua",,,,,
369,要求,要求,yāoqiú,"request, demand",,,,,
370,小朋友,小朋友,xiǎopéngyǒu,"child (adult address to child), little boy, children, little boy/girl, girl, little girl, little boy or girl, child",,,,,
371,教授,教授,jiàoshòu,professor,,,,,
372,难,難,nán,"make difficulties, take to task, put ... into a difficult position, disagreeable, make difficult, unpleasant, hard, difficult, troublesome, blame",,,,,
373,我国,我國,wǒguó,our country,,,,,
374,告诉,告訴,gàosù,"tell, preach, notify, impart, inform, represent, apprize, send word, share, advise, give notice, apprise, assure, let know",,,,,
375,内容,內容,nèiróng,"subject_matter, content, cognitive content, internal, contents, mental object, meat, substance, matter, lining",,,,,
376,结果,結果,jiéguǒ,"result, outcome, consequence",,,,,
377,调查,調查,diàochá,"investigate, look into, survey",,,,,
378,家庭,家庭,jiātíng,"hearthstone, background, fireside, establishment, household, hearth, domestic, hearthside, menage, home, family unit, family, house",,,,,
379,成立,成立,chénglì,"found, establish, be tenable, hold water",,,,,
380,选择,選擇,xuǎnzé,"select, opt",,,,,
381,经营,經營,jīngyíng,"manage, run, engage in",,,,,
382,然而,然而,ránér,"conj.: even so, but",,,,,
383,父母,父母,fùmǔ,"parental, parents, father and mother, folks",,,,,
384,写,寫,xiě,"description, bewrite, direct, describe, pencil, draw, paint, inscribe, write, depiction, write_out, throw_off, depict, address, author, screeve, word, compose",,,,,
385,人类,人類,rénlèi,"man, wight, human_being, human, human race, mankind, individual, human species, Homo_sapiens, populace, creature, hominid, world, mortality, microcosm, humans, humanitarianism, humanity, humanness, human beings/species, people, species, humankind, human beings, public, mortal",,,,,
386,至于,至於,zhìyū,as for/to,,,,,
387,买,買,mǎi,"pick up, invest, hire, buy, purchase, put_down, trade, get",,,,,
388,尤其,尤其,yóuqí,especially,,,,,
389,配合,配合,pèihé,"coordinate, cooperate",,,,,
390,进入,進入,jìnrù,"go_into, get_in, debouch, get in, go into, move into, come_into, pass, step_in, lapse, get_into, set in, go in, get into, kick in, penetrate, intromission, pierce, come_in, come in, enter, entry, sink, impenetrate",,,,,
391,例如,例如,lìrú,"for instance/example, e.g., such as",,,,,
392,得,得,děi,"should be, need",,,,,
393,讨论,討論,tǎolùn,"to discuss, to take something up with someone, to talk about",,,,,
394,依,依,yī,"according to, judging by",,,,,
395,作品,作品,zuòpǐn,"writing, musical composition, whole kit and caboodle, works (of literature, artwork, kit and caboodle, product, whole works, creation, full treatment, kit and boodle, whole kit and boodle, works (of literature/art), composition, thing, piece of music, workpiece, output, art), written material, opus, whole shebang, whole caboodle, production, whole kit, piece, workmanship, wo",,,,,
396,情形,情形,qíngxíng,"circumstance, trimness, event, trim, instance, state of affairs, case, circumstances, status, situation, condition",,,,,
397,资源,資源,zīyuán,"resource, natural resources, mine, resources",,,,,
398,原因,原因,yuányīn,"origin, causation, reason, wherefore, causal, breeder, spore, cause, causal agent, whence, causal agency, occasion, root, subject, causality, why, starter",,,,,
399,啦,啦,lā,particle: used when informing sb. of st.; indicating excitement/doubt/comfort/etc.,,,,,
400,妳,妳,nǐ,you(female),,,,,
401,运动,運動,yùndòng,"sports, athletics, exercise, movement, campaign",,,,,
402,观念,觀念,guānniàn,"conception, intension, theory, philosophy, idolum, connotation, idea, sense, presentation, notion, concept, construct, intellection, presentment, thought, notional, conceit",,,,,
403,给,給,gěi,"for, for the benefit of, by (in passive cons.)",,,,,
404,软体,軟體,ruǎntǐ,software,,,,,
405,品质,品質,pǐnzhí,"calibre, appraisal, caliber, character, self, intrinsic, brew, quality, timber, sort",,,,,
406,经过,經過,jīngguò,"pass, go through, undergo",,,,,
407,如此,如此,rúcǐ,"thus, like this, such",,,,,
408,嗯,嗯,ēn,"O.K., How come, Huh, What, Why, Agreed!, well, um",,,,,
409,精神,精神,jīngshén,"god, guts, heart, pneuma, consciousness, vigor, life, energy, vim, courage, esprit, moral, get-up-and-go, ginger, vitality, Psyche, psyche, spunk, gumption, juice, sand, mind, mental, mens, mickey, mettle, nature, grit, oomph, genius, vigour, substance, psychic, backbone, nous, nerve, pazazz, essence, pep, spirit, inward, drive, push, soul, gist",,,,,
410,影响,影響,yǐngxiǎng,influence,,,,,
411,之,之,zhī,"it, him, her, this",,,,,
412,过,過,guò,"pass, cross, transfer (e.g., ownership), undergo a process, go through, celebrate, observe",,,,,
413,好像,好像,hǎoxiàng,"seem, be like",,,,,
414,成,成,chéng,"become, turn into",,,,,
415,参与,參與,cānyū,participate in,,,,,
416,以后,以後,yǐhòu,"afterwards, later, future, in the future, hereafter",,,,,
417,于是,於是,yūshì,"conj.: thereupon, hence, consequently, as a result",,,,,
418,部分,部分,bùfèn,"partial, department, section, partialness, slice, pars, part, det.: part, percent, partage, sphere, component, divvy, segment, portion, fraction, sector, chapter, share, percentage, piece, division, sectional, parcel",,,,,
419,另外,另外,lìngwài,"conj.: in addition, besides, moreover",,,,,
420,公园,公園,gōngyuán,"common, green, garden, commons, park",,,,,
421,透过,透過,tòuguò,via,,,,,
422,训练,訓練,xùnliàn,training,,,,,
423,努力,努力,nǔlì,"make great effort, try hard",,,,,
424,研究,研究,yánjiù,"research, study",,,,,
425,具有,具有,jùyǒu,"be provided with, have, have got, possess, hold, possession, carry, inhere, bear",,,,,
426,共同,共同,gòngtóng,"common, joint",,,,,
427,所谓,所謂,suǒwèi,so-called,,,,,
428,下,下,xià,"det.: next, second",,,,,
429,行为,行為,xíngwéi,"fact, demeanor, form, deportment, dealing, behavior, doings, course, act, point, goings-on, demeanour, procedure, lapse, going, bearing, turn, behaviour, activity, ongoing, thing, human action, conduct, commitment, human activity, behavioral, agency, deed, comportment, action",,,,,
430,合作,合作,hézuò,"cooperate, collaborate, work together",,,,,
431,经,經,jīng,"as a result of, through, after",,,,,
432,合作,合作,hézuò,"cooperate, collaborate, work together",,,,,
433,目标,目標,mùbiāo,"polestar, objective, goal, bourn, object, meaning, aim, end point, target, cause, landmark, butt, lodestar, bull's eye, mark, tee, cynosure, end, bell ringer, loadstar, quaesitum, destination",,,,,
434,起来,起來,qǐlái,[aspect],,,,,
435,考虑,考慮,kǎolǜ,"think over, consider",,,,,
436,长,長,cháng,"long, be strong/good (in/at)",,,,,
437,意见,意見,yìjiàn,"latitude, point_of_view, estimation, sight, conceit, verdict, hypothesis, attitude, estimate, possibility, judgement, appraisal, ground, slant, differing opinion, ruling, complaint, thinking, suggestion, comment, advisement, mind, apprehension, say, vote, impression, deliverance, view, understanding, feeling, idea, notion, sentiment, judgment, advice, current, opinion, advert, theory, v",,,,,
438,办法,辦法,bànfǎ,"road, expedient, policy, agency, measure, way, method, means",,,,,
439,音乐,音樂,yīnyuè,music,,,,,
440,连,連,lián,conj.: including,,,,,
441,受,受,shòu,passive signifier,,,,,
442,厂商,廠商,chǎngshāng,"factory owner, factories and stores, firm, maker, business organization, business concern, manufacturing business, concern, manufacturer, business",,,,,
443,只,隻,zhī,m.[general],,,,,
444,受到,受到,shòudào,"experience, receive, come in for, suffer, undergo, come_in_for, be given, come_to, be subjected to",,,,,
445,一切,一切,yīqiè,"det.: everything, every",,,,,
446,或是,或是,huòshì,"conj.: or, perhaps",,,,,
447,中央,中央,zhōngyāng,central authorities (of state/party/etc.),,,,,
448,某,某,mǒu,"det.: some, certain",,,,,
449,女性,女性,nǔxìng,"lady, female sex, womankind, feminie, female, sex, petticoat, femininity, female person, woman, she, patroness, womanhood, fair, feminine",,,,,
450,教学,教學,jiāoxué,teach and study,,,,,
451,极,極,jí,"extraordinary, unusual, special, very, extremely, highly",,,,,
452,获得,獲得,huòdé,"find, cop, acquirement, come_into, gain, draw, pick_up, pull, achievement, score, procure, come_by, get hold, purchase, nab, come upon, derive, latch, incur, achieve, make, bring, receive, arrive, come_out, pocket, obtain, luck into, sack, win, enter upon, pick up, garner, harvest, attain, come up, line up, extract, secure, possess, earn, reap, accrue, cover, take, acquire, get, arrive_at",,,,,
453,真的,真的,zhēnde,"really, truly, indeed",,,,,
454,路,路,lù,"road, path, way, journey, distance, means, sequence, logic, line, region, district, route, sort, grade, class",,,,,
455,来,來,lái,particle: used to denote the beginning of an action,,,,,
456,快,快,kuài,"fast, quick, quick-witted, ingenious, sharp (of knives), straightforward",,,,,
457,国小,國小,guóxiǎo,"primary/elementary school, primary school",,,,,
458,部份,部份,bùfèn,"composition, segment, section, side, portion, slice, proportion, part, det.: part, share, component, division, phase, place, piece",,,,,
459,工程,工程,gōngchéng,"process, construction, engineering, engineering project, project",,,,,
460,女人,女人,nǔrén,"jade, crumpet, female, female person, Gill, bitch, chick, fair, squaw, womenfolk, adult female, doll, momma, wench, skirt, womankind, girl, jill, wife, broad, petticoat, sister, woman, bimbo, bird, jane, she, hen, hairpin, dame, women",,,,,
461,举行,舉行,jǔxíng,hold (meeting/etc.),,,,,
462,句,句,jù,"sentence, m.[general],",,,,,
463,只是,只是,zhǐshì,"merely, only, just, simply be",,,,,
464,段,段,duàn,m.[general],,,,,
465,根据,根據,gēnjù,"on the basis of, according to",,,,,
466,现象,現象,xiànxiàng,"phenomenon, phenomenal, appearance",,,,,
467,人民,人民,rénmín,"multitude, citizen, quarter, Volk, hoi polloi, subject, people, nationals, masses, the people, mass, demotic",,,,,
468,土地,土地,tǔdì,"country, acre, terra, soil, premise, realm, territory, dirt, local god of the land, farming, earth, ground, kingdom, holding, agrarian, solid ground, benefice, esplees, tract, village god, glebe, terra firma, land, dry land",,,,,
469,面对,面對,miànduì,"face up, stand up, face, look_out_on, confront, front, affront, envisage, accost, breast",,,,,
470,注意,注意,zhùyì,"pay attention to, take note of",,,,,
471,这里,這裡,zhèlǐ,"this place, there, here",,,,,
472,新闻,新聞,xīnwén,"unco, leak, intelligence, newsworthiness, witting, journalistic, information, journalism, courant, news",,,,,
473,继续,繼續,jìxù,"go, resume, keep_on, abide, come on, persist in, extend, run_on, run on, carry_on, stretch, sustain, pursue, keep going, continuance, get_along, get_on, remain, continue, keep_up, go ahead, keep up, come up, continuation, hold, carry, run, go_on, maintain, go on, bide, plow ahead, hold_on, piece, restart",,,,,
474,相信,相信,xiāngxìn,"deem, believe, credit, esteem, accredit, feel, trow, count, have faith in, guess, lippen, buy, be convinced of, hold, think, trust, accept, know, hone, believe_in, favour, believe in, hope",,,,,
475,政策,政策,zhèngcè,"statism, tack, line, policy, statecraft",,,,,
476,变成,變成,biànchéng,"grow_into, change into, go, form, grow into, change state, develop into, turn to, fall, turn_into, be, turn, become, turn into, grow, run, get",,,,,
477,计划,計劃,jìhuà,"plan, project, program",,,,,
478,强调,強調,qiángdiào,"underscore, spotlight, place emphasis on, point_up, highlight, point, point up, enforce, emphasise, urge, underline, overstress, give emphasis to, play up, keynote, insist, punctuate, accent, betone, foreground, emphasize, emphatic, stress, set off, overemphasize, accentuate, bring out",,,,,
479,学,學,xué,"study, learn, imitate, mimic",,,,,
480,人士,人士,rénshì,"public figure, personage",,,,,
481,前,前,qián,front,,,,,
482,前,前,qián,"det.: former, preceding",,,,,
483,存在,存在,cúnzài,"exist, be",,,,,
484,制度,制度,zhìdù,"ism, organization, dispensation, regimen, machine, regulations, form, system, regime, organisation, economy, institutional, institution",,,,,
485,意义,意義,yìyì,"importance, significance, denotation, purport, drift, signality, emptiness, meaning, construction, bearing, substance, import, effect, insignificancy, hang, signification, sense",,,,,
486,代表,代表,dàibiǎo,"representative, delegate",,,,,
487,课程,課程,kèchéng,"course of instruction, lesson, course, course of lectures, course of study, curricular, class, curricula, syllabus, curriculum, program",,,,,
488,该,該,gāi,"ought to, should",,,,,
489,没,沒,méi,"not have, there is not, be without",,,,,
490,至,至,zhì,conj.:,,,,,
491,需求,需求,xūqiú,"need, requisition, demand, want, desiderative, requirement, call",,,,,
492,人生,人生,rénshēng,"lifetime, life, lifespan, human life, time of life",,,,,
493,那些,那些,nǎxiē,det.: those,,,,,
494,成功,成功,chénggōng,succeed,,,,,
495,爸爸,爸爸,bàbà,"old man, father, papa, pappa, daddy, pa, begetter, pop, dada, dad, male parent, pater, pappy, pops, poppa",,,,,
496,产业,產業,chǎnyè,"estate, manufacture, industry, domain, manufacturing, property",,,,,
497,负责,負責,fùzé,"preside, be responsible for, see, entail, sponsor, be in charge of, blame, answer, undertake, liable, respond",,,,,
498,民间,民間,mínjiān,"grass roots, people-to-people, nongovernmental, among the people, folk, popular",,,,,
499,虽,雖,suī,"conj.: though, although, even if",,,,,
500,影响,影響,yǐngxiǎng,"influence, affect, effect",,,,,
501,直接,直接,zhíjiē,"direct, immediate",,,,,
502,几乎,幾乎,jīhū,"chiefly, anear, about, near, just_about, most, well-nigh, almost, closely, practically, intimately, all but, nearly, just about, virtually, much, nigh",,,,,
503,分,分,fèn,m.[general],,,,,
504,实际,實際,shíjì,"practical, literal",,,,,
505,团体,團體,tuántǐ,"fraternity, sect, phalanx, collective, body, group, sodality, element, organisation, corporation, confession, college, establishment, brotherhood, community, organization, squad, union, administration, society, army, commonwealth, consort, company, lineup, combine, governance, clan, combination, fellowship, organizational, bloc, team, party, connection, family, brass, squadron",,,,,
506,价值,價值,jiàzhí,"value, worth",,,,,
507,使得,使得,shǐde,"render, wreck, compel, cause, make",,,,,
508,类,類,lèi,m.[kind],,,,,
509,形成,形成,xíngchéng,"take shape, form",,,,,
510,科技,科技,kējì,"technology, tech, engineering science, applied science, science and technology, technological, engineering",,,,,
511,这么,這麼,zhème,"so, such, this way, like this",,,,,
512,当,當,dāng,"assume office of, take charge of",,,,,
513,七,七,qī,det.: seven,,,,,
514,不但,不但,búdàn,conj.: not only,,,,,
515,往,往,wǎng,go toward,,,,,
516,本身,本身,běnshēn,"per se, self, oneself, identity, itself",,,,,
517,标准,標準,biāozhǔn,"standard, criterion",,,,,
518,似乎,似乎,sìhū,"it seems, quasi, apparently, seemingly, as if",,,,,
519,应用,應用,yìngyòng,"application, use",,,,,
520,或者,或者,huòzhě,"conj.: or, either...or...",,,,,
521,动物,動物,dòngwù,"thing, critter, crittur, zoic, anthropomorphism, animal, deer, animate being, beast, creature, burrow, sire, worker, fauna, brute",,,,,
522,电话,電話,diànhuà,"blower, phone call, headphone, earpiece, telephone, telephone_call, buzz, earphone, horn, telephone set, phone_call, telephony, phone",,,,,
523,态度,態度,tàidù,"stance, treatment, demeanor, dealing, deportment, pose, behavior, manner, demeanour, way, bearing, attitude, air, behaviour, front, mien, conduct, mental attitude, approach, posture, address, position, bedside_manner, movement, gesture, comportment, presence, sort",,,,,
524,建设,建設,jiànshè,construction,,,,,
525,事业,事業,shìyè,"proposition, task, pidgin, institution, undertaking, deed, facilities, life history, endeavour, endeavor, cause, career, project, action, enterprise",,,,,
526,老,老,lǎo,"old, aged;of long standing, outdated, tough, overgrown, dark (of colors)",,,,,
527,那么,那麼,nàmo,so,,,,,
528,常常,常常,chángcháng,"oftentimes, ofttimes, commonly, ordinarily, oft, often, a great deal, normally, frequently, unremarkably, much, usually",,,,,
529,字,字,zì,"graphic symbol, writing, pronunciation (of a word), form of a written character, receipt, printing type, script, name taken at the age of 20, courtesy name, wordage, character, grapheme, contract, scripts, symbolic representation, style of handwriting, word",,,,,
530,坐,坐,zuò,"sit, take seat",,,,,
531,举办,舉辦,jǔbàn,"conduct, hold, run",,,,,
532,自我,自我,zìwǒ,"self, oneself",,,,,
533,有的,有的,yǒude,det : some,,,,,
534,具,具,jù,"possess, have, provide, furnish",,,,,
535,目的,目的,mùdì,"view, pretence, objective, goal, purport, intention, bourn, object, motive, motivation, meaning, aim, end point, hent, target, scope, sense of purpose, errand, purposefulness, sake, function, end, purpose, quaesitum, intent",,,,,
536,块,塊,kuài,m.[general],,,,,
537,条件,條件,tiáojiàn,"mood, formula, conditional, precondition, prerequisite, requisition, factor, qualification, requirement, stipulation, proviso, circumstances, provision, term, reservation, if, condition",,,,,
538,即使,即使,jíshǐ,"conj.: even, even if/though",,,,,
539,好,好,hǎo,"very, quite, good to, easy to",,,,,
540,十分,十分,shífēn,"very, fully, utterly, extremely",,,,,
541,多少,多少,duōshǎo,"det.: how many, how much, many",,,,,
542,放,放,fàng,"loose, bloom, make longer, set ... free, let sb. have his own way, show, readjust, free, make larger, put in, fly, etc., release, discharge, leave alone, bung, lay aside, put, expansion, make longer/larger/etc., fling, localize, lend (money) at interest, let go, set, pasture, pose, set free, blossom, lay, let off, put out to pasture, send away, play, expand, make larger/etc., readjus",,,,,
543,又,又,yòu,"conj.: and, in addition, but, on the other hand",,,,,
544,电影,電影,diànyǐng,"cinematography, moving_picture, pix, kinema, picture, film, movie, moving picture, flick, cinema, motion_picture, cinematic, celluloid, picture show, motion picture, flicker",,,,,
545,科学,科學,kēxué,"ology, scientific, science, scientific knowledge",,,,,
546,执行,執行,zhíxíng,"carry out, execute",,,,,
547,边,邊,biān,"border, boundary",,,,,
548,委员会,委員會,wěiyuánhuì,"board, soviet, commission, committee, court, citizens committee, mission, delegacy, deputation, delegation, council",,,,,
549,沟通,溝通,gōutōng,"communicate, link up",,,,,
550,开,開,kāi,"open, open up, reclaim (land), open out, come loose, start, begin, operate, turn on (light), run (business), hold (meeting/etc.), divide into, reveal",,,,,
551,一起,一起,yīqǐ,"in_chorus, together, in all, in the same place, holus-bolus, altogether, in company",,,,,
552,张,張,zhāng,m.[general],,,,,
553,针对,針對,zhēnduì,"in the light of, in connection with",,,,,
554,员工,員工,yuángōng,"employee, personnel, reason, force, staff, cause",,,,,
555,引起,引起,yǐnqǐ,"elicit, beget, causation, give rise to, incite, pique, engender, bring_on, trigger, fire, compel, kick_up, superindividual, draw, spawn, invite, touch_off, occasion, lead, bring_about, procure, touch off, raise, enkindle, give, poke, produce, capture, generate, stir, arouse, excite, put forward, provoke, breed, bring, conjure up, grip, create, kindle, tempt, set_up, interest, give rise, enga",,,,,
556,自然,自然,zìrán,natural world,,,,,
557,那么,那麼,nàmo,"like that, in that way",,,,,
558,安全,安全,ānquán,"safe, secure",,,,,
559,总统,總統,zǒngtǒng,president (of a republic),,,,,
560,此外,此外,cǐwài,"conj.: besides, in addition, moreover",,,,,
561,拥有,擁有,yǒngyǒu,"occupy, have, receive, aught, hold back, keep, keep back, owe, retain, own, possess, possession, hold, seize, take, acquire, corral, hold on",,,,,
562,并且,並且,bìngqiě,"conj.: and, besides, moreover",,,,,
563,事件,事件,shìjiàn,"fact, event, page, incidental, go, case, job, natural event, timing, proceedings, social occasion, happening, occurrence, matter, occasion, incident, shebang, affair, chapter, concernment",,,,,
564,设计,設計,shèjì,"plan, design",,,,,
565,研究所,研究所,yánjiùsuǒ,"graduate_school, research institute, school, laboratory, graduate school, institute",,,,,
566,语言,語言,yǔyán,"linguistic communication, lingual, language, idiom, tongue, oral communication, speech, perspicuity, lingo, contumely, Fortran, parole, natural language, spoken language, linguistic process",,,,,
567,严重,嚴重,yánzhòng,"serious, significant, acute, critical, severe, grave",,,,,
568,故事,故事,gùshì,"spiel, recital, relation, scam, rede, plot, yarn, narration, story, fiction, tale, history, legend, narrative",,,,,
569,学术,學術,xuéshù,"ology, academic, systematic learning, science, learning",,,,,
570,片,片,piàn,m.[general],,,,,
571,设备,設備,shèbèi,"installation, set, device, appointment, plant, fixing, system, appliance, fixture, fitting, accommodation, fitment, finishing, unit, furnishings, materiel, contrivance, paraphernalia, facilities, rig, equipage, setout, facility, fixings, equipment",,,,,
572,之外,之外,zhīwài,"beyond, apart from, excluding",,,,,
573,车,車,chē,vehicle,,,,,
574,基本,基本,jīběn,"fundamental, essential, main",,,,,
575,实在,實在,shízài,"indeed, really, honestly, in fact, as a matter of fact",,,,,
576,久,久,jiǔ,"for long time, of specified duration",,,,,
577,套,套,tào,m.[general],,,,,
578,达到,達到,dádào,"extend to, find, fulfil, compass, encompass, extend, gain, answer, achievement, succeed, fulfill, live_up_to, attainment, strain, bring_up, achieve, get to, touch, strive, make, accomplish, progress to, come, hit, come_out, obtain, reach, attain, clock_up, suffice, do, get, arrive_at",,,,,
579,改善,改善,gǎishàn,"improve, perfect",,,,,
580,死,死,sǐ,die,,,,,
581,结构,結構,jiégòu,"constitution, configuration, framing, structural, design, underframe, framework, construction, structure, schematism, economy, fabric, mechanics, composition, machinery, contexture, texture, constellation, fable, ordonnance, skeleton, organization, frame, architecture, chemistry, make",,,,,
582,住,住,zhù,"inhabit, cease, stay, visit, shack, dwell, stop, people, live, reside, populate, dig",,,,,
583,皆,皆,jiē,"all, everyone",,,,,
584,改变,改變,gǎibiàn,"change, transform",,,,,
585,拿,拿,ná,"take, hold, seize, capture",,,,,
586,小组,小組,xiǎozǔ,"squad, section, unit, group",,,,,
587,支持,支持,zhīchí,"sustain, hold out, bear;support, back, stand by",,,,,
588,座,座,zuò,"fare, stand, base, constellation, footstall, pedestal, m.[general], , customer, Aquarius, seating, plinth, place, seat",,,,,
589,医院,醫院,yīyuàn,"spital, hospital, infirmary, hospice",,,,,
590,既,既,jì,conj.: since...then,,,,,
591,仅,僅,jǐn,"scantily, simply, alone, merely, barely, only, but, just",,,,,
592,值得,值得,zhíde,"be worth, merit, pay, rate, behove, worthwhile, worth, worthy, deserve, call_for, command",,,,,
593,学者,學者,xuézhě,"academic, literate, pandit, letters, litterateur, learned person, literati, philomath, pundit, academician, faculty member, scholar, bookman, clerk, student, scholarly person, man of letters, man of learning, speleologist, doctor, clerisy, initiate, swami, punditry, savant, learned man, sophist",,,,,
594,八,八,bā,det.: eight,,,,,
595,交通,交通,jiāotōng,"intercourse, commutation, transportation, communication, commuting, traffic, traffic_light, liaison man, communications, dealings, liaison",,,,,
596,阶段,階段,jiēduàn,"staged, period, phase angle, stage, gradation, level, peg, grade, remove, phase, leg, step",,,,,
597,就是,就是,jiùshì,"conj.: even if, even",,,,,
598,申请,申請,shēnqǐng,apply for,,,,,
599,主管,主管,zhǔguǎn,person in charge,,,,,
600,申请,申請,shēnqǐng,apply for,,,,,
601,同,同,tóng,"det.: simialr, same",,,,,
602,感觉,感覺,gǎnjué,"sense perception, feeling",,,,,
603,电视,電視,diànshì,"TV, box, iconoscope, video, television set, teevee, orthicon, huckster, TV set, radiovision, television, telecasting, airwave, telly",,,,,
604,母亲,母親,mǔqīn,"venter, materfamilias, mother, mither, sultana, maternal, female parent, mater",,,,,
605,嘛,嘛,má,particle: used to persuade someone to do something; used to emphasize the obvious,,,,,
606,香港,香港,xiānggǎng,Hong Kong,,,,,
607,记者,記者,jìzhě,"journalist, writer, correspondent, newspaperwoman, newspaperman, gazetteer, newswriter, reporter, pressman, newshound, newsman, newsperson",,,,,
608,压力,壓力,yālì,"force per unit area, P, strain, overwhelming force, pressure sensation, burdensomeness, oppressiveness, pressure, onerousness, stress, compulsion, constraint, muscle, lading",,,,,
609,快乐,快樂,kuàilè,"happy, cheerful",,,,,
610,喝,喝,hē,drink,,,,,
611,敢,敢,gǎn,"dare, make bold, have courage to, be sure, have confidence to, venture, have the confidence to, be certain",,,,,
612,院,院,yuàn,"public facility, college, courtyard, designation for certain government offices and pub, hospital, clinic, branch of government, university, institutes, compound, abbey, academy, institute, yard, educational institution, faculty",,,,,
613,也许,也許,yěxǔ,"possibly, peradventure, conceivably, assumedly, mayhap, doubtless, ablings, perhaps, perchance, potentially, probably, maybe, presumably, ablins, just",,,,,
614,人们,人們,rénmen,"workforce, hands, work force, folk, people, they, the people, men, manpower, common people",,,,,
615,谈,談,tán,"talk, chat",,,,,
616,生产,生產,shēngchǎn,"produce, manufacture",,,,,
617,怕,怕,pà,"I'm afraid, dread, funk, I suppose, be afraid of, fear",,,,,
618,就,就,jiù,"prep.: with regard to, concerning",,,,,
619,身体,身體,shēntǐ,"soma, system, physical structure, body, health, carcase, corpus, frame, person, somatic, organic structure, personage",,,,,
620,规定,規定,guīdìng,"rules, disciplines, regulations",,,,,
621,程度,程度,chéngdù,"latitude, rate, degree, point, measure, way, grade, gree, pitch, cut, length, plane, stage, level, extent, scale, notch",,,,,
622,积极,積極,jījí,"positive, active, energetic, vigorous",,,,,
623,知识,知識,zhīshì,"lear, know-how, understanding, ken, instruction, science, sophistication, consciousness, light, awareness, cognizance, knowledge, lore, mastery, know, cognition, acquaintanceship, mind, intellect, knowingness, equipment",,,,,
624,作为,作為,zuòwéi,"regard as, look on as, take for",,,,,
625,机构,機構,jīgòu,"internal structure of an organization, motion, gadget, instrumentality, institute, organ, mechanism, gear, representation, mechanics, machinery, apparatus, establishment, institution, means, organization, agency, setup, delegacy, outfit",,,,,
626,而是,而是,érshì,"conj.: if not A, then B",,,,,
627,鼓励,鼓勵,gǔlì,"encourage, urge",,,,,
628,角色,角色,jiǎosè,"theatrical role, character, persona, part, function, office, fictional character, actor, fictitious character, personage, role",,,,,
629,状况,狀況,zhuàngkuàng,"repair, background, picture, state (of affairs), state of affairs, status, gear, scene, setting, scope, condition, state, circumstance, trimness, context, showing, trim, factor, condition/state (of affairs), situation, shoes, consideration, place",,,,,
630,专家,專家,zhuānjiā,"guru, pundit, adept, expertise, professional person, specializer, specialist, proficient, whiz, oner, expert, swami, savant, dab, professional, authority, stunner, technician",,,,,
631,据,據,jù,"according to, on the grounds of",,,,,
632,清楚,清楚,qīngchǔ,clear,,,,,
633,不仅,不僅,bùjǐn,conj.: not only,,,,,
634,比赛,比賽,bǐsài,"match, competition",,,,,
635,玩,玩,wán,"amuse oneself, treat lightly, have fun, resort to, enjoy, appreciate, play, toy, trifle with, employ, disport, shoot, amuse onself",,,,,
636,效果,效果,xiàoguǒ,"operation, execution, result, effect, background, sound effects, purpose, point, background signal, fruitage, outcome, force, punch",,,,,
637,越,越,yuè,~A~B) the more A the more B,,,,,
638,保护,保護,bǎohù,"protect, safeguard",,,,,
639,共,共,gòng,"totally, together, in all, in company, altogether",,,,,
640,开放,開放,kāifàng,"lift a ban/etc., be turned on, be in operation",,,,,
641,附近,附近,fùjìn,"neighborship, neighborhood, precinct, vicinity, neighbourhood",,,,,
642,上,上,shàng,"det.: preceding, previous",,,,,
643,父亲,父親,fùqīn,"parent, father, pere, Pa, begetter, governor, abba, male parent, pater, guv",,,,,
644,专业,專業,zhuānyè,professional,,,,,
645,经费,經費,jīngfèi,"finances, monetary resource, expenses, expense, expenditure, pecuniary resource, fund, outlay, funds, outgo, cash in hand",,,,,
646,曾经,曾經,céngjīng,"in one case, , one time, formerly, syne, at one time, of all time, once, ever",,,,,
647,工作,工作,gōngzuò,work,,,,,
648,愿意,願意,yuànyì,"will, be willing, please, wish, like, care",,,,,
649,分别,分別,fēnbié,"separately, respectively",,,,,
650,重视,重視,zhòngshì,"attach importance to, take sth. seriously, value",,,,,
651,不少,不少,bùshǎo,det.: a lot of,,,,,
652,欢迎,歡迎,huānyíng,"invite, greet, take in, receive, welcome, gratulate, embrace, salute",,,,,
653,小孩,小孩,xiǎohái,"kid, tyke, encumbrance, kinchin, youngster, wean, small fry, chick, juvenile, imp, urchin, minor, nestling, prattler, tike, kiddie, tot, fry, bud, mammet, pinafore, nipper, enfant, mite, bairn, chicken, shaver, child, chit, kiddy, infant, tiddler, sprig",,,,,
654,小时,小時,xiǎoshí,hour,,,,,
655,中国人,中國人,zhōngguórén,"Chinese person, Chinese people, Chinese",,,,,
656,显示,顯示,xiǎnshì,"demonstrate, argue, exhibit, prove, display, show, illustrate, manifest, demonstration, announce, stamp, unroll, witness, write, give, evince, dangle, betray, bespeak, say, profess, develop, indicate, signal, flaunt, read, register, manifestation, speak, reveal, evidence, tell, shew, proclaim, discover, stage, bear, establish, record, prognosticate, betoken, note, signalize",,,,,
657,中共,中共,zhōnggòng,Chinese Communist Party,,,,,
658,出,出,chū,"produce, turn out, arise, happen",,,,,
659,男人,男人,nánrén,"male, man, chap, mankind, buck, bastard, gentleman, jack, gent, men, blighter, cuss, hombre, lad, adult male, groom, husband, bimbo, dog, fellow, mon, menfolk, fella",,,,,
660,避免,避免,bìmiǎn,"forbear, preclude, refrain_from, forebear, escape, help, elude, leapfrog, refrain from, stave_off, evite, shun, obviate, avoid, evade, waive, help oneself, ward_off, ward, miss, avert, ward off, balk, refrain",,,,,
661,属于,屬於,shǔyú,"fall under, be part of, pertain, appertain, belong, relegate, fall into, belong_to, fall_under, reside, belong to, attach",,,,,
662,实施,實施,shíshī,"put into effect, implement",,,,,
663,声音,聲音,shēngyīn,"voice, vocal, language, huskiness, vox, vocalization, audio, noise, sonic, tone, sound, phone, audio frequency",,,,,
664,主义,主義,zhǔyì,"tenet, principle, hang, system, ticket, creed, philosophy, school of thought, evangel, ism, gospel, masonry, maxim, doctrine, -ism",,,,,
665,行动,行動,xíngdòng,"action, operation",,,,,
666,不可,不可,bùkě,"cannot, should not, must not",,,,,
667,只有,只有,zhǐyǒu,"can only, have no choice but, to be forced to",,,,,
668,校园,校園,xiàoyuán,"schoolyard, campus",,,,,
669,兴趣,興趣,xìngqù,"relish, appetite, zestfulness, dish, cup of tea, pastime, hobby, interest, gusto, bag, avocation, zest",,,,,
670,山,山,shān,"Shan, jebel, pike, mountain, whitethorn, hump, anything resembling a mountain, gable, kop, chimney, hill, Surname, mount",,,,,
671,表现,表現,biǎoxiàn,"manifestation, expression",,,,,
672,得,得,dé,get,,,,,
673,回来,回來,huílái,"come back, get_back, recur, revisit, come, return, be back, come_back",,,,,
674,主任,主任,zhǔrèn,"head, principal, captain, chair, director, head teacher, chief, chairman, school principal",,,,,
675,里面,裡面,lǐmiàn,"inside, interior",,,,,
676,经常,經常,jīngcháng,"everyday, daily, alway, often, a great deal, frequently, sempre, much, regularly, constantly, evermore, day-to-day",,,,,
677,不再,不再,búzài,no more/longer,,,,,
678,电子,電子,diànzǐ,electron,,,,,
679,受,受,shòu,"receive, accept, endure, suffer, be subjected to",,,,,
680,思想,思想,sīxiǎng,"cogitation, mentation, imagery, imaging, lunatic_fringe, mental imagery, idea, thinking, imagination, ideology, thought, pensee, ideological",,,,,
681,头,頭,tóu,"head, hair (style), top/end of sth., chief",,,,,
682,终于,終於,zhōngyū,"in the last analysis, at long last, at last, lastly, ultimately, all things considered, out, on the whole, at_last, eventually, in the final analysis, finally",,,,,
683,谢谢,謝謝,xièxiè,thank,,,,,
684,协助,協助,xiézhù,"assist, help",,,,,
685,除,除,chú,except,,,,,
686,当地,當地,dāngdì,"locality, the place (named/mentioned/etc.)",,,,,
687,正式,正式,zhèngshì,formal (of actions/speeches/etc.),,,,,
688,真正,真正,zhēnzhèng,"true, indeed, certainty",,,,,
689,低,低,dī,"let droop, hang down, lower",,,,,
690,性,性,xìng,"nature, character, sex, gender",,,,,
691,份,份,fèn,m.[general],,,,,
692,因素,因素,yīnsù,"consideration, ingredient, constituent, factor, strand, component, element",,,,,
693,推出,推出,tuīchū,present to public,,,,,
694,上,上,shàng,"go up, mount, board, get on, go to, go to, leave for, present, forge/go ahead, enter, place sth. in position",,,,,
695,价格,價格,jiàgé,price,,,,,
696,去,去,qù,particle: used to denote an action away from the speaker or to denote the direction of the action,,,,,
697,认识,認識,rènshì,"know, recognize",,,,,
698,方向,方向,fāngxiàng,"path, set, directional, aspect, tenor, course, lay, exposure, way, range, aim, trend, direction, bearing, orientation, hand, tack, way of life, quarter, channel, line, heading",,,,,
699,责任,責任,zérèn,"need, care, encumbrance, buck, accountability, blame, obligation, turn, load, responsibleness, incumbrance, responsibility, onus, commission, burden, commitment, loading, trust, pigeon, charge, business, fault, place, liability, duty, guardianship",,,,,
700,说明,說明,shuōmíng,"explain, illustrate, show",,,,,
701,工业,工業,gōngyè,"industrial, industry",,,,,
702,大量,大量,dàliàng,"det.: any numer of, a great many",,,,,
703,做,做,zuò,"be, become, be used as",,,,,
704,逐渐,逐漸,zhújiàn,"step_by_step, by degrees, gradually",,,,,
705,心理,心理,xīnlǐ,"mental_state, psychology, mentality",,,,,
706,一点,一點,yīdiǎn,det.: a little bit,,,,,
707,供,供,gōng,"supply, feed, be for (the use/convenience of)",,,,,
708,须,須,xū,"must, have to",,,,,
709,简单,簡單,jiǎndān,"terse, casual, commonplace, simple, oversimplified, ordinary, uncomplicated",,,,,
710,运用,運用,yùnyòng,"utilize, wield, apply",,,,,
711,观察,觀察,guānchá,"observe, survey, inspect",,,,,
712,往往,往往,wǎngwǎng,"oftentimes, ofttimes, always, more often than not, frequently, oft, often",,,,,
713,规划,規劃,guīhuà,"plan, program",,,,,
714,减少,減少,jiǎnshǎo,"reduce, decrease",,,,,
715,重新,重新,chóngxīn,"over_again, newly, afresh, anew, again",,,,,
716,业务,業務,yèwù,"service, practice, vocational work, line of work, affair, line, occupation, professional work, business, transaction",,,,,
717,报导,報導,bàodǎo,"report,",,,,,
718,仍然,仍然,réngrán,"still, yet",,,,,
719,感到,感到,gǎndào,"feel, sense",,,,,
720,开放,開放,kāifàng,"open to the world, open to traffic or public use",,,,,
721,领域,領域,lǐngyù,"demesne, line of business, field of operation, country, background, terrain, realm, part, arena, sphere of influence, setting, territory, precinct, radius, scope, domain, sphere, frontier, orbit, preserve, area, world, kingdom, ambit, signory, province, region, field, universe, hemisphere",,,,,
722,有效,有效,yǒuxiào,"run, stand, valid, effective, efficacious, avail, make, hold",,,,,
723,女,女,nǔ,"girl, female, woman, neodymium, hen, daughter, beaver, creature",,,,,
724,要,要,yào,"want/wish (to), ask (for)",,,,,
725,从事,從事,cóngshì,"engross, have, join, treat, plow, handle, follow, embark, undertake, attend_to, attack, occupy, absorb, go_into, work, engage, prosecute, go_about, go in for, pursue, be, meddle, embark_on, perform, enter, cover, deal, address, be engaged in, deal with, place, wage",,,,,
726,发挥,發揮,fāhuī,"bring into play, give free rein to, develop (idea/etc.), elaborate",,,,,
727,人才,人才,réncái,"talent, capable person, a talented person, qualified personnel, a person of ability",,,,,
728,反而,反而,fǎnér,"conj.: on the contrary, instead",,,,,
729,行政,行政,xíngzhèng,administration,,,,,
730,银行,銀行,yínháng,"jug, depository financial institution, bank building, banking company, banking concern, bank",,,,,
731,公共,公共,gōnggòng,"common, commonly, publicly, public, communal",,,,,
732,媒体,媒體,méitǐ,"mass media, media, medium",,,,,
733,提高,提高,tígāo,"raise, heighten, enhance, increase, improve",,,,,
734,代,代,dài,"period, generation",,,,,
735,自然,自然,zìrán,"naturally, of course, in ordinary course of events",,,,,
736,社区,社區,shèqū,community,,,,,
737,力量,力量,lìliàng,"fibre, strength, potency, ability, guts, kick, cogency, point, dint, energy, mightiness, physical strength, demon, force, punch, whiz, tooth, might, forcefulness, exercise, fiber, powerfulness, lift, pith, leverage, agency, push, muscle, power",,,,,
738,啊,啊,ā,"indicating elation, indicating doubt or questioning, indicating puzzled surprise, indicating agreement/approval",,,,,
739,教育部,教育部,jiàoyūbù,"Education, Ministry of Education, Department of Education, Education Department",,,,,
740,愈,愈,yū,the more...,,,,,
741,超过,超過,chāoguò,"overpass, overreach, outwalk, outstrip, overstep, outmarch, distance, pass, overstride, outpace, overtop, surpass, crown, exceed, overtake, preponderate, overrun, top, outrun, go_over, transcend, outrange, transgress, go past, break, excess, overhaul, overshine",,,,,
742,维持,維持,wéichí,"keep, preserve",,,,,
743,家长,家長,jiāzhǎng,"masterman, housemaster, graybeard, patriarch, parent of schoolchildren, patriarchal, goodman, patriarchate, paterfamilias, the head of a family, genearch, patriarchy, householder, head of household, the parent or guadian of a child",,,,,
744,结合,結合,jiéhé,"combine, unite, integrate, link, be joined in wedlock",,,,,
745,校长,校長,xiàozhǎng,"prexy, head, principal, headteacher, schoolmaster, master, warden, president, beak, rector, superintendent, director, head teacher, preceptor, headmaster, chancellor, school principal",,,,,
746,通常,通常,tōngcháng,"normal, commonly, customarily, more often than not, general, usual, on average, as a rule, ordinarily, mostly, as usual, typically, generally, normally, by and large, unremarkably, on the average, usually",,,,,
747,缺乏,缺乏,quēfá,"be short of, lack",,,,,
748,委员,委員,wěiyuán,"commissar, committee man, committee, committee member, commissioner, committeeman, delegate, board member, commissary",,,,,
749,特色,特色,tèsè,"motif, a character, a characteristic, manner, trait, differentiation, flavor, colour, singularity, distinction, characteristic, hue, stripe, physiognomy, a distinguishing feature, idiom, specialty, character, difference, particular, distinguishing feature, distinguishing feature/quality, salience, coloration, distinguishing quality, specific, feature, peculiarity, artistic st",,,,,
750,结果,結果,jiéguǒ,finally,,,,,
751,有时,有時,yǒushí,"now and then, at times, betweentimes, from time to time, sometimes",,,,,
752,教师,教師,jiàoshī,"beak, don, school teacher, schoolman, teacher, schoolmaster, preceptor, professor, pedagogue, schoolteacher, coach, master, instructor, educator, preceptorship",,,,,
753,之前,之前,zhīqián,"before, prior to, ago",,,,,
754,远,遠,yuǎn,"far, distant (lit./fig.)",,,,,
755,控制,控制,kòngzhì,"control, dominate, command",,,,,
756,本,本,běn,m.[general],,,,,
757,否则,否則,fǒuzé,"conj.: otherwise, if not, or else",,,,,
758,法,法,fǎ,"law, method, way, mode, standard, model, legalists, Legalist School, Buddhist doctrine, dharma, magic arts",,,,,
759,少,少,shǎo,"lack, be deficient, lose, be missing",,,,,
760,原则,原則,yuánzé,"god, rule, formula, regulation, principle, fundamental, axiom, basis, linguistic rule, faith, principium",,,,,
761,要,要,yào,"demand, request",,,,,
762,脸,臉,liǎn,"map, mug, kisser, puss, visage, snoot, frontispiece, pan, smiler, mazzard, mush, facial, countenance, phiz, figurehead, face, physiognomy, front, human face",,,,,
763,通过,通過,tōngguò,"adopt, pass, carry (motion/legislation)",,,,,
764,建议,建議,jiànyì,"propose, suggest, recommend",,,,,
765,工具,工具,gōngjù,"stock-in-trade, instrumentality, instrument, ministry, hand_tool, escalator, creature, utensil, material, gear, pawn, lobster-joint, cat's-paw, kit, apparatus, tool, appurtenances, paraphernalia, means, wood, tackle, implement, medium, lever, outfit",,,,,
766,作业,作業,zuòyè,"school assignment, work, task, operation, production",,,,,
767,达,達,dá,"lead, attain, extend, amount to, ryke, express, attainment, inform, reach",,,,,
768,节目,節目,jiémù,"item, item (on program), programme, act, telecast, number, program",,,,,
769,智慧,智慧,zhìhuì,"lore, sapiency, sconce, wit, intelligence, gumption, savvy, wiseness, soundness, wisdom, grey_matter, sapience",,,,,
770,来自,來自,láizì,"come from, originate from, come, stem/originate from, attach_to, stem, come/stem/originate from, hail",,,,,
771,而,而,ér,conj.: and,,,,,
772,变化,變化,biànhuà,"change, transformation",,,,,
773,同样,同樣,tóngyàng,"same, equal, similar",,,,,
774,形式,形式,xíngshì,"circumstance, form, kind, modality, reading, interpretation, variety, shape, embodiment, species, mode, version, sort",,,,,
775,站,站,zhàn,to stand,,,,,
776,以为,以為,yǐwéi,"imagine, think/believe/consider erroneously, treat, deem, believe, suspect, suppose, consider erroneously, repute, animadvert, esteem, trow, speak up, feel, count, believe/consider erroneously, calculate, view as, guess, ween, look, expect, think erroneously, think, hold, opine, interpret, sound off, take_for, consider, take for",,,,,
777,健康,健康,jiànkāng,"healthy, sound",,,,,
778,担任,擔任,dānrèn,"hold the post of, take charge of, assume, take_charge, fill, shoulder, adopt, skipper, assume the office of, assume office of, act_as, take, act as, play, undertake, take over, take on",,,,,
779,人口,人口,rénkǒu,population,,,,,
780,规划,規劃,guīhuà,"program, plan",,,,,
781,刚,剛,gāng,"exactly, only a short while ago, just now, barely, only just, just",,,,,
782,特殊,特殊,tèshū,"exceptional, special, particular; peculiar, distinctive",,,,,
783,原来,原來,yuánlái,"originally, formerly",,,,,
784,道,道,dào,"say, speak, talk, think, suppose",,,,,
785,分,分,fēn,"separate, distinguish, differentiate, discriminate",,,,,
786,传统,傳統,chuántǒng,"rule, patrimony, legacy, custom, heritage, convention, conventionality, routine, normal practice, common practice, tradition",,,,,
787,总是,總是,zǒngshì,always,,,,,
788,前往,前往,qiánwǎng,"depart, cruise, go_to, go, leave, go to, proceed to, pay, seek, leave for",,,,,
789,投资,投資,tóuzī,investment,,,,,
790,加强,加強,jiāqiáng,"strengthen, augment, reinforce",,,,,
791,不断,不斷,búduàn,"unceasingly, continuously",,,,,
792,对象,對象,duìxiàng,"boy/girl friend, mate, fair game, boy friend, prey, boy, object, quarry, target, girl friend, catch, match",,,,,
793,追求,追求,zhuīqiú,"seek, pursue, woo, court",,,,,
794,加上,加上,jiāshàng,conj.: in addition (to),,,,,
795,比,比,bǐ,"compare, contrast, emulate, draw analogy",,,,,
796,思考,思考,sīkǎo,"ponder over, reflect on",,,,,
797,制作,製作,zhìzuò,"make, manufacture",,,,,
798,台北市,台北市,táiběishì,capital of Republic of China on Taiwan,,,,,
799,取得,取得,qǔdé,"gain, acquire, obtain",,,,,
800,出来,出來,chūlái,"come forward, issue, come up, step up, step to the fore, out (toward one), come_out, pop out, come out, rise, come to the fore, step forward, emergence, come forth, emerge",,,,,
801,加入,加入,jiārù,"join, accede to",,,,,
802,台,台,tái,short for Taiwan,,,,,
803,安排,安排,ānpái,"arrange, plan, fix up, provide (meals/etc.)",,,,,
804,儿童,兒童,értóng,"kid, nipper, enfant, tyke, youngster, small fry, minor, shaver, nestling, tike, child, chit, fry, children, infant, tiddler, small-fry",,,,,
805,国中,國中,guózhōng,"middle school, junior high school",,,,,
806,范围,範圍,fànwéi,"demesne, latitude, shot, compass, extensity, panorama, parameter, boundary, arena, stretch, territory, radius, spectrum, scope, extension, sphere, orbit, circumscription, limits, purview, grasp, extent, region, space, limit, hemisphere, horizon, envelope, bounds, realm, terrain, tether, sphere of influence, range, circuit, domain, precinct, reach, area, length, spread, bailiwick, ambit, con",,,,,
807,老人,老人,lǎorén,"oldster, ancient, old woman, crock, one's aged parents or grandparents, old man/woman, one's aged parents/grandparents, Sir, old person, gaffer, pop, one's aged parents, the aged/old, old_man, senior_citizen, oldie, greybeard, old man, graybeard, old, grandparents, the old, the aged, senior citizen, old_boy, old boy, woman, old-timer, old man or woman, one's aged grandparents",,,,,
808,双方,雙方,shuāngfāng,"both, the two parties, two parties, both sides",,,,,
809,它,牠,tā,it (animal),,,,,
810,北京,北京,běijīng,"capital of Red China, Beijing, Peking, Beijing (Peking), Peiping",,,,,
811,年轻,年輕,niánqīng,"junior, young",,,,,
812,结束,結束,jiéshù,"end, close, conclude",,,,,
813,教,教,jiāo,teach,,,,,
814,程式,程式,chéngshì,"formula, instruction, computer programme, pattern, form, modality, subprogram, routine, programme, course, function, subroutine, procedure, mode, order, sequence, computer program, program",,,,,
815,妇女,婦女,fùnǔ,"feme, womankind, female, femininity, cummer, woman, femme, quean, bevy, matron, toots, womanhood, feminine, womenfolk, women",,,,,
816,找到,找到,zhǎodào,"light upon, find, discover, run_down, founded, regain, strike, come upon, come across, run down, trace, turn_up, happen upon, get, chance on, chance upon",,,,,
817,彼此,彼此,bǐcǐ,"each other, one another, I/me too",,,,,
818,全球,全球,quánqiú,"global, whole world",,,,,
819,成本,成本,chéngběn,cost,,,,,
820,回到,回到,huídào,"remount, retour, recur, turn back, regress, regain, revert, go_back, return to, return, go back to",,,,,
821,部,部,bù,m.[general],,,,,
822,而已,而已,éryǐ,particle: imparting finality (that's all),,,,,
823,之下,之下,zhīxià,"under the condition of, under, beneath, below",,,,,
824,等,等,děng,wait,,,,,
825,变,變,biàn,"change, transform",,,,,
826,期间,期間,qíjiān,"length, period, time period, amount of time, duration, course, interim, period of time, time, standing, chapter, tract, space, term, streak, efflux",,,,,
827,非,非,fēi,not,,,,,
828,小姐,小姐,xiǎojiě,"Signorina, Senorita, senorita, signorina, young_lady, damosel, Dona, mum, young lady, damoiselle, missy, tootsy, demoiselle, damsel, Miss, Fraulein, miss, sheila, sister, toots, senhorita, damozel, Ladyship, ladyship, Mademoiselle, mademoiselle",,,,,
829,整体,整體,zhěngtǐ,"integrity, allness, entirety, integer, integral, monolith, entireness, ensemble, wholeness, entire, tout ensemble, whole, totality, unity",,,,,
830,采用,採用,cǎiyòng,"invoke, admit, assume, adoptive, use, adopt, select for use, embrace, accept, employment, take, introduce, take up, take_on, take over, take on, borrow, employ, adoption",,,,,
831,根本,根本,gēnběn,"at all, utterly",,,,,
832,叫,叫,jiào,to be called,,,,,
833,欧洲,歐洲,ōuzhōu,Europe,,,,,
834,正在,正在,zhèngzài,"course of, be, be in process",,,,,
835,加以,加以,jiāyǐ,handle; treat (used before polysyllabic verbs or verbal nouns),,,,,
836,充满,充滿,chōngmǎn,"swarm, be brimming, inhabit, be brimming with, teem, crawl, fill, lard, pullulate with, brim, be permeated with, bathe, be filled with, permeated with, abound in, implement, exuberate, fill up, flow, abound, burst, perfuse, foam, bristle, crackle, inform, pervade, be imbued with, simmer, glut, teem in, permeate, congest, be full of, reek, charge, suffuse, pullulate, overfill, swell",,,,,
837,系列,系列,xìliè,"succession, set, spectrum, course, train, series",,,,,
838,随着,隨著,suízhe,"along with, in the wake of, in pace with",,,,,
839,早,早,zǎo,"early, long ago, in advance, beforehand, prematurely",,,,,
840,等等,等等,děngděng,"conj.: and so on, etc",,,,,
841,颇,頗,pǒ,"pretty, quite an, very, quite, jolly, fearfully, quite a, molto, middling, considerably, greatly",,,,,
842,不足,不足,bùzú,"not be enough, not be worth (doing sth.), cannot, should not",,,,,
843,总,總,zǒng,"always, invariably, anyway, after all, inevitably, sooner or later",,,,,
844,分析,分析,fēnxī,analyze,,,,,
845,深,深,shēn,"deepen, penetrating, profound, deep, dark",,,,,
846,报告,報告,bàogào,"report, speech, (student) term paper",,,,,
847,不错,不錯,búcuò,"not bad, pretty good;correct, right",,,,,
848,在于,在於,zàiyū,"be at, on, lie, in, depend on, lie_in, rest with, lie in, be determined by, consist_in, consist in",,,,,
849,旁,旁,páng,"side, by the side of, other",,,,,
850,笑,笑,xiào,"smile, laugh",,,,,
851,故,故,gù,"conj.: hence, so, therefore, as a result",,,,,
852,消费者,消費者,xiāofèizhě,"customer, buyer, consumer",,,,,
853,意识,意識,yìshì,"consciousness, witting, sensibility, conscious, conscience, ideology, awareness, subconscious, mentality",,,,,
854,公尺,公尺,gōngchǐ,m.[standard],,,,,
855,民族,民族,mínzú,"tribe, citizenry, ethnos, ethnic minority/group, race, nationality, group, Volk, nation, folk, people, ethnic group, ethnographer, family, ethnic minority",,,,,
856,为主,為主,wéizhǔ,give first place to,,,,,
857,大众,大眾,dàzhòng,"the broad masses, roughscuff, the public, herd, concourse, commonality, riffraff, masses, commonness, the masses, throng, multitude, commonage, commonalty, plebeian, plebs, horde, the people/masses, community, the people, million, mass, public",,,,,
858,到底,到底,dàodǐ,"to the end, at last, after all",,,,,
859,愿,願,yuàn,"will, wish, may, desire",,,,,
860,度,度,dù,m.[activity],,,,,
861,大概,大概,dàgài,"chiefly, if not, perchance, approximately, believably, maybe, presumably, plausibly, almost, conceivably, most likely, assumedly, ablings, likely, perhaps, probably, supposedly, ablins, credibly, assumably, belike",,,,,
862,对方,對方,duìfāng,"other party, the other party, fellow, party, other side, adversary, other side/party",,,,,
863,官员,官員,guānyuán,"beg, official, mandarinate, administrative official, office-bearer, officer, bureaucrat, placeman, federal agent, government officials, agent, officialism, functionary, director, officeholder, officialdom, myrmidon",,,,,
864,发表,發表,fābiǎo,"voice, enounce, enunciate, publish, free, sound, announce, pronounce, deliver, circulation, put_out, release, issue, vend, circularize, give, give_out, denote, present, circulate, publicize, blazon, promulgate, mouth",,,,,
865,进一步,進一步,jìnyībù,go step further,,,,,
866,自由,自由,zìyóu,"free, unrestrained",,,,,
867,正确,正確,zhèngquè,"correct, true, exact, proper, right",,,,,
868,丰富,豐富,fēngfù,"rich, abundant, plentiful",,,,,
869,国民党,國民黨,guómíndǎng,"Kuomintang, Nationalist Party, Kuomintang (KMT)",,,,,
870,战争,戰爭,zhànzhēng,"war, warfare",,,,,
871,怎么样,怎麼樣,zěnmeyàng,How are things?,,,,,
872,只好,只好,zhǐhǎo,"can only, have no choice but, have to, be forced to",,,,,
873,明显,明顯,míngxiǎn,"clear, obvious",,,,,
874,改革,改革,gǎigé,reform,,,,,
875,表达,表達,biǎodá,"express, convey, voice",,,,,
876,肯定,肯定,kěndìng,"affirm, approve, regard as positive",,,,,
877,强,強,qiáng,"strong, powerful, vigorous, better, slightly more than, plus",,,,,
878,高兴,高興,gāoxìng,"glad, happy, cheerful, merry, pleased",,,,,
879,哪,哪,nǎ,det.: which,,,,,
880,树,樹,shù,"wood, Ruptiliocarpon caracolito, tree, arbor, Surname, caracolito",,,,,
881,适合,適合,shìhé,"qualify, conform, fit, go, befit, quadrate, will, accord, tailor, beseem, serve, comport, gee, answer, become, fit_in, service, pertain, like, accommodate, agree, belong, characterize, make, suit, match",,,,,
882,茶,茶,chá,tea,,,,,
883,别,別,bié,don't,,,,,
884,国外,國外,guówài,overseas,,,,,
885,关心,關心,guānxīn,be concerned about,,,,,
886,苏联,蘇聯,sūlián,"Russia, Soviet, USSR, Soviet Union",,,,,
887,成绩,成績,chéngjī,"execution, carrying into action, achievement, result, showing, carrying out, performance, grade, success, doing, batting average",,,,,
888,人物,人物,rénwù,"character, persona, original, spirit, figure painting, character in literature, figure, person in literature, person, fish, personage, personality",,,,,
889,听到,聽到,tīngdào,hear,,,,,
890,创造,創造,chuàngzào,"create, produce, bring about",,,,,
891,不必,不必,búbì,"need not, not have to",,,,,
892,不论,不論,búlùn,conj.: no matter how/who/what/etc.,,,,,
893,尚,尚,shàng,"still, yet, fairly, rather",,,,,
894,居民,居民,jūmín,"municipality, population, citizen, denizen, townie, people, dweller, populace, residenter, resident, towny, inhabitant, habitant, liver",,,,,
895,不管,不管,bùguǎn,"conj.: no matter, regardless of",,,,,
896,美丽,美麗,měilì,beautiful,,,,,
897,伊拉克,伊拉克,yīlākè,"Al-Iraq, Iraq, Irak",,,,,
898,带来,帶來,dàilái,"bring, redound, impart, bring_on, bring on, express, fetch, lend, convey, contribute, bring about, bestow, carry, bring oneself, add, usher, incur, land",,,,,
899,有,有,yǒu,there is/are,,,,,
900,般,般,bān,"way, kind, variety, sort",,,,,
901,永远,永遠,yǒngyuǎn,"e'er, always, for_good, evermore, ever, forever",,,,,
902,感情,感情,gǎnqíng,"warmheartedness, reticence, sensation, affection, susceptibility, feeling, feelings, heart, affective, withers, expression, tenderness, emotion, sentiment, fondness, soul, affectionateness, soulfulness, passion",,,,,
903,儿子,兒子,érzi,"son, male offspring, boy",,,,,
904,这样子,這樣子,zhèyàngzi,"so, such, like this, this way",,,,,
905,起,起,qǐ,[aspect],,,,,
906,全部,全部,quánbù,"lot, aggregate, all, gross, entirety, allness, shebang, caboodle, complete, bunch, sum, total, gamut, entire, det.: all, totality, whole, everything",,,,,
907,回家,回家,huíjiā,return home,,,,,
908,独立,獨立,dúlì,stand alone,,,,,
909,英国,英國,yīngguó,"Britain, Great_Britain, England, chapel, Great Britain, English, UK, reeve, John_Bull",,,,,
910,投资,投資,tóuzī,invest,,,,,
911,理论,理論,lǐlùn,theory,,,,,
912,面临,面臨,miànlín,"have, face, confront, envisage, flank, present, be faced with, be up against, bide, meet",,,,,
913,选手,選手,xuǎnshǒu,"participant, basketeer, athlete selected for a sports meet, basketball player, jock, contestant, cap, cager, athlete, player, champ, performer, player selected as contestant",,,,,
914,分钟,分鐘,fēnzhōng,m.[standard],,,,,
915,内部,內部,nèibù,"entrails, bowel, interior, inner, within, bosom, inside, innards, internal, inward",,,,,
916,西方,西方,xīfāng,"the Occident, West, New World, occidental, westward, west, the West, the west, Hesperian, occident, Western, sunset, western hemisphere, western",,,,,
917,人家,人家,rénjiā,"I (used by females), dwelling, I, sb. else, sb. else's house, family, household",,,,,
918,准备,準備,zhǔnbèi,"prepare, get ready",,,,,
919,眼睛,眼睛,yǎnjīng,eye,,,,,
920,如,如,rú,"conj.: if, supposing",,,,,
921,眼,眼,yǎn,"eye, small hole, aperture, salient/weighted point, salient/weighted point",,,,,
922,离开,離開,líkāi,"leave, depart/deviate from",,,,,
923,竞争,競爭,jìngzhēng,competition,,,,,
924,专利,專利,zhuānlì,patent,,,,,
925,成果,成果,chéngguǒ,"product, achievement, outcome, gain, production, fruit, positive result, progeny, job",,,,,
926,活,活,huó,"alive, live, vivid, save (sb.'s life), activate, save, be",,,,,
927,心情,心情,xīnqíng,"cognitive state, cue, frame of mind, form, stomach, pulse, humor, feeling, temper, state of mind, cheer, humour, frame/state of mind, mood, vein, spirit, feelings, frame, frame_of_mind, habit of mind, mind, tune",,,,,
928,介绍,介紹,jièshào,"introduce, present, recommend, suggest, let know, brief",,,,,
929,现场,現場,xiànchǎng,"scene (of an incident), location, site, locale, scene of a crime, locality, live, scene, spot, field",,,,,
930,突然,突然,túrán,"suddenly, presto, unexpectedly, abruptly, at once, all_at_once, all together, all of a sudden, all at once",,,,,
931,客户,客戶,kèhù,"clientage, custom, customer, client, business, patronage, clientele",,,,,
932,间,間,jiān,"locality, room",,,,,
933,印象,印象,yìnxiàng,"effect, mark, impress, embossment, impressional, image, imprint, engram, sound, intuition, impression",,,,,
934,花,花,huā,"spend, expend, cost",,,,,
935,海,海,hǎi,"water, foam, bottom, main, huge group of people, Surname, sea catfish, the sea, sea, mare, drink, fishpond, briny, great capacity, Neptune, billow, huge group of things, depth, waters, pond, wave, brine, big lake",,,,,
936,真正,真正,zhēnzhèng,"genuine, true, real",,,,,
937,保持,保持,bǎochí,"keep, maintain, preserve",,,,,
938,时期,時期,shíqí,"epoch, season, date, period_of_time, phase, day, occasion, estate, period, length, period (of time), phase angle, stage, conjuncture, chapter, times, era, leg, guardianship",,,,,
939,层,層,céng,m.[proximation],,,,,
940,保持,保持,bǎochí,"keep, maintain, preserve",,,,,
941,方便,方便,fāngbiàn,convenient,,,,,
942,帮助,幫助,bāngzhù,"aid, bridge_over, help, bestead, bring_on, tide_over, serve, support, facilitate, accommodate, carry_through, assist, administer, attend_to, assistance, befriend, further, favour",,,,,
943,基础,基礎,jīchǔ,"base, foundation",,,,,
944,个人,個人,gèrén,"individual person, man_jack, personal, individual (person), man jack, individual, individuality, identity",,,,,
945,新竹,新竹,xīnzhú,Hsin Chu(city in Taiwan),,,,,
946,李,李,lǐ,"plum, Lee, Surname, Li",,,,,
947,生,生,shēng,"give birth to, bear, grow, get, have, cause to happen, make (a fire), exist, live",,,,,
948,图书馆,圖書館,túshūguǎn,library,,,,,
949,她们,她們,tāmen,they (female),,,,,
950,美元,美元,měiyuán,m.[standard],,,,,
951,读,讀,dú,"study, read, attend school, take, read aloud, read (aloud), peruse",,,,,
952,以来,以來,yǐlái,since,,,,,
953,或许,或許,huòxǔ,"possibly, in all probability, peradventure, conceivably, mayhap, likely, perhaps, perchance, probably, maybe, haply, in all likelihood, belike",,,,,
954,课,課,kè,"subject, course, class",,,,,
955,病人,病人,bìngrén,"shut-in, patient, subject, sufferer, case, valetudinarian, invalid",,,,,
956,实验,實驗,shíyàn,"experiment, test",,,,,
957,有时候,有時候,yǒushíhòu,"from time to time, on_occasion, occasionally, somewhile, otherwhile, now and again, sometimes, now and then, at times, on occasion, whiles, once in a while",,,,,
958,办理,辦理,bànlǐ,"handle, manage, attend, conduct, enact, transact, transaction",,,,,
959,部门,部門,bùmén,"category, section, department, service, instrumentality, branch, realm, sector, ministry, province, divisional, classification, departmental, division",,,,,
960,类似,類似,lèisì,"analogize, conform, analogic, be similar to, resemble, similar, analogous",,,,,
961,广告,廣告,guǎnggào,advertisement,,,,,
962,送,送,sòng,"accompaniment, escort, see sb. off, see sb. off/out, to dispatch, see ... off, accompany, to deliver, send, direct, serve, guide, give as a present, deliver, see sb. out, see, lead, see ... out, conduct, give, to send, carry, delivery, carriage, take, hospitalize",,,,,
963,够,夠,gòu,be enough/sufficient/adequate,,,,,
964,新加坡,新加坡,xīnjiāpō,Singapore,,,,,
965,担心,擔心,dānxīn,"worry, feel anxious",,,,,
966,商业,商業,shāngyè,"business enterprise, commercial, people, mercantilism, commercial pursuit, commercial enterprise, business sector, merchantry, trade, mercantile pursuit, business, commerce",,,,,
967,掌握,掌握,zhǎngwò,"take ... into one's hands, know well, master, have in hand, grasp, command, possess, control",,,,,
968,两岸,兩岸,liǎngàn,"both sides of a river, both sides of the Taiwan Straits (I.e., Chinese Mainland and Taiwan)",,,,,
969,门,門,mén,"door, gate",,,,,
970,方案,方案,fāngàn,"formula, plan, scheme, projection, programme, proposal, schema, strategy, project, design, program",,,,,
971,至少,至少,zhìshǎo,"leastwise, leastways, at (the) least, at_least, only, fully, even a little, at least, at any rate, in the least, at least, at the least",,,,,
972,看法,看法,kànfǎ,"side, view, mentality, idea, outlook, a way of looking at a thing, opinion, thought, sight, standpoint, hypothesis, attitude, hobbyhorse, viewpoint, possibility, theory, slant, pronouncement, way of looking at sth., thinking, supposition, supposal",,,,,
973,原本,原本,yuánběn,"originally, formerly",,,,,
974,措施,措施,cuòshī,"measure, demarche, corrective, move, step",,,,,
975,表现,表現,biǎoxiàn,"show, display, show off",,,,,
976,社团,社團,shètuán,"gild, college, lodge, association, organization, club, body of persons, society, mass organization, order, league, guild, confraternity, corporation",,,,,
977,九,九,jiǔ,det.: nine,,,,,
978,展开,展開,zhǎnkāi,"spread out, unfold, open up, launch, develop",,,,,
979,如,如,rú,"be like, measure up to",,,,,
980,博士,博士,bóshì,"Ph.D, master of any trade/craft, master of any craft, Dr., holder of doctoral degree, master of any trade, Erudite, doctoral, Doctor_of_Philosophy, Ph.D., court academician, craft, ""Erudite"", Doctor of Philosophy, doctor",,,,,
981,道路,道路,dàolù,"track, path, runway, steps, route, course, toby, road, thoroughfare, way",,,,,
982,竟,竟,jìng,unexpectedly,,,,,
983,项目,項目,xiàngmù,"event, head, item, particular, article, point, specific, entry, listing, clause, project",,,,,
984,需,需,xū,need,,,,,
985,学院,學院,xuéyuàn,"seminary, college, school, hall, institute, academy, faculty",,,,,
986,代表,代表,dàibiǎo,"represent, indicate",,,,,
987,同意,同意,tóngyì,"agree, consent, approve",,,,,
988,原住民,原住民,yuánzhùmín,aborigine,,,,,
989,策略,策略,cèluè,"coup, resource, enginery, wile, stratagem, gambit, practice, plant, diplomacy, artifice, trap, twist, tactical manoeuver, policy, game, mechanism, game plan, ambush, chicanery, finesse, lying in wait, maneuvering, joker, tactics, gimmick, manoeuvering, plan, device, art, tactical maneuver, maneuver, measure, play, tactic, manoeuvre, mechanics, tack, ambuscade, trickery, strategy, setup, r",,,,,
990,白,白,bái,"white, clear, pure, plain, wrongly written/mispronounced,",,,,,
991,平均,平均,píngjūn,average,,,,,
992,所,所,suǒ,"place, office, bureau, institute",,,,,
993,靠,靠,kào,depend/rely on,,,,,
994,互相,互相,hùxiāng,"mutual, each other, mutually, one another, reciprocally",,,,,
995,地位,地位,dìwèi,"station, estate, importance, appointment, character, footing, capacity, chair, estate of the realm, level, situation, status, standing, position, spot, connection, space, sphere, quality, place, condition",,,,,
996,体育,體育,tǐyù,"training, physical education, athletics, sports, gymnastic, physical_education, physical training, physical culture, physical education/training, gym",,,,,
997,样,樣,yàng,m.[kind],,,,,
998,亚洲,亞洲,yǎzhōu,"Orient, Asian, Asia",,,,,
999,采取,採取,cǎiqǔ,"operate, assume, adopt, accept, strike, take, take up, take over, borrow",,,,,
1000,日,日,rì,m.[standard],,,,,
1001,毕业,畢業,bìyè,"graduate, finish school",,,,,
1002,相同,相同,xiāngtóng,"be identical/alike, uniform, be identical, overlap, alike, identical, be alike",,,,,
1003,欣赏,欣賞,xīnshǎng,"appreciate, enjoy, admire",,,,,
1004,法律,法律,fǎlù,"constitution, juridical, legal, jus, judiciary, statute law, law, codex, legislation, jurisprudence, lex, code, Themis, statute, judicial, practice of law, prescript, forensic, natural law",,,,,
1005,词,詞,cí,"vocable, words, phrase, a kind of poetry originating in Tang dyn, statement, a form of classical poetry, part of speech, speech, Ci, Chinese poetry, term, word",,,,,
1006,大型,大型,dàxíng,large-size (machines/factories/etc.),,,,,
1007,中华,中華,zhōnghuá,"the Chinese nation, China",,,,,
1008,台大,台大,táidà,"National Taiwan University, National Taiwan University Hospital",,,,,
1009,意思,意思,yìsī,"significance, token of infection, intention, interest, idea, trace, meaning, thought, opinion, substance, etc., import, a token of appreciation/etc., indirect request, wish, a token of affection, desire, appreciation, fun, signification, gratitude, sense, hint, a token of affection/appreciation/etc., suggestion, mind, intent",,,,,
1010,在一起,在一起,zàiyīqǐ,be togather,,,,,
1011,系,係,xì,be,,,,,
1012,持续,持續,chíxù,"perennate, hang on, carry_over, persist, steady, keep, carry over, keep on, proceed, stretch, carry_on, retain, sustain, persevere, continuity, endure, stay, continue, hang in, hold, maintain, run, span, go on, run for, last, go along, exist, hold on",,,,,
1013,群,群,qún,m.[general],,,,,
1014,慢慢,慢慢,mànmàn,slowly; gradually,,,,,
1015,高雄,高雄,gāoxióng,"Kaohsiung, a city in Taiwan, Gaoxiong, Kaohsiung(a city in Taiwan)",,,,,
1016,制造,製造,zhìzào,"make, manufacture, engineer, create, fabricate",,,,,
1017,医疗,醫療,yīliáo,"treat, cure",,,,,
1018,邀请,邀請,yāoqǐng,invite,,,,,
1019,满足,滿足,mǎnzú,"fulfill, fit, cope with, fill, be satisfied/contented, gloat, contented, arrive, be satisfied, satisfy, sate, gratify, serve, meet, appease, replete, supply, satisfied, fulfill, suffice, assuage, satiate, content, be contented, conform to, suit, match",,,,,
1020,速度,速度,sùdù,"pacing, wings, rate, quickness, fastness, velocity, swiftness, lick, pace, rapidity, speed, career, tempo",,,,,
1021,重点,重點,zhòngdiǎn,"taproot, accent, emphasis, focal point, point, keystone, hinge, salient point, stress, gravity",,,,,
1022,保存,保存,bǎocún,"preserve, conserve, keep",,,,,
1023,评估,評估,pínggū,"estimate, evaluate",,,,,
1024,限制,限制,xiànzhì,restrictiveness,,,,,
1025,符合,符合,fúhé,"fulfil, conform, fit, tally with, fill, come_up_to, cohere, satisfy, accord, coincide, assort, equate, answer, tally, consist, meet, be in keeping with, chime_in, fulfill, look, accord/tally with, relate, chime, live up to, square, accord with, conform to, correspond",,,,,
1026,利益,利益,lìyì,"privilege, profit, vantage, favor, interest, behoof, account, goodness, gain, increment, avail, boon, plus, commodity, lucre, advantage, stead, boot, benefit, welfare, good, asset, behalf, percentage, stake, favour",,,,,
1027,组成,組成,zǔchéng,"form, make up (into), compose",,,,,
1028,检查,檢查,jiǎnchá,"check, inspect, examine",,,,,
1029,看见,看見,kànjiàn,"seeing, behold, see, descry, show, perceive, lay eyes on, lamp, spy, show up, sight, catch sight of, catch sight of",,,,,
1030,了解,瞭解,liǎojiě,"understand, comprehend, find out, acquaint oneself with",,,,,
1031,立刻,立刻,lìkè,"in a short time, at_once, promptly, offhand, at once, anon, instantly, straightway, now, slapbang, pronto, right_away, immediately, without delay, right away, forthwith, presto, at a time, before long, in a minute, swith, directly, in no time, incontinent, subito, without_delay, in real time, shortly, tout-de-suite, away, soon, presently, in a few seconds, very fast, chop-chop, at o",,,,,
1032,女儿,女兒,nǔér,"daughter, girl",,,,,
1033,数,數,shù,det.: several,,,,,
1034,上课,上課,shàngkè,"attend class, go to class;give lesson/lecture",,,,,
1035,整合,整合,zhěnghé,integrate,,,,,
1036,更多,更多,gèngduō,det.: more,,,,,
1037,唯一,唯一,wéiyī,"sole, one and only, only, unique",,,,,
1038,人数,人數,rénshù,number of people,,,,,
1039,的确,的確,díquè,"certainly, surely",,,,,
1040,主题,主題,zhǔtí,"motif, lemma, musical theme, theme, thesis, idea, literary argument, argument, motive, leitmotiv, matter, subject_matter, keynote, issue, subject, topic, mythos, melodic theme",,,,,
1041,用户,用戶,yònghù,"customer, subscriber, enjoyer, user, consumer",,,,,
1042,快速,快速,kuàisù,"expeditious, high-speed, fast, rapid, clip",,,,,
1043,设施,設施,shèshī,"installation, facilities",,,,,
1044,文学,文學,wénxué,"literary, philology, letters, letter, literature",,,,,
1045,步,步,bù,m.[activity],,,,,
1046,那里,那裡,nàlǐ,that place,,,,,
1047,到,到,dào,conj.: to,,,,,
1048,美,美,měi,"beautiful, pretty",,,,,
1049,需要,需要,xūyào,"need, demand",,,,,
1050,失去,失去,shīqù,"desert, shear, outgrow, loss, lost, miss, lose",,,,,
1051,做为,做為,zuòwéi,"excuse, to be as, to look upon as, purport, roof, to take for, to regard as, look on as, regard as, take for",,,,,
1052,复杂,複雜,fùzá,"complicated, complex",,,,,
1053,届,屆,jiè,m.[event],,,,,
1054,作用,作用,zuòyòng,"action, function, effect, intention, motive",,,,,
1055,调整,調整,tiáozhěng,"adjust, readjust, regulate, restructure, balance",,,,,
1056,占,佔,zhàn,"constitute, make up, account for",,,,,
1057,要求,要求,yāoqiú,"demand, request",,,,,
1058,高中,高中,gāozhōng,"senior middle school, senior high school, senior_high_school",,,,,
1059,动作,動作,dòngzuò,"demeanor, motion, behavior, performance, demeanour, play, turn, operation, operative, looseness, agency, gesticulation, movement, gesture, comportment, business, action, move",,,,,
1060,模式,模式,móshì,"example, normal, rule, formula, pattern, form, shape, style, way, mode, convention, fashion, model",,,,,
1061,多,多,duó,"to what degree, how...",,,,,
1062,吸引,吸引,xīyǐn,"engross, arrest, appeal, fascinate, attraction, fetch, draw, transfix, pull in, entrance, pull, enamour, spellbind, enamor, capture, trance, captivate, call, grip, fascination, absorb, bewitch, tempt, becharm, speak_to, fix, engage, catch, rivet, enchant, beguile, charm, seduce, take, enwrap, magnetize, draw in, attract",,,,,
1063,记得,記得,jìde,"come to mind, think back, remember, recollect, recall, rememberance, mind, retain, place, spring to mind, bear in mind",,,,,
1064,卖,賣,mài,"bring, parade, prostitute, make living at, go, sell out, show off, negotiate, exert to the utmost, tout, not spare, deal, betray, make living by, at, sell, make living by/at, betrayal, trade, fetch, market, bring in",,,,,
1065,例,例,lì,"example, instance, precedent, case, rule, regulation",,,,,
1066,推广,推廣,tuīguǎng,"popularize, spread, extend",,,,,
1067,本来,本來,běnlái,"originally, at first, of course",,,,,
1068,具体,具體,jùtǐ,"concrete, specific, particular",,,,,
1069,太太,太太,tàitài,"lady, memsahib, Dona, dona, Mrs, mum, Senora, senora, Mrs., mistress of a household, madam, Frau, goodwife, missus, senhora, married woman, wife, vrouw, Madame, madame, missis, wahine, Signora, signora",,,,,
1070,之中,之中,zhīzhōng,"inside, among, within",,,,,
1071,宗教,宗教,zōngjiào,"theology, community, religious, cult, creed, faith, religion",,,,,
1072,旧,舊,jiù,"old, aged, onetime, bygone, used, worn, past, former",,,,,
1073,反应,反應,fǎnyìng,"reaction, response, repercussion",,,,,
1074,观众,觀眾,guānzhòng,"onlooker, TV audience, attendance, audience, spectator, viewers, followers, crowd, gallery, viewer, following, house, viewing audience",,,,,
1075,立场,立場,lìchǎng,"view, stance, language, stand, ground, capacity, standing, situation, position, perspective, standpoint, stand(point)",,,,,
1076,旅遊,旅遊,lǔyóu,travel,,,,,
1077,因而,因而,yīnér,conj.: consequently,,,,,
1078,理念,理念,lǐniàn,"sense, conception, idea",,,,,
1079,它们,它們,tāmen,"they, they (non-human)",,,,,
1080,上面,上面,shàngmiàn,"surface of, aspect, higher authority, upper side, the higher authorities, on top/surface of, on surface of, top, the higher-ups, top side, upside, on top of, respect, above, on top, regard",,,,,
1081,回,回,huí,"return, go back",,,,,
1082,支,支,zhī,m.[general],,,,,
1083,少年,少年,shàonián,"nipper, covey, early youth (10-16), juvenility, adolescent, youngster, teens, gossoon, boy, boy or girl of early youth, spalpeen, juvenile, callan, callant, shaver, lad, laddie, juvenile person, teenager, stripling, young boy, early youth, younker",,,,,
1084,辅导,輔導,fǔdǎo,"coach, tutor",,,,,
1085,争取,爭取,zhēngqǔ,"strive for, fight for, wrangle, work hard for, contest, go for, strive/fight for, contend, try_for, woo, try for, strive, win over, scramble, do all one can to",,,,,
1086,辅导,輔導,fǔdǎo,"coach, tutor",,,,,
1087,想到,想到,xiǎngdào,"imagine, ideate, think, envisage, anticipate, bethink, dream, recollect, think_of, call to mind, think of, occur, conceive of",,,,,
1088,可能,可能,kěnéng,"possible, probable",,,,,
1089,尊重,尊重,zūnzhòng,"respect, value, esteem",,,,,
1090,替,替,tì,"for, on behalf of",,,,,
1091,地点,地點,dìdiǎn,"location, site, locale, locality, topographic point, point, venue, spot, situs, land site, place, locus",,,,,
1092,何,何,hé,"det.: which, what",,,,,
1093,党,黨,dǎng,"section, Dang, political party, CCP, KMT, Ku_Klux_Klan, clique, The Party, party, tong, kinsfolk, the Party, faction, gang",,,,,
1094,进步,進步,jìnbù,"progress, advance, improve",,,,,
1095,欲,欲,yū,"choose, wish, care, want, desire, incline, propose",,,,,
1096,危机,危機,wéijī,"ambush, clutch, climacteric, crisis, precipice, hump, conjuncture, juncture, sharpness, gravity, edge",,,,,
1097,正常,正常,zhèngcháng,"normal, regular",,,,,
1098,角度,角度,jiǎodù,"aspect, perspective, degree, arcdegree, point of view, angle",,,,,
1099,尚未,尚未,shàngwèi,"as yet, til now, heretofore, yet, thus far, so far, until now, up to now, hitherto, not_yet, not yet",,,,,
1100,院长,院長,yuànzhǎng,"director/president (of museum/institute/etc.), head of branch of government",,,,,
1101,习惯,習慣,xíguàn,"habit, custom",,,,,
1102,期,期,qí,m.[event],,,,,
1103,环保,環保,huánbǎo,environmental protection,,,,,
1104,交流,交流,jiāoliú,"exchange, interflow, interchange",,,,,
1105,困难,困難,kùnnán,difficult,,,,,
1106,需,需,xū,"need, want, require",,,,,
1107,完整,完整,wánzhěng,"complete, integrated, intact",,,,,
1108,费用,費用,fèiyòng,"tax, cost, expense, expenditure, due, rate, exes, outlay, outgo, fee, terms, toll, price, disbursement, fare, expenses, disbursal, retainer, pay, damage, charge, monetary value, consideration, outgoing",,,,,
1109,完整,完整,wánzhěng,"complete, integrated, intact",,,,,
1110,上述,上述,shàngshù,above-mentioned,,,,,
1111,呈现,呈現,chéngxiàn,"assume, crop out, dish, appearance, show, lay out, present, basset, appear, take_on, emergence, emerge, come forth",,,,,
1112,照顾,照顧,zhàogù,"look after, care for, attend to, patronize (as customer)",,,,,
1113,达成,達成,dáchéng,reach (an agreement),,,,,
1114,批,批,pī,m.[general],,,,,
1115,培养,培養,péiyǎng,"foster, train, develop, culture",,,,,
1116,垃圾,垃圾,lèsè,"leavings, crap, sordes, trumpery, culch, garbage, filth, debris, cultch, sweeping, trashery, raffle, slush, truck, detritus, rubbish, trash, dirt, muck, litter, offscouring, offal, rubble, recrement, dust, rejectamenta, refuse, junk, gook",,,,,
1117,图,圖,tú,"picture, drawing, chart, map",,,,,
1118,扩大,擴大,kuòdà,"enlarge, expand, extend, swell, dilate",,,,,
1119,篇,篇,piān,m.[general],,,,,
1120,比例,比例,bǐlì,"proportional, rate, proportionality, quotient, proportion, proportionment, scale, ratio, balance",,,,,
1121,风格,風格,fēnggé,"plan, signature, idiom, kind, aroma, manner, idiosyncrasy, negligence, style, mode, tone, expressive style, artistic style, touch",,,,,
1122,难以,難以,nányǐ,be difficult to,,,,,
1123,机关,機關,jīguān,"mechanism, stratagem, scheme, intrigue",,,,,
1124,情绪,情緒,qíngxù,"form, pulse, humor, depression, temper, feeling, spirits, monkey, emotion, sentiment, humour, soulfulness, mood, heartbeat, heartstrings, sulks, chord, vein, feelings, emotional state, spirit, frame_of_mind, sentiments, moodiness, emotions, steam, tune, soul",,,,,
1125,劳工,勞工,láogōng,"work_force, navvy, galley slave, manual laborer, labor, mazdoor, peon, proletariat, working class, laborer, worker, workman, industrialist, labour, drudge, workingman, labourer",,,,,
1126,一旦,一旦,yīdàn,"conj.: once, some time or other",,,,,
1127,多媒体,多媒體,duōméitǐ,multi-media,,,,,
1128,求,求,qiú,"seek, try, strive for",,,,,
1129,绝对,絕對,juéduì,"absolutely, definitely",,,,,
1130,资料库,資料庫,zīliàokù,"data bank, database, data base, databank",,,,,
1131,选举,選舉,xuǎnjǔ,election,,,,,
1132,不可能,不可能,bùkěnéng,impossibly,,,,,
1133,马上,馬上,mǎshàng,"in a short time, at_once, instantaneously, promptly, at once, incontinent, in the same breath, directively, instantly, slapbang, pronto, right_away, immediately, shortly, without delay, right away, tout-de-suite, forthwith, presently, in_no_time, at a time, soon, hereupon, in a few seconds, before long, at one time, outright, straightaway, in a minute, directly, momently, in a f",,,,,
1134,说话,說話,shuōhuà,"philosophize, thrum, talk, peach, babble out, speech, articulate, chat, speak, babble, gossip, blab out, sing, address, tattle, blab, mouth, say",,,,,
1135,享受,享受,xiǎngshòu,enjoy,,,,,
1136,工厂,工廠,gōngchǎng,"layout, mill, factory, remuneration, workshop, industrial plant, plant, hacienda, manufactory, works, shop",,,,,
1137,食物,食物,shíwù,"scran, board, ingesta, sustentation, provender, viand, chow, aliment, pabulum, edibles, prog, nurture, cheer, eatable, edible, alimentary, eatables, chowchow, nutrient, diet, bread, trencher, sustenance, nutriment, nosh, nutrition, victuals, cib., vivers, eating, toke, meat, cib, grub, peck, viands, comestible, nourishment, fare, victual, food, commons, fodder, scoff, victualage, muckamuck, ta",,,,,
1138,消息,消息,xiāoxí,"communication, witting, message, item, news, peep, info, intelligence, notice, information, advertisement, tidings, advert, word",,,,,
1139,番,番,fān,m.[event],,,,,
1140,趋势,趨勢,qūshì,"stream, gravitation, tendency, wind, tide, drift, sequel, trend, current, direction, inclination, tendence, momentum, flow",,,,,
1141,房子,房子,fángzi,"building (of less than three stories), room, building, property, house",,,,,
1142,观点,觀點,guāndiǎn,"view, aspect, stand, point_of_view, light, eyes, framework, sentiment, bet, standpoint, point of view, eye, viewpoint, slant, perspective, position, angle",,,,,
1143,购买,購買,gòumǎi,"invest, take, buy, make purchases, go shopping, purchase",,,,,
1144,普遍,普遍,pǔbiàn,"universal, general, widespread, common",,,,,
1145,设立,設立,shèlì,"establish, found",,,,,
1146,差异,差異,chāyì,"gap, departure, spread, variance, divergence, difference, diversity, discrepancy, imparity, disparity, contrast, interval, differentia, distinction",,,,,
1147,差,差,chā,"be short, lack",,,,,
1148,另外,另外,lìngwài,"in addition, moreover, besides",,,,,
1149,统一,統一,tǒngyī,"unify, unite, integrate",,,,,
1150,青年,青年,qīngnián,"young people, adolescent, youngster, springal, boy, youth, youths, stripling, young, hobbledehoy, younker",,,,,
1151,统一,統一,tǒngyī,"unify, unite, integrate",,,,,
1152,行政院,行政院,xíngzhèngyuàn,Executive Yuan,,,,,
1153,规模,規模,guīmó,"magnitude, dimensions, extent, scale, scope",,,,,
1154,股,股,gǔ,m.[general],,,,,
1155,破坏,破壞,pòhuài,"violate, destroy",,,,,
1156,想要,想要,xiǎngyào,"please, wish, like, desire, desirable, desiderate, purport, feel_like, wish well, propose, desired, purpose, direct, want to, feel like, aim, want, calculate",,,,,
1157,换,換,huàn,"adjourn, barter, exchange, commute, reseat, trade, conversion, convert, change",,,,,
1158,选,選,xuǎn,"select, pick, elect, choose, take, pick out, van",,,,,
1159,人力,人力,rénlì,"strength, manpower, resources, manual labor",,,,,
1160,美,美,měi,"America, United States",,,,,
1161,水准,水準,shuǐzhǔn,"level, plane, standard",,,,,
1162,首,首,shǒu,m.[general],,,,,
1163,河川,河川,héchuān,"river and creek, rivers, river",,,,,
1164,文字,文字,wénzì,"writing, phraseology, writing style, language, endearment, script, written language, text, writing phraseology, writing style/phraseology, character, textual, characters, symbolic representation, version, word-sign, literal, letter, word, literalness",,,,,
1165,立即,立即,lìjí,"at_once, off-hand, promptly, at once, down, instantly, directively, straightway, herewith, thereupon, ex tempore, without_delay, pronto, right_away, instant, straight, immediately, in_short_order, right away, instanter, straightaway, in short order, off-the-cuff",,,,,
1166,适当,適當,shìdàng,"beseem, proper, suitable, suit",,,,,
1167,医师,醫師,yīshī,"medico, MD, Aesculapius, physician, hakim, leech, Dr., powwow, medic, Aesculapian, doc, doctor",,,,,
1168,属,屬,shǔ,"belong, be born in the year of, belong to, be subordinate to, be",,,,,
1169,重,重,zhòng,"heavy, weighty, important, considerable in amount/value",,,,,
1170,就是说,就是說,jiùshìshuō,"that is to say, in other words, namely",,,,,
1171,结婚,結婚,jiéhūn,"middle-aisle, intermarry, mate, conjoin, get married, couple, married, espouse, pair, marry, unite, get_married, get hitched with, spouse, splice, hook up with, wed",,,,,
1172,有,有,yǒu,"be, exist, also",,,,,
1173,日子,日子,rìzi,"yom, day, a particular day, livelihood, life, date, days, time",,,,,
1174,非,非,fēi,"run counter to, not conform to",,,,,
1175,贸易,貿易,màoyì,"deal, carriage trade, trade, business, commerce",,,,,
1176,相当,相當,xiāngdāng,"match, balance, correspond to, be equal to",,,,,
1177,参观,參觀,cānguān,"visit, tour",,,,,
1178,公开,公開,gōngkāi,"bare, air, unclose, publish, come_out, make known to the public, publicize, divulgate, overt, publicise, public, disclosure, make known to public, unfurl, make public",,,,,
1179,顺利,順利,shùnlì,"smooth, successful, without a hitch",,,,,
1180,男,男,nán,"baron, male, man, steady, mankind, male person, boy, chauvinism, creature, son",,,,,
1181,销售,銷售,xiāoshòu,"sell, market",,,,,
1182,办,辦,bàn,"punish (by law), manage, get ... ready, set_up, buy a fair amount of, set up, run, management, handle, tackle, attend to, do, punish, bring ... to justice",,,,,
1183,销售,銷售,xiāoshòu,"sell, market",,,,,
1184,维护,維護,wéihù,"safeguard, defend, uphold",,,,,
1185,投入,投入,tóurù,throw/put into,,,,,
1186,称,稱,chēng,call,,,,,
1187,加上,加上,jiāshàng,add into,,,,,
1188,民进党,民進黨,mínjìndǎng,Democratic Progressive Party,,,,,
1189,必,必,bì,"surely, must, certainly, have to, necessarily",,,,,
1190,自由,自由,zìyóu,"freedom, liberty",,,,,
1191,有限,有限,yǒuxiàn,"limited, finite",,,,,
1192,预算,預算,yūsuàn,"estimate, forethought, budget, estimation, budgetary",,,,,
1193,计算,計算,jìsuàn,"count, calculate, compute",,,,,
1194,效率,效率,xiàolù,"sufficiency, effectualness, effectuality, productiveness, usefulness, efficiency, effectivity, effectiveness",,,,,
1195,样子,樣子,yàngzi,"tendency, pattern, form, manner, likelihood, way, resemblance, semblance, sample, guise, fashion, wise, model, air, mien, appearance, shape, suggestion, gesture, sort",,,,,
1196,访问,訪問,fǎngwèn,"visit, call on, interview",,,,,
1197,位于,位於,wèiyū,"be situated, situated, locate, precede, lie, come, nestle, subsist, underlie, sit, be located, skirt, rank",,,,,
1198,访问,訪問,fǎngwèn,"visit, call on, interview",,,,,
1199,接触,接觸,jiēchù,"come into contact with, get in touch with, engage, contact",,,,,
1200,流行,流行,liúxíng,"prevalent, popular, fashionable, in vogue, spread, rage (of contagious disease)",,,,,
1201,喔,喔,wō,particle: indicating exclamation/suggestion/mild imperative/etc.,,,,,
1202,股市,股市,gǔshì,"stock exchange, securities market, stock market, stock_market",,,,,
1203,召开,召開,zhàokāi,"convene, convoke",,,,,
1204,运作,運作,yùnzuò,"operate, work",,,,,
1205,出版,出版,chūbǎn,"come off the press, publish, come out",,,,,
1206,借,藉,jiè,depend/rely on,,,,,
1207,观光,觀光,guānguāng,"rubberneck, take in, visit, sightsee, travel to, go sightseeing, tour",,,,,
1208,降低,降低,jiàngdī,"reduce, cut down, drop, lower",,,,,
1209,大约,大約,dàyuē,"about, around, probably, likely",,,,,
1210,来源,來源,láiyuán,"resource, wellspring, origin, provenance, quarter, root, source, beginning, springhead, fodder, fount, quarry, fountain, mint, parentage, whence, paternity",,,,,
1211,理由,理由,lǐyóu,"excuse, reasoning, reason, wherefore, argument, meaning, account, cause, room, alibi, substance, warranty, matter, justification, occasion, score, warrant, ground, sake, why, grounds, consideration, self-justification, skill",,,,,
1212,不断,不斷,búduàn,"unceasing, continuous",,,,,
1213,一点,一點,yīdiǎn,"a little, a bit",,,,,
1214,回答,回答,huídá,"answer, reply",,,,,
1215,青少年,青少年,qīngshàonián,"adolescent, stilyaga, teens, young person, teenager, teenagers, young people and teenagers, youths, youth, stripling, hobbledehoy, youngsters, younker",,,,,
1216,基本,基本,jīběn,"basic, elementary",,,,,
1217,一般,一般,yībān,generally,,,,,
1218,看看,看看,kànkàn,"see, look at, watch, read, look upon, regard, call on, visit",,,,,
1219,合理,合理,hélǐ,"plausible, rational, reasonable, legitimate, equitable, sensible",,,,,
1220,采,採,cǎi,"pick, gather",,,,,
1221,跟,跟,gēn,conj.: and,,,,,
1222,生物,生物,shēngwù,"living thing, organism",,,,,
1223,中华民国,中華民國,zhōnghuámínguó,"Republic_of_China, Republic of China",,,,,
1224,直到,直到,zhídào,"until, up to",,,,,
1225,叫,叫,jiào,ask,,,,,
1226,气,氣,qì,"air, gas, smell, atmosphere, spirit",,,,,
1227,给予,給予,gěiyǔ,"bring, feed, offer, afford, hold_out, impart, adduce, lend, grant, contribute, given, concede, give to, give, bestow, add, put, render, deal, ladle, administer, assign, give_in, allow",,,,,
1228,中文,中文,zhōngwén,"Chinese, Ch. (written) language, Ch. language, Sinitic",,,,,
1229,法国,法國,fàguó,France,,,,,
1230,答案,答案,dáàn,"result, script, resolution, solution, answer, key",,,,,
1231,规定,規定,guīdìng,"provide, formulate, fix, set",,,,,
1232,可能,可能,kěnéng,possibility,,,,,
1233,准备,準備,zhǔnbèi,"intend, plan",,,,,
1234,金融,金融,jīnróng,"finance, banking",,,,,
1235,週,週,zhōu,m.[standard],,,,,
1236,下,下,xià,"put sth. into, apply, form (opinion/etc.)",,,,,
1237,农民,農民,nóngmín,"mujik, farmhand, granger, boor, farm worker, peasantry, countrymen, farmer, agriculture, husbandman, muzhik, peasant, fieldhand, moujik, fellah, muzjik",,,,,
1238,法令,法令,fǎlìng,"constitution, laws, ordinance, rescript, act, law, decretal, legislation, enactment, edict, law and decrees, regulation, ukase, decrees, decree, doom, ordonnance, statute, fiat, prescript, assize, commandment, legislative act",,,,,
1239,讯息,訊息,xùnxí,"communication, message, news, signal, info, data, intelligence, dispatch, information, messages, tidings, word",,,,,
1240,公里,公里,gōnglǐ,m.[standard],,,,,
1241,刚刚,剛剛,gānggāng,"just now, scarcely, fresh, only, exactly, a moment ago, hardly, but, just",,,,,
1242,红,紅,hóng,"in vogue, famous, redden, red, popular",,,,,
1243,较,較,jiào,compare,,,,,
1244,声,聲,shēng,m.[activity],,,,,
1245,倍,倍,bèi,"-fold, multiplication, diameter, double, times, twice as much",,,,,
1246,加,加,jiā,"dramatise, plant, embroider, intercalate, lard, put in, blow up, inflict, deliver, aggrandize, plus, dramatize, increase, augment, embellish, augmentation, confer, append, add, pad, summate",,,,,
1247,民主,民主,mínzhǔ,"democracy, democratic rights",,,,,
1248,台北,臺北,táiběi,"Taibei, Taipei",,,,,
1249,无论,無論,wúlùn,"conj.: no matter what/how/etc., regardless",,,,,
1250,办公室,辦公室,bàngōngshì,"agency, office, authority, government agency, bureau",,,,,
1251,一方面,一方面,yīfāngmiàn,"conj.: on one side, on the one hand..., on the other hand..., for one thing..., for another...",,,,,
1252,良好,良好,liánghǎo,"good, well",,,,,
1253,级,級,jí,"level, rank, grade",,,,,
1254,遊戏,遊戲,yóuxì,"recreation, game",,,,,
1255,道,道,dào,"doctrine, Daoism",,,,,
1256,酒,酒,jiǔ,"libation, bracer, plonk, wine, tipple, poison, pottle, spirits, creature, vin, cup, drink, hooch, arrack, medicine, alcohol, bottle, hootch, alcoholic drink, rum, bibble, potation, belly-wash, alcoholic beverage, Bacchus, booze, liquor, juice, fortifier, inebriant, lotion, intoxicant",,,,,
1257,形象,形象,xíngxiàng,"imagery, figure, form, picture, persona, image",,,,,
1258,跑,跑,pǎo,"travel, race, be away, escape, course, run errands, skirr, double, walk, be away/off, run away, be off, run about doing sth., run, drive, paw the earth, run about doing ..., ride, leg",,,,,
1259,选择,選擇,xuǎnzé,choice,,,,,
1260,导致,導致,dǎozhì,"bring, lead, bring_about, lead to, incite, result in, conduce, bring about, produce, bring_on, render, set off, spark_off, inspire, inflict, cause, land",,,,,
1261,提到,提到,tídào,"mention, refer to",,,,,
1262,气氛,氣氛,qìfēn,"mood, air, look, feeling, aura, aurae, spirit, smell, genius loci, feel, flavor, atmosphere, tone, karma, ambiance, ambience",,,,,
1263,动,動,dòng,"concuss, get moving, travel, go, use, eat or drink, act, arouse, stir, disturb, alter, touch, change, dynamic, locomote, move",,,,,
1264,院士,院士,yuànshì,academician,,,,,
1265,指,指,zhǐ,refer to,,,,,
1266,充分,充分,chōngfèn,"full, ample, abundant",,,,,
1267,现代,現代,xiàndài,modern,,,,,
1268,必要,必要,bìyào,"necessary, indispensable",,,,,
1269,生态,生態,shēngtài,"ecological, ecosystem, biology, ecology, biota",,,,,
1270,汽车,汽車,qìchē,"automotive vehicle, machine, wheels, motorcar, motor vehicle, car, automotive, auto, wheel, autocar, motor, automobile, hoot, mobile, bus",,,,,
1271,例子,例子,lìzi,"exemplification, example, representative, illustration, instance, piece, case",,,,,
1272,有点,有點,yǒudiǎn,"kind_of, pretty, more or less, fairly, a_little, rather, something, somewhat, a bit, to some extent",,,,,
1273,博物馆,博物館,bówùguǎn,museum,,,,,
1274,权力,權力,quánlì,"influence, rod, authoritativeness, clutches, whip_hand, dominance, say-so, reins, force, emirate, might, pretension, station, commission, grasp, leverage, danger, authority, place, power, arm, disposal, puissance",,,,,
1275,族群,族群,zúqún,"clan, race, tribe, group",,,,,
1276,妈,媽,mā,"a form of address for a married woman one generati, mummy, mum, mother, ma, mama, mam",,,,,
1277,墙,牆,qiáng,wall,,,,,
1278,船,船,chuán,"bottom, body, ship, catcher, bow, bark, boat, shipboard, prow, watercraft, craft, drone, vessel, keel, sailer",,,,,
1279,基金会,基金會,jījīnhuì,"monetary fund, fundation, foundation, fund",,,,,
1280,诗,詩,shī,"verse form, poem, canto, verse, rhyme, number, song, poesy, poetry",,,,,
1281,杂志,雜誌,zázhì,"journal, bulletin, mag, magazine, periodical",,,,,
1282,生存,生存,shēngcún,"live, exist",,,,,
1283,且,且,qiě,conj.:,,,,,
1284,天,天,tiān,"sky, heaven",,,,,
1285,小孩子,小孩子,xiǎoháizi,"dot, tyke, tiddler, pickaninny, child",,,,,
1286,生存,生存,shēngcún,"live, exist",,,,,
1287,大楼,大樓,dàlóu,"mansion, massif, hall, block, manse, edifice, building, multi-storied building, residence, mansion house",,,,,
1288,最好,最好,zuìhǎo,"had better, it would be best",,,,,
1289,读书,讀書,dúshū,"read, study, attend school",,,,,
1290,见到,見到,jiàndào,"see, meet, perceive",,,,,
1291,最佳,最佳,zuìjiā,"first-rate, best, superlative, optimum",,,,,
1292,出去,出去,chūqù,"go_out, go/get out, get_out, go out, get out, go, exit",,,,,
1293,想法,想法,xiǎngfǎ,"view, stance, mentality, idea, notion, sentiment, judgment, construct, thought, opinion, conception, viewpoint, judgement, belief, mind-set, what one has in mind, persuasion, perspective, concept, mind, impression",,,,,
1294,帮,幫,bāng,help,,,,,
1295,医生,醫生,yīshēng,"Galen, MD, physician, Dr., medic, doc, hakeem, medico, Aesculapius, medical man, surgeon, leech, doctor",,,,,
1296,坚持,堅持,jiānchí,"persist in, insist on",,,,,
1297,创作,創作,chuàngzuò,"creative work, creation",,,,,
1298,广场,廣場,guǎngchǎng,"mews, agora, public square, concourse, carrefour, piazza, plaza, square, campus, place",,,,,
1299,成员,成員,chéngyuán,member,,,,,
1300,留下,留下,liúxià,"stay, leave behind, leave, allocate, devote, entail, stick, stay behind, leave_behind, stay put, stick around, remain",,,,,
1301,森林,森林,sēnlín,"woodsy, jungle, forest, sylva, woods, wood, timberland, woodland, bocage, forestry, timber, greenwood",,,,,
1302,算,算,suàn,"consider, regard/count as",,,,,
1303,颗,顆,kē,"grain, m.[general],",,,,,
1304,各,各,gè,"separately, differently",,,,,
1305,男女,男女,nánnǔ,men and women,,,,,
1306,特性,特性,tèxìng,"attribute, distinctive feature, tang, a character, appanage, a characteristic, nature, trait, differentiation, data, habit, lineament, shtick, tone, distinction, identity, property, characteristic, specificity, ring, specialty, hair, character, cast, idiosyncrasy, specific, diagnosis, chemistry, feature, peculiarity, quality",,,,,
1307,影像,影像,yǐngxiàng,"simulacrum, blip, mental image, picture, portrait, video, image",,,,,
1308,遭,遭,zāo,by,,,,,
1309,强烈,強烈,qiángliè,"strong, intense, violent",,,,,
1310,欸,欸,èi,mild exclamation/sigh,,,,,
1311,解释,解釋,jiěshì,"explain, interpret, analyze",,,,,
1312,尽管,儘管,jǐnguǎn,"conj.: even though, despite",,,,,
1313,主动,主動,zhǔdòng,on one's own initiative,,,,,
1314,喔,喔,wō,of surprise,,,,,
1315,演出,演出,yǎnchū,"show, perform",,,,,
1316,文章,文章,wénzhāng,"nonsense, hidden meaning, writing, hidden, written material, article, implied meaning, essay, writings, literary works, patch, hidden/implied meaning",,,,,
1317,理想,理想,lǐxiǎng,"ideal,",,,,,
1318,重大,重大,zhòngdà,"great, major, crucial, weighty, whang, fatal, significant, grave",,,,,
1319,脚,腳,jiǎo,"foot, leg, base",,,,,
1320,演出,演出,yǎnchū,"show, perform",,,,,
1321,危险,危險,wéixiǎn,"dangerous, perilous",,,,,
1322,背景,背景,bèijǐng,"context, circumstance, locale, background, ground, stage setting, mise en scene, groundwork, background knowledge, frame, milieu, backcloth, scene, setting, backdrop",,,,,
1323,不少,不少,bùshǎo,"not few, many",,,,,
1324,唱,唱,chàng,"cry, chant, chirm, tune, vocalize, call, sing",,,,,
1325,即将,即將,jíjiāng,"in a short time, promptly, on the point of, at once, instantly, pronto, immediately, shortly, without delay, tout-de-suite, right away, forthwith, presently, soon, in a few seconds, before long, straightaway, in a minute, about to",,,,,
1326,大部分,大部分,dàbùfèn,"det.: most of, the majority of",,,,,
1327,通讯,通訊,tōngxùn,"communication, news report, newsletter",,,,,
1328,越来越,越來越,yuèláiyuè,"more_and_more, more and more",,,,,
1329,考试,考試,kǎoshì,"examination, test",,,,,
1330,学期,學期,xuéqī,"school term, semester",,,,,
1331,反,反,fǎn,"counter, revolt, rebel, oppose, combat",,,,,
1332,心灵,心靈,xīnlíng,"psychical, mind, psyche, soul, spirit, mens, heart",,,,,
1333,获,獲,huò,"harvest, capture, obtain, get, catch, poll, be able to, reap, gather in, win",,,,,
1334,既然,既然,jìrán,"conj.: since, as, now that",,,,,
1335,设,設,shè,"set up, found",,,,,
1336,顾客,顧客,gùkè,"chap, client, shopper, correspondent, constituency, patronage, trade, market, guest, clientele, newspaperman, newspaperwoman, newswriter, pressman, customer agent, customer, business",,,,,
1337,家人,家人,jiārén,"relation, homefolk, inmate, kindred, household, relative, people, folks, kin, family members, family, kinsfolk, house",,,,,
1338,组,組,zǔ,m.[general],,,,,
1339,纷纷,紛紛,fēnfēn,"in droves, one_after_another, numerous and in great confusion",,,,,
1340,提升,提升,tíshēng,"promote, hoist, elevate",,,,,
1341,搞,搞,gǎo,"work, set up, work out, organize, cause, etc., produce a certain effect, secure, manage, get hold of, carry, produce, organization, generalized doing: do, start, get, do, be engaged in, generalized doing: work/manage/etc., make, generalized doing: do/work/manage/etc.",,,,,
1342,提升,提升,tíshēng,"promote, hoist, elevate",,,,,
1343,随时,隨時,suíshí,"whenever, whene'er, always, readily, whenever necessary, at all times, as occasion demands, at any time",,,,,
1344,譬如,譬如,pìrú,"for example, such as",,,,,
1345,子女,子女,zǐnǔ,"sons and daughters, children",,,,,
1346,确定,確定,quèdìng,"find, determination, make a point, pin down, narrow down, corroborate, prove, jell, settle, express, ensure, clench, assure, confirm, decide firmly, see, certain, define, clinch, nail_down, ascertain, determinate, guarantee, nail down, insure, fix, nail, peg, sustain, state, stipulate, secure, make_sure, seal, make sure, verify, find out, affirm, determine",,,,,
1347,公平,公平,gōngpíng,"fair, just, impartial",,,,,
1348,视为,視為,shìwéi,"regard_as, deem, count, regard as, consider as, repute, look_on, regard/consider as, look_at, call, regard",,,,,
1349,技巧,技巧,jìqiǎo,"technics, artifice, superior skill, acquisition, acquirement, cunning, trick, dexterity, accomplishment, mechanism, craft, craftsmanship, technique, artistry, handiwork, mastery, handicraft, finesse, attainment, sleight, skill, implement, execution, prowess, ingenuity, art, method, dish, mechanics, knack, cup of tea, management, bag, proficiency, address, facility, virtuosity, workman",,,,,
1350,接着,接著,jiēzhe,"next, immediately after",,,,,
1351,画,畫,huà,"painting, pictures",,,,,
1352,领导,領導,lǐngdǎo,"lead, exercise leadership",,,,,
1353,小心,小心,xiǎoxīn,"beware, watch_out, keep one's eyes skinned, keep one's eyes peeled, careful, cautious, be careful, see, watch, guard, ware, cautionary, keep one's eyes open, take care, look_out, look out",,,,,
1354,主办,主辦,zhǔbàn,"sponsor, direct, direction, host, give",,,,,
1355,探讨,探討,tàntǎo,"inquire into, explore",,,,,
1356,赴,赴,fù,"repair, attendance, go, go to, come, seek, attend, betake",,,,,
1357,回,回,huí,m.[general],,,,,
1358,探讨,探討,tàntǎo,"inquire into, explore",,,,,
1359,回去,回去,huíqù,"go_home, go_back, retrocede, go back, be back, go, return",,,,,
1360,弟弟,弟弟,dìdì,"brother, little brother, younger brother, cadet, little_brother, viscount",,,,,
1361,风,風,fēng,"wind, common practice, custom, general mood, style, news, information",,,,,
1362,小学,小學,xiǎoxué,"primary school, elementary school",,,,,
1363,兴建,興建,xīngjiàn,"build, construct",,,,,
1364,状态,狀態,zhuàngtài,"repair, form, lie, state (of affairs), state of affairs, fix, status, going, plight, phase, condition, state, trimness, attitude, trim, shape, situation, posture, position, fettle, mode, predicament",,,,,
1365,支援,支援,zhīyuán,"backstop, support, side, help, patronize, root, stand by, bear, angel, hold out, back, see through, assist, assistance, sustain, back up",,,,,
1366,还是,還是,háishì,conj.: or,,,,,
1367,治疗,治療,zhìliáo,"treatment, cure",,,,,
1368,衣服,衣服,yīfú,"clothes, wearing apparel, toggery, gear, tog, wear, bib-and-tucker, drapery, thing, dress, duds, vestment, wardrobe, clout, apparel, clothing, dud, wrapping, vesture, clobber, habit, robe, togs, livery, habilimentation, array, hull, garb, attire, attirement, stitch, rig, garment, raiment, wearable, dressing",,,,,
1369,名字,名字,míngzi,"first_name, forename, moniker, monaker, first name, monicker, cognomen, given name, name, patronymic, appellation",,,,,
1370,参考,參考,cānkǎo,"consult, refer to",,,,,
1371,女孩,女孩,nǔhái,"babe, damosel, quiff, number, young lady, damoiselle, gal, little girl, missy, young woman, demoiselle, damsel, fille, baby, girl, miss, petticoat, child, female child, mouse, she, colleen, daughter, damozel, moppet",,,,,
1372,男性,男性,nánxìng,"brother, male, him, man, male sex, adult male, mankind, masculine, mother's son, masculinity",,,,,
1373,教室,教室,jiàoshì,"classroom, schoolroom",,,,,
1374,太阳,太陽,tàiyáng,"Apollo, luminary, daystar, digit, sunlight, solar, sunshine, Phoebus, lamp, sun, Sol, fireball",,,,,
1375,在,在,zài,be at/in/on,,,,,
1376,口,口,kǒu,m.[general],,,,,
1377,陈,陳,chén,Surname,,,,,
1378,称为,稱為,chēngwéi,call as,,,,,
1379,国民,國民,guómín,"citizen, country, citizenry, a people, nationality, nation, folk, subject, people, nationals, national, commonwealth, son, land",,,,,
1380,研讨会,研討會,yántǎohuì,"workshop, seminar, symposium",,,,,
1381,飞机,飛機,fēijī,"aerocraft, airplane, machine, craft, aeroplane, ship, aero, avion, aeronef, plane, aircraft",,,,,
1382,建筑师,建築師,jiànzhúshī,"surveyor, architect",,,,,
1383,王,王,wáng,"Rex, ameer, king, prince, emeer, monarch, shah, emir, amir, Surname, sovereign, Wang",,,,,
1384,究竟,究竟,jiùjìng,"actually, exactly, after all, in the end",,,,,
1385,花,花,huā,"flower, blossom, pattern, design, courtesan, prostitute",,,,,
1386,确实,確實,quèshí,"really, certainly, truly, indeed",,,,,
1387,公路,公路,gōnglù,"trunk road, calzada, route, main road, highroad, highway, road, thoroughfare, causeway, chaussee",,,,,
1388,至今,至今,zhìjīn,"thus_far, up_to_now, until_now, so far, to this day, up to now, to date, hitherto, erenow",,,,,
1389,天下,天下,tiānxià,"rule, world, China, domination, everywhere under heaven",,,,,
1390,考量,考量,kǎoliáng,"consider, think",,,,,
1391,日,日,rì,Japan,,,,,
1392,管,管,guǎn,"run, manage, administer, have charge of, subject to discipline, bother about",,,,,
1393,少数,少數,shǎoshù,det.: a few,,,,,
1394,判断,判斷,pànduàn,"judge, determine",,,,,
1395,快,快,kuài,"soon, quickly",,,,,
1396,扮演,扮演,bànyǎn,"play part of, play part of",,,,,
1397,判断,判斷,pànduàn,"judge, determine",,,,,
1398,扮演,扮演,bànyǎn,"play part of, play part of",,,,,
1399,相对,相對,xiāngduì,"be opposite, be face to face",,,,,
1400,校方,校方,xiàofāng,school authorities,,,,,
1401,早已,早已,zǎoyǐ,"already, since, long ago, long ago/since, long since",,,,,
1402,读者,讀者,dúzhě,"audience, subscriber, reader",,,,,
1403,大会,大會,dàhuì,"synod, moot, conference, plenary meeting, congress, rally, plenum, mass meeting, plenary session",,,,,
1404,工人,工人,gōngrén,"navvy, hired man, operative, working person, laborer, shopworker, esne, working man, hired hand, worker, workpeople, workman, hand",,,,,
1405,数量,數量,shùliàng,"magnitude, scalar, aggregate, deal, measure, numerical quantity, measurement, sum, worth, amount, quantity, number",,,,,
1406,材料,材料,cáiliào,"making, aggregate, stuff, ingredients, food, ingredient, data, fodder, material, datum, stock, makings, data point, timber",,,,,
1407,建议,建議,jiànyì,"proposal, suggestion",,,,,
1408,特征,特徵,tèzhēng,"impress, trait, hallmark, cachet, stamp, characteristic, speciality, cast, feature, characteristic marks, features, artistic style, touch, trademark, earmark, particularity, nature, genius, imprint, lineament, mold, shtick, distinction, specificity, physiognomy, idiom, signature, character, salience, diagnosis, syndrome, stigma, stylemark, signalment",,,,,
1409,杀,殺,shā,"abatement, fight at close quarters, killing, go into battle, burn, reduction, slaughter, burn (of medicine), fight, smite, abate, massacre, diddle, reduce, weaken, liquidate, smash, kill, slay, smart",,,,,
1410,算是,算是,suànshì,"regard_as, considered to be",,,,,
1411,革命,革命,gémìng,revolt,,,,,
1412,国人,國人,guórén,"landsman, fellow countrymen, countryman, countrymen, compatriots",,,,,
1413,鱼,魚,yū,"paella, variegated carp, gudgeon, bighead, Yu, Surname, Argonaut, salmon, fish, catfish",,,,,
1414,操作,操作,cāozuò,"operate, manipulate",,,,,
1415,统计,統計,tǒngjì,statistics,,,,,
1416,操作,操作,cāozuò,"operate, manipulate",,,,,
1417,德国,德國,déguó,"Deutschland, autobahn, FRG, Germany, German, Reich, Federal Republic of Germany",,,,,
1418,显然,顯然,xiǎnrán,"evidently, manifestly, clear, visibly, plainly, plain, distinctly, clearly, patently, apparently, obviously",,,,,
1419,信心,信心,xìnxīn,"trustfulness, trustingness, confidence, belief, affiance, religion, feeling, fay, trust, positiveness, notion, reliance, religious belief, faith, hope, impression",,,,,
1420,放弃,放棄,fàngqì,"depart, chuck up the sponge, scuttle, dispense with, throw in the towel, abort, throw in, flunk, foreswear, abnegate, pass, free, lay_down, abandonment, disclaim, part_with, pass_up, abdicate, release, ditch, abjure, jettison, waive, surrender, leave, give, recant, desert, give up, divest, yield, forswear, break, abandon, unguard, back_down, yield up, demit, relinquish, break_with, drop",,,,,
1421,懂,懂,dǒng,"have, comprehend, understanding, understand, compass, grasp, get the picture, glom, know, apprehend, twig, savvy, follow, make out, dig",,,,,
1422,治疗,治療,zhìliáo,"treat, cure",,,,,
1423,生活,生活,shēnghuó,live,,,,,
1424,分析,分析,fēnxī,analysis,,,,,
1425,忙,忙,máng,"hurry, hasten",,,,,
1426,建,建,jiàn,"establishment, erection, build, proposal, propose, set up, establish, found, advocate, erect, construction, construct",,,,,
1427,一生,一生,yīshēng,"lifetime, all, existence, life, throughout one's life, all one's life, career, all/throughout one's life",,,,,
1428,黑,黑,hēi,"black, dark, wicked, sinister, vicious, be greedy, extort",,,,,
1429,小说,小說,xiǎoshuō,"novel, offprint, fiction",,,,,
1430,主席,主席,zhǔxí,"chairwoman, presiding officer, president (of organization, chair, chair (of meeting), prolocutor, chairperson, subchairman, chairmanship, state), chairman, chair/president (of organization/state), moderator, president",,,,,
1431,政大,政大,zhèngdà,National Chengchi University,,,,,
1432,集团,集團,jítuán,"population, aggregate, circle, clique, grouping, bloc, phalanx, group, knot, aggregation",,,,,
1433,报名,報名,bàomíng,"register, inscribe, enter, enroll, enrol, enter one's name, sign up, recruit",,,,,
1434,理想,理想,lǐxiǎng,ideal,,,,,
1435,着名,著名,zhùmíng,"famous, celebrated",,,,,
1436,道德,道德,dàodé,"value orientation, value-system, moral, code, moral principle, morals, morale, ethical motive, ethic, virtue, morality_play, morality, ethics, virtuousness, moral excellence",,,,,
1437,哪里,哪裡,nǎlǐ,where,,,,,
1438,消失,消失,xiāoshī,"disappear, vanish, dissolve",,,,,
1439,经由,經由,jīngyóu,"via, by way of",,,,,
1440,前面,前面,qiánmiàn,"front end, face, forepart, front, in front, ahead, preceding, above, fore, forgoing, frontage, obverse",,,,,
1441,遇到,遇到,yūdào,"come across, run_into, receive, meet with, encounter, run into, meet, befall",,,,,
1442,提,提,tí,"mention, refer to, promote, bring up",,,,,
1443,叫,叫,jiào,"cry, shout, yell",,,,,
1444,心态,心態,xīntài,"state_of_mind, state of mind, psychology",,,,,
1445,集中,集中,jízhōng,"concentrate, centralize, focus, put together",,,,,
1446,建筑物,建築物,jiànzhúwù,"foundation, shebang, erection, superstructure, buildup, architecture, construct, construction, edifice, building, structure, place, tenement, property, house, fabric",,,,,
1447,画面,畫面,huàmiàn,"frame, tableau, picture plane, picture, general appearance of a picture, picture_plane, appearance, TV screen, video",,,,,
1448,叫,叫,jiào,"cry, shout, yell",,,,,
1449,定,定,dìng,decide,,,,,
1450,甚,甚,shèn,"muchly, extremely, very, bally, assai, more, what, more (than), molto, greatly",,,,,
1451,可惜,可惜,kěxí,"it's a pity, unfortunately, it's too bad",,,,,
1452,把,把,bǎ,m.[general],,,,,
1453,医学,醫學,yīxué,"medicine, practice of medicine, medical science, leechcraft, physic, iatrology, medical",,,,,
1454,输入,輸入,shūrù,"import, input",,,,,
1455,百,百,bǎi,"cent, centum, century, hundred, det.: hundred",,,,,
1456,输入,輸入,shūrù,"import, input",,,,,
1457,型态,型態,xíngtài,format,,,,,
1458,道理,道理,dàolǐ,"thread, principle, the right way, theory, reason, argument, sense, order, truth, rationality",,,,,
1459,愈来愈,愈來愈,yūláiyū,"even more, more_and_more, more and more",,,,,
1460,色彩,色彩,sècǎi,"hue, tincture, palette, tint, blazonry, leavening, tinct, grain, color, shade",,,,,
1461,歌,歌,gē,song,,,,,
1462,现实,現實,xiànshí,"reality, actuality",,,,,
1463,婚姻,婚姻,hūnyīn,"connubiality, wedlock, marital, union, marriage, married couple, matrimonial, match, man and wife, matrimony",,,,,
1464,地球,地球,dìqiú,"the earth/globe, globe, world, Earth, ball, terrene, earth, the globe, the earth",,,,,
1465,指导,指導,zhǐdǎo,"guide, direct",,,,,
1466,架构,架構,jiàgòu,"construction, framework",,,,,
1467,进口,進口,jìnkǒu,import,,,,,
1468,论文,論文,lùnwén,"disquisition, memoir, paper, discourse, theme, treatise, thesis, article, tractate, dissertation",,,,,
1469,出国,出國,chūguó,go abroad (from one's own country),,,,,
1470,商品,商品,shāngpǐn,"article, product, merchandise, commodity, wares, ware, goods",,,,,
1471,市长,市長,shìzhǎng,"alcalde, city manager, mayor, portreeve, mayoral, civic leader, provost, civil leader, burgomaster",,,,,
1472,分为,分為,fēnwéi,"divide ... into, fall_into, divide(into)",,,,,
1473,梦,夢,mèng,dream,,,,,
1474,以前,以前,yǐqián,"langsyne, ago, in the past, formerly, prevenient, before, previously",,,,,
1475,恐怕,恐怕,kǒngpà,perhaps,,,,,
1476,死亡,死亡,sǐwáng,be dead/doomed,,,,,
1477,哥哥,哥哥,gēgē,"big brother, elder brother, big_brother",,,,,
1478,档案,檔案,dǎngàn,"data file, documentation, record, archive, archives, file, dossier",,,,,
1479,死亡,死亡,sǐwáng,be dead/doomed,,,,,
1480,满意,滿意,mǎnyì,"satisfy, well-pleasing, pleased, satisfied",,,,,
1481,满,滿,mǎn,"det.: entirely, wholly",,,,,
1482,可爱,可愛,kěài,"lovable, likeable, lovely",,,,,
1483,上海,上海,shànghǎi,Shanghai,,,,,
1484,可爱,可愛,kěài,"lovable, likeable, lovely",,,,,
1485,休闲,休閒,xiūxián,lie fallow,,,,,
1486,有趣,有趣,yǒuqù,"merry, fascinating, interesting, fun, amusive, comic, amusing",,,,,
1487,职业,職業,zhíyè,"metier, vocation, iceman, mystery, engagement, work, walk of life, employment, job, occupational group, ploy, craft, trade, avocation, employ, racket, pursuit, profession, situation, line, occupation, position, calling, walk_of_life, career, billet, duty, living, shop",,,,,
1488,说法,說法,shuōfǎ,"way of saying sth., wording, formulation, statement, version, argument",,,,,
1489,英文,英文,yīngwén,"English, English (language), English language, English_language",,,,,
1490,紧张,緊張,jǐnzhāng,be nervous,,,,,
1491,预计,預計,yūjì,"estimate, view, predict, expect, calculate in advance, anticipate",,,,,
1492,兄弟,兄弟,xiōngdì,brothers,,,,,
1493,体系,體系,tǐxì,"scheme, setup, system of rules, system, superstructure, cosmos, schema",,,,,
1494,间,間,jiān,m.[general],,,,,
1495,专案,專案,zhuānàn,"case, special case for investigation",,,,,
1496,孔子,孔子,kǒngzǐ,Confucius,,,,,
1497,报导,報導,bàodǎo,report,,,,,
1498,一半,一半,yíbàn,"det.: one half, in part, half",,,,,
1499,疾病,疾病,jíbìng,"trouble, attack, evil, ailment, affection, misery, malfunction, complaint, infirmity, disease, ill, illness, malady, decline, sickness, condition",,,,,
1500,其它,其它,qítā,"det.: others, the rest, other, else",,,,,
1501,外国,外國,wàiguó,"foreign, foreign country, outland, outremer",,,,,
1502,牠们,牠們,tāmen,they (animal),,,,,
1503,报纸,報紙,bàozhǐ,"paper, headliner, newspaper publisher, tabloid, copyreader, newspaper, rag, courant, newsprint, sheet, gazette, dailies",,,,,
1504,狗,狗,gǒu,dog,,,,,
1505,协调,協調,xiétiáo,"coordinate, harmonize, bring into line",,,,,
1506,念,念,niàn,"study, read, attend school, think_of, read aloud, think of, miss",,,,,
1507,哲学,哲學,zhéxué,"ism, philosophic, philosophical, philosophy, school of thought, doctrine",,,,,
1508,碰到,碰到,pèngdào,"come across, run_into, encounter, come_across, run into, touch, run_across, meet",,,,,
1509,提升,提昇,tíshēng,"promote, hoist, elevate",,,,,
1510,关于,關於,guānyū,"about, with regard to, concerning",,,,,
1511,同仁,同仁,tóngrén,"fraternity, fellow worker, confrere, brotherhood, colleague",,,,,
1512,深入,深入,shēnrù,"thorough, deep-going",,,,,
1513,漫画,漫畫,mànhuà,"takeoff, cartoon, caricature",,,,,
1514,资金,資金,zījīn,"principal_sum, fund, bankroll, finance, coffer, ante, grubstake, munition, wherewithal, capital, working capital",,,,,
1515,比较,比較,bǐjiǎo,"compare, contrast",,,,,
1516,作业,作業,zuòyè,work,,,,,
1517,比较,比較,bǐjiǎo,"compare, contrast",,,,,
1518,想像,想像,xiǎngxiàng,"imagine, ideate, suppose, picture, image, trow, envision, figure, dream, conceit, woolgather, conceive of, project, see, daydream, think, presume, envisage, stargaze, depicture, visualize, vision, feign, fancy, conceive, conjure_up, fantasy",,,,,
1519,短,短,duǎn,"short, brief",,,,,
1520,即可,即可,jíkě,then could do something,,,,,
1521,西,西,xī,"W, Spain, west, occident, due west, western",,,,,
1522,相,相,xiāng,"each other, mutually",,,,,
1523,位置,位置,wèizhì,"positioning, site, stand, stance, about-face, lie, locality, spatial relation, setting, situs, locus, slot, ubiety, station, location, emplacement, ubication, situation, niche, positional, position, place, seat",,,,,
1524,错,錯,cuò,"wrong, mistaken, bad, poor, confused, complex",,,,,
1525,稳定,穩定,wěndìng,"stable, steady",,,,,
1526,寻找,尋找,xúnzhǎo,"comb, locate, quest, search, scout, chase, reconnoiter, look_around, look_for, look, look for, find_out, pick, reconnoitre, prospect, hunt, seek, rummage, shop",,,,,
1527,鸟,鳥,niǎo,"beak, caprimulgiform bird, jay, carinate bird, birdie, bird, carinate, chaffinch, flying bird, fowl",,,,,
1528,系,系,xì,department (in a college),,,,,
1529,如此,如此,rúcǐ,"so, such",,,,,
1530,系,系,xì,department (in a college),,,,,
1531,稳定,穩定,wěndìng,"stable, steady",,,,,
1532,长大,長大,zhǎngdà,"vegetate, be brought up, grow_up, maturate, grow, grow up, bulk, age, mature",,,,,
1533,促进,促進,cùjìn,"rush, help, step_up, advancement, progress, acceleration, subserve, encourage, facilitate, anticipate, accelerate, assist, fillip, expedite, advance, promotive, boost, further, provoke, hurry, redound, cultivate, induce, hasten, catalyze, speed, promote, contribute, impel, promotion, push, forward, stimulate, whet",,,,,
1534,人文,人文,rénwén,"letters, humanity, humanities",,,,,
1535,冲突,衝突,chōngtú,"conflict, clash",,,,,
1536,厨房,廚房,chúfáng,"office, cookery, cookhouse, kitchen, cookroom, but, caboose",,,,,
1537,海外,海外,hǎiwài,"oversea, overseas, abroad",,,,,
1538,表演,表演,biǎoyǎn,"perform, act, play, demonstrate",,,,,
1539,再度,再度,zàidù,"once again, anew, eftsoons, second time, again, a second time, once more/again, once more",,,,,
1540,画,畫,huà,"draw, paint, draw line/sign, mark, decorate with painting/pictures",,,,,
1541,电信,電信,diànxìn,"telegraphy, telecommunications, telecommunication, telecom",,,,,
1542,反映,反映,fǎnyìng,"reflect, mirror, make known",,,,,
1543,北,北,běi,"atomic number 97, northward, north, berkelium, Bk, northern",,,,,
1544,反映,反映,fǎnyìng,"reflect, mirror, make known",,,,,
1545,笔,筆,bǐ,m.[general],,,,,
1546,近,近,jìn,almost,,,,,
1547,障碍,障礙,zhàngài,"discouragement, bottleneck, clog, bar, encumbrance, embarrassment, malfunction, jam-up, baffle, impediment, obstruction, rub, roadblock, stay, rubber, disturbance, balk, holdback, bunker, stymy, remora, obstacle, barrier, stumbling_block, hitch, handicap, lesion, hedge, snag, drawback, let, wall, crab, difficulty, penalty, hang-up, facer, hindrance, hurdle",,,,,
1548,焦点,焦點,jiāodiǎn,"focal point, point at issue, focal, focus, focal_point, central issue",,,,,
1549,忽然,忽然,hūrán,suddenly,,,,,
1550,到处,到處,dàochù,"universally, everywhere, everyplace, far and near, about, around, far and wide, all_over, high_and_low, all over, throughout, high and low, far_and_near, passim, abroad, at all places",,,,,
1551,植物,植物,zhíwù,"vegetal, flora, herb, plant, grower, vegetable, plant life, vegetation, botanical, vegetive, dwarf, vegetative",,,,,
1552,显得,顯得,xiǎnde,"seem, look, appear",,,,,
1553,不一定,不一定,bùyīdìng,"not sure, maybe",,,,,
1554,摄影,攝影,shèyǐng,photography,,,,,
1555,随,隨,suí,v.2 right after v.1,,,,,
1556,概念,概念,gàiniàn,"estimate, conception, view, intention, image, estimation, idea, notion, concept, construct, paradox, approximation, impression",,,,,
1557,面积,面積,miànjī,"area unit, area, superficies, superficial, acreage, expanse, surface_area, square_measure, surface area, content, space, square measure",,,,,
1558,为何,為何,wèihé,"why, for what reason",,,,,
1559,高达,高達,gāodá,reach up to,,,,,
1560,关键,關鍵,guānjiàn,"nub, turning_point, issue, crux, anchor, crux of the matter, juncture, hinge, mainstay, linchpin, lynchpin, key, backbone",,,,,
1561,作法,作法,zuòfǎ,"course of action, technique of writing, way of doing things, mode, practice, course, model",,,,,
1562,来到,來到,láidào,"arrive, come",,,,,
1563,如何,如何,rúhé,how about it,,,,,
1564,来到,來到,láidào,"arrive, come",,,,,
1565,胡适,胡適,húshì,"philosopher, leading intellectual, leading intellectual, philosopher, exponent of vernacular writing, leading intellectual, philosopher, expon, exponent of vernacular writing",,,,,
1566,倒,倒,dào,actually,,,,,
1567,人人,人人,rénrén,everybody,,,,,
1568,仔细,仔細,zǐxì,"careful, be careful, look out",,,,,
1569,原,原,yuán,"originally, formerly",,,,,
1570,成就,成就,chéngjiù,"achievement, accomplishment, success",,,,,
1571,视,視,shì,depend,,,,,
1572,行销,行銷,xíngxiāo,sell,,,,,
1573,好几,好幾,hǎojǐ,det.: several,,,,,
1574,辛苦,辛苦,xīnkǔ,"try, endure hardship, work hard, tug, tote, lug",,,,,
1575,年轻人,年輕人,niánqīngrén,"kid, sapling, young people, youngster, jack, young, young buck, chicken, kipper, youngling, punk, laddie, young_man, loon, young man, youth, stripling, shaveling, junior, sprat, whiffet, cub, springald, younker",,,,,
1576,信,信,xìn,"letter, mail, message",,,,,
1577,渐渐,漸漸,jiànjiàn,"gradually, by degrees, little by little",,,,,
1578,真,真,zhēn,"real, true",,,,,
1579,教材,教材,jiàocái,"textbook, teaching material",,,,,
1580,所,所,suǒ,m.[general],,,,,
1581,自然,自然,zìrán,"natural, free from affectation",,,,,
1582,动词,動詞,dòngcí,verb,,,,,
1583,整理,整理,zhěnglǐ,"put in order, arrange",,,,,
1584,男生,男生,nánshēng,"brother, sonny boy, man, male, laddie, lad, boy student, male student, boy, schoolboy, sonny, cub, man student",,,,,
1585,遊客,遊客,yóukè,"traveler, holidaymaker, tourist, traveller, visitor, pilgrim, sightseer, tourism",,,,,
1586,等,等,děng,till,,,,,
1587,女生,女生,nǔshēng,"schoolgirl, girl student, female student, female, girl, woman student, co-ed",,,,,
1588,对,對,duì,m.[general],,,,,
1589,怀疑,懷疑,huáiyí,"suspect, doubt",,,,,
1590,痛苦,痛苦,tòngkǔ,be painful; pain,,,,,
1591,怀疑,懷疑,huáiyí,"suspect, doubt",,,,,
1592,痛苦,痛苦,tòngkǔ,be painful; pain,,,,,
1593,交换,交換,jiāohuàn,"reciprocate, switching, barter, exchange, commute, switch, communicate, interchange, bandy, shift, trade, batter, truck, swop, change, counterchange, swap, clear, buy, transpose, change over, commune, turn around",,,,,
1594,互动,互動,hùdòng,relate,,,,,
1595,设置,設置,shèzhì,"set/put up, install",,,,,
1596,张,張,zhāng,Surname,,,,,
1597,设置,設置,shèzhì,"set/put up, install",,,,,
1598,留,留,liú,"continue, stay, keep, leave behind, leave, grow, accept, (let) grow, leave (sth.), let grow, ask ... to stay, take, bide, wear, study in a foreign country, save, reserve, reservation, ask sb. to stay, remain",,,,,
1599,居住,居住,jūzhù,"inhabit, occupy, shack_up, locate, domicile, shack, abide, subsist, settle, live, howff, reside, indwell, populate, lodge in, quarter, dwell, people, belong, bide, hang_out, house, residence",,,,,
1600,因应,因應,yīnyìng,in response to,,,,,
1601,丈夫,丈夫,zhàngfū,"masterman, man, papa, manliness, mister, goodman, married man, husband, hub, hubby",,,,,
1602,纪录,紀錄,jìlù,"minutes, notes, record, record",,,,,
1603,答,答,dá,"answer, reply, return (a call/etc.), reciprocate",,,,,
1604,爱,愛,ài,love,,,,,
1605,画家,畫家,huàjiā,"painterly, creative person, artist, painter, penman, artists",,,,,
1606,数字,數字,shùzì,"numeral, numerical, digit, amount, number, numeric, figure, digital, quantity",,,,,
1607,一向,一向,yīxiàng,"typically, all_along, up to now, always, consistently, all along, usually, forever",,,,,
1608,连线,連線,liánxiàn,connect,,,,,
1609,以免,以免,yǐmiǎn,"conj.: in order to avoid, so as not to",,,,,
1610,固定,固定,gùdìng,"set, plant, imbed, fix, strap, jell, fixed, affix, peg, stick, clench, rivet, regularization, rigidify, embed, infix, anchor, fixate, hold, regularize, implant, stitch, stabile, engraft, fasten, immobilize, moor, peg down, flat",,,,,
1611,通信,通信,tōngxìn,"communicate by letter, correspond",,,,,
1612,连线,連線,liánxiàn,connect,,,,,
1613,通信,通信,tōngxìn,"communicate by letter, correspond",,,,,
1614,恢复,恢復,huīfù,"resume, renew, recover, regain, restore, reinstate, rehabilitate",,,,,
1615,修正,修正,xiūzhèng,"revise, amend, correct",,,,,
1616,景观,景觀,jǐngguān,"view, perspective, aspect, scene, prospect, vista, panorama, landscape",,,,,
1617,线,線,xiàn,"thread, string, wire",,,,,
1618,县市,縣市,xiànshì,county and city,,,,,
1619,他人,他人,tārén,"others, another person",,,,,
1620,恢复,恢復,huīfù,"resume, renew, recover, regain, restore, reinstate, rehabilitate",,,,,
1621,基于,基於,jīyū,"on the basis of, in view of, because of",,,,,
1622,只是,只是,zhǐshì,"conj.: however, but then",,,,,
1623,实现,實現,shíxiàn,"realize, achieve, bring about",,,,,
1624,演讲,演講,yǎnjiǎng,"lecture, speech",,,,,
1625,男子,男子,nánzǐ,"man, male",,,,,
1626,实现,實現,shíxiàn,"realize, achieve, bring about",,,,,
1627,具备,具備,jùbèi,"be provided with, supply, render, have, furnish, possess, provide, possession",,,,,
1628,奇怪,奇怪,qíguài,wonder,,,,,
1629,空气,空氣,kōngqì,"air, airspace, atmosphere, aerial, deflector, atmospherics",,,,,
1630,会员,會員,huìyuán,member,,,,,
1631,取,取,qǔ,"have, withdraw, choose, assume, take away, adopt, assumption, select, draw_out, withdrawal, obtain, remove, take, fetch, get, aim at, pick_up, sponge, adoption",,,,,
1632,深刻,深刻,shēnkè,"deep, profound",,,,,
1633,漂亮,漂亮,piàoliàng,"posh, handsome, brilliant, remarkable, splendid, beautiful, smart",,,,,
1634,菜,菜,cài,"vegetable, greens, dish, course, food",,,,,
1635,希望,希望,xīwàng,hope,,,,,
1636,相互,相互,xiānghù,"each other, mutually, one another, in return, reciprocally",,,,,
1637,多数,多數,duōshù,"trillions, millions, mort, relative majority, throng, det : majority, prevalence, multitude, lac, Host, host, bulk, horde, raft, million, lakh, rimption, pack, skit, strength, acre, generality, ruck, chunk, number, shoal, multiplicity, billions, preponderance, jillions, zillions, grist, world, majority, meiny, regiment, legion, mass, plurality",,,,,
1638,总经理,總經理,zǒngjīnglǐ,"CEO, general_manager, chief executive officer, chief operating officer, executive, managing director, general manager, president",,,,,
1639,很多,很多,hěnduō,"many, much",,,,,
1640,收,收,shōu,"receive, accept, take in/back, gather in, conclude, stop",,,,,
1641,权利,權利,quánlì,"privilege, claim, merit, title, entitlements, escheatage, right, dib, authority, competency, obligation, pretension, prescription, dibs",,,,,
1642,照片,照片,zhàopiàn,"snapshot, shot, likeness, picture, photo, icon, image, caption, exposure, photograph, pic, ikon",,,,,
1643,病,病,bìng,disease,,,,,
1644,物质,物質,wùzhí,"stuff, material, substance, materiality, matter",,,,,
1645,宿舍,宿舍,sùshè,"berth, serai, hall, dorm room, lodging_house, dormitory room, dorm, hostel, billet, dormitory, living quarters, house",,,,,
1646,即,即,jí,"be, mean",,,,,
1647,教练,教練,jiàoliàn,"training, drillmaster, wise man, tutor, drilling, handler, coacher, coach, instructor, private instructor, trainer, mentor",,,,,
1648,宇宙,宇宙,yǔzhòu,"all, cosmic, existence, world, creation, system, macrocosm, metagalactic, nature, cosmos, universal, universe",,,,,
1649,更加,更加,gèngjiā,(even) more,,,,,
1650,住宅,住宅,zhùzhái,"shebang, dwelling_house, dwelling, roof, abode, residential, home, toft, howff, housing, habitation, homesite, tenement, place, residence, house, property",,,,,
1651,明白,明白,míngbái,"clarify, downright, recognize, agnize, tumble, follow, make out, catch, understand, discern, think, know, seize, agnise, twig, realize, get, realization",,,,,
1652,竟然,竟然,jìngrán,"unexpectedly, to one's surprise",,,,,
1653,光,光,guāng,"light, ray, brightness, honor, glory, luster",,,,,
1654,迅速,迅速,xùnsù,"fast, speedy, rapid, prompt",,,,,
1655,睡,睡,shuì,sleep,,,,,
1656,大多数,大多數,dàduōshù,"det.: most of, the majority of",,,,,
1657,不良,不良,bùliáng,"unhealthy, harmful, bad",,,,,
1658,自动,自動,zìdòng,automatic,,,,,
1659,哦,哦,ó,particle: used when informing sb. of st. (to draw people's attention); indicating mild imperative/suggestion/exclamation/guess/etc.,,,,,
1660,突破,突破,túpò,"make a breakthrough, surmount",,,,,
1661,后面,後面,hòumiàn,"rear, back, in the rear, latter, behind, rearward, at the back",,,,,
1662,污染,污染,wūrǎn,"pollute, contaminate",,,,,
1663,陆续,陸續,lùxù,"continuously, one after another, in succession",,,,,
1664,飞,飛,fēi,"hover in the air, flight, hover, volatilize, wing, disappear through volatilization, flutter, skip, hover/flutter in the air, fly, blow, flutter in the air, flit",,,,,
1665,内心,內心,nèixīn,"interior, inner being, conscience, inside, breast, bosom, innermost being, incenter, heart",,,,,
1666,女子,女子,nǔzǐ,"lady, female, femme, young lady, adult female, missy, young woman, fem, moll, womankind, fille, damsel, girl, miss, woman, wren, blade",,,,,
1667,玻璃,玻璃,bōlí,"plastic, vitrum, putty, vitreous, nylon, window, windowpane, cutter, glass",,,,,
1668,神,神,shén,"god, supreme, architect, Thor, superpersonality, Providence, providence, Deus, immortal, energy, numen, Being, divine, being, Surname, maker, Allah, vitality, look, deity, spirit, gum, omnipotent, anthropomorphism, expression, mind, soul, omniscience, immortality, omniscient, kami, Elohim, divinity",,,,,
1669,中,中,zhōng,China,,,,,
1670,市民,市民,shìmín,"citizen, burgess, citizenry, metropolitan, townsman, townsfolk, town, towner, civic, residents of a city, townee, burgher, townspeople",,,,,
1671,承认,承認,chéngrèn,"receive, acknowledge, okay, approbate, validate, recognize, avow, admittance, count, confess, sanctify, grant, countersign, avouch, admit, acknowledgement, reckon, own, sanction, give diplomatic recognition, concede, cede, give, ratify, agree, recognise, accept, recognition, yield, allow, endorse, profess",,,,,
1672,不满,不滿,bùmǎn,"resentful, dissatisfied",,,,,
1673,年龄,年齡,niánlíng,"summer, age",,,,,
1674,近,近,jìn,det.: close,,,,,
1675,记忆,記憶,jìyì,memory,,,,,
1676,打算,打算,dǎsuàn,"mean, specify, plan, think, intention, propose, design, purpose, contemplate, allot, destine, calculate, intend, designate, be after",,,,,
1677,应用,應用,yìngyòng,"apply, use",,,,,
1678,老板,老闆,lǎobǎn,"proprietor, chief, shopkeeper, Tuan, baas, honcho, hirer, storekeeper, milord, bwana, mugwump, cit, market keeper, buckra, governor, boss, joss, tradesman, employer, guv",,,,,
1679,成熟,成熟,chéngshú,"ripe, mature",,,,,
1680,进,進,jìn,"enter, come/go into, advance",,,,,
1681,证明,證明,zhèngmíng,"prove, testify, bear out",,,,,
1682,国立,國立,guólì,"run, state, state maintained, national, state-run, state-maintained, national run, state/national maintained/run, national maintained",,,,,
1683,施工,施工,shīgōng,work on (of construction),,,,,
1684,口,口,kǒu,mouth,,,,,
1685,名,名,míng,"name, fame, reputation",,,,,
1686,叫做,叫做,jiàozuò,"clepe, be known as, be called, call",,,,,
1687,入,入,rù,"agree with, set (of sun), set, take in, join, receive, be admitted into, become a member of, enter, descend, infiltrate, conform with, conform to, interlard",,,,,
1688,包含,包含,bāohán,"comprehend, consist of, subtend, imply, boast, go, colligate, include, hold, encompass, embrace, bear, carry, comprise, incorporate, cover, embody, connote, consist in, house, subsume, contain",,,,,
1689,场所,場所,chángsuǒ,"site, digging, terrain, locality, point, arena, scene, room, locus, location, locale, stead, scene of action, lieu, amenity, meridian, where, spot, space, land site, place, seat",,,,,
1690,后,後,hòu,"rear, back, behind",,,,,
1691,行,行,xíng,"go, travel, prevail, circulate, be current",,,,,
1692,休息,休息,xiūxí,"repose, have, lie dormant, respire, take time off, have a rest, take a rest, take off, relax, take_time_off, have/take a rest, rest",,,,,
1693,从来,從來,cónglái,"all along, at all times, always",,,,,
1694,东,東,dōng,east,,,,,
1695,要是,要是,yàoshì,"conj.: if, suppose, in case",,,,,
1696,适应,適應,shìyìng,"be accustomed to, conform, be used to, fit, humor, gear, orient, phase, adjust, accommodate, be accustomed, be inure to, get used to, adaptation, adapt, suit",,,,,
1697,工会,工會,gōnghuì,trade/labor union,,,,,
1698,原,原,yuán,"primary, original",,,,,
1699,听说,聽說,tīngshuō,"hear, understand, learn, rumor, hear that..., hear/understand that..., be told, understand that..., hear of",,,,,
1700,高级,高級,gāojí,"high-level, high-class, quality",,,,,
1701,距离,距離,jùlí,distance,,,,,
1702,不易,不易,búyì,uneasy,,,,,
1703,有没有,有沒有,yǒuméiyǒu,have or not have,,,,,
1704,不易,不易,búyì,uneasy,,,,,
1705,人性,人性,rénxìng,"reason, hypostasis, humanitarianism, normal human feelings, humanness, humanity, humanism, human nature, flesh, humanistic, manhood",,,,,
1706,走到,走到,zǒudào,go to,,,,,
1707,拍,拍,pāi,"clap, pat, lick sb.'s boots",,,,,
1708,马,馬,mǎ,horse,,,,,
1709,规则,規則,guīzé,"rule, regulation",,,,,
1710,以外,以外,yǐwài,"other than, except, beyond, outside",,,,,
1711,关怀,關懷,guānhuái,show loving care/concern for,,,,,
1712,另一方面,另一方面,lìngyīfāngmiàn,conj.: on the other hand,,,,,
1713,实力,實力,shílì,"strength, actual strength, efficiency",,,,,
1714,靠,靠,kào,"lean against, keep to, get near, come up to, near, depend/rely on",,,,,
1715,假如,假如,jiǎrú,"conj.: if, supposing, in case",,,,,
1716,研发,研發,yánfā,"research and develop, R&D, research and develop something, research and development",,,,,
1717,攻击,攻擊,gōngjí,"attack, assault, accuse, vilify",,,,,
1718,干部,幹部,gànbù,"organizer, staff, cadre",,,,,
1719,资格,資格,zīgé,"claim, credential, prerequisite, character, capability, qualifications, requirement, qualification, capacity, root/basis part of a character, status, sufficiency, seniority, competence, fitness, competency, condition",,,,,
1720,引进,引進,yǐnjìn,"recommend, introduce from elsewhere",,,,,
1721,做到,做到,zuòdào,"achievement, accomplishment, achieve, accomplish",,,,,
1722,吃饭,吃飯,chīfàn,"feed, dine, make a living, keep alive, have a meal, eat",,,,,
1723,保险,保險,bǎoxiǎn,insurance,,,,,
1724,发行,發行,fāxíng,"issue, publish, distribute, put on sale",,,,,
1725,坏,壞,huài,spoiled,,,,,
1726,证券,證券,zhèngquàn,"document, bond, bill, stock certificate, security, certificate, portfolio, bond certificate, negotiable securities, stock",,,,,
1727,大幅,大幅,dàfú,to a great extent,,,,,
1728,还有,還有,háiyǒu,"conj.: furthermore, in addition",,,,,
1729,公斤,公斤,gōngjīn,m.[standard],,,,,
1730,性质,性質,xìngzhí,"kidney, attribute, fibre, description, affection, temper, nature, self, mold, temperament, property, composition, character, hair, bent, kind, disposition, habitude, meridian, dimension, quality, note, sort",,,,,
1731,某些,某些,mǒuxiē,"little, some, det.: come",,,,,
1732,幸福,幸福,xìngfú,happy,,,,,
1733,以上,以上,yǐshàng,the above/foregoing/above-mentioned,,,,,
1734,明确,明確,míngquè,"define, make clear/definite, make definite, definite, make clear",,,,,
1735,联盟,聯盟,liánméng,"conference, alliance, coalition, hookup, ally, Verein, confederacy, federacy, circuit, combination, Bund, confederation, federation, union, bloc, league, axis",,,,,
1736,主持,主持,zhǔchí,"preside, head, care of, take care of, preside over, chair, minister, sponsor, direct, uphold, direction, take charge/care of, take charge of, moderate, emcee, celebrate, manage, host, mastermind, officiate, stand for, managment, run, take charge, compere",,,,,
1737,一再,一再,yīzài,"repeatedly, again and again, time and again, over_and_over",,,,,
1738,保育,保育,bǎoyū,child care,,,,,
1739,师生,師生,shīshēng,teacher and student,,,,,
1740,立委,立委,lìwěi,legislator,,,,,
1741,改,改,gǎi,"alteration, rectification, transformation, change, correct, put ... right, transform, rectify, revision, switch over to, ameliorate, revise, put right, amend, correction, gybe, alter",,,,,
1742,年,年,nián,"age, New Year, a period in one's life, a period in history, harvest",,,,,
1743,保育,保育,bǎoyū,child care,,,,,
1744,多半,多半,duōbàn,det : the greater part,,,,,
1745,管道,管道,guǎndào,"pipeline, conduit, piping, channel (for communication/etc.)",,,,,
1746,绝不,絕不,juébù,"to no degree, by no means, scarcely, nowise, not by a long sight, not by a blame sight, never, ne'er, hardly",,,,,
1747,报,報,bào,"newspaper, periodical, bulletin, telegram",,,,,
1748,认同,認同,rèntóng,"identify, have meeting of the minds",,,,,
1749,一致,一致,yīzhì,"symphonize, coheiress, identical, quadrate, accord, coincide, equate, homologize, answer, comport, concur, consist, unanimous, chime_in, agree, jibe, unite, square, correspond, consort",,,,,
1750,最多,最多,zuìduō,the majority,,,,,
1751,股票,股票,gǔpiào,"capital stock, share, stock certificate, security, share certificate, stock",,,,,
1752,作者,作者,zuòzhě,"composer, author, writer, wright, paragrapher, auteur, paternity",,,,,
1753,岛,島,dǎo,"island, isle",,,,,
1754,细胞,細胞,xìbāo,cell,,,,,
1755,病毒,病毒,bìngdú,"worm, viral, virus",,,,,
1756,卫生,衛生,wèishēng,"hygiene, health, sanitation",,,,,
1757,易,易,yì,easy,,,,,
1758,抗议,抗議,kàngyì,protest,,,,,
1759,免费,免費,miǎnfèi,"be free of charge, free_of_charge, gratuitous, gratis",,,,,
1760,抗议,抗議,kàngyì,protest,,,,,
1761,教育局,教育局,jiàoyūjú,Bureau of Education,,,,,
1762,哪,哪,na,particle: formed by linking syllable ending in n with particle a,,,,,
1763,农业,農業,nóngyè,"farm, farming, geoponics, husbandry, agricultural, plow, agriculture",,,,,
1764,管制,管制,guǎnzhì,"regulate, govern, guard, break_in, tie_up, tutor, regularize, put under surveillance, order, control",,,,,
1765,一定,一定,yīdìng,certain,,,,,
1766,自动化,自動化,zìdònghuà,automation,,,,,
1767,展示,展示,zhǎnshì,"reveal, lay bare",,,,,
1768,情感,情感,qínggǎn,"affect, friendship, sensibility, bond, emotion, bosom, breast, sentiment, emotional, chasm, feeling, feelings",,,,,
1769,热,熱,rè,hot,,,,,
1770,一边,一邊,yībiān,"at the same time, simultaneously;on the one/other hand",,,,,
1771,自动化,自動化,zìdònghuà,automation,,,,,
1772,忘,忘,wàng,"forget, overlook, neglect",,,,,
1773,拒绝,拒絕,jùjué,"deny, rebut, bar, repel, naysay, scout, abnegate, overrule, reject, decline, disclaim, eliminate, refusal, deduct, turn away, snub, shut, thumb, debar, abjure, override, exclude, recant, turndown, withhold, renunciate, retract, repudiate, forswear, turn_down, turn down, nill, kick, brush_off, repulse, rule out, brush off, recoup, pass up, rebuff, rejection, renounce, refuse, nix, foreclose",,,,,
1774,只有,只有,zhǐyǒu,"conj.: only, alone",,,,,
1775,妻子,妻子,qīzǐ,"frow, feme, married woman, wifelike, wife, woman, femme, missis, squaw",,,,,
1776,行业,行業,hángyè,"metier, mystery, profession, line, game, craft, calling, trade, industry, biz, walk_of_life, racket, living",,,,,
1777,经理,經理,jīnglǐ,"amaldar, intendant, manager, steward, executive, managing director, exec, director, skipper, syndic, executive director",,,,,
1778,那样,那樣,nàyàng,"that kind of, like that",,,,,
1779,和平,和平,hépíng,"mild, peaceful",,,,,
1780,哭,哭,kū,"greet, cry, weep",,,,,
1781,城,城,chéng,"wall, city wall, city, kasbah, town, township, burgh, castle, burg",,,,,
1782,根,根,gēn,m.[general],,,,,
1783,主人,主人,zhǔrén,"lord, housemaster, host, symposiarch, marse, bwana, padrone, boss, master, baas, provider, mast, owner, landlord",,,,,
1784,厂,廠,chǎng,"factory, mill, plant, works, yard, depot",,,,,
1785,大人,大人,dàrén,"grownup, adult, milord, respectful salutation for one's seniors/, grown-up, respectful salutation for one's parents, Your Excellency, panjandrum, Highness, respectful salutation for one's parents/seniors/etc., Tuan, Bahadur, bahadur, sahib",,,,,
1786,机器,機器,jīqì,"enginery, life, machinery, machine, plant, apparatus, engine, gizmo",,,,,
1787,不得,不得,bùdé,"must/may not, not be allowed",,,,,
1788,桥,橋,qiáo,"backbend, fret, span, pons, pier arch, bridge, spar",,,,,
1789,以下,以下,yǐxià,the following,,,,,
1790,幅,幅,fú,"vector, width of cloth, size, piece, m.[general],",,,,,
1791,公分,公分,gōngfēn,m.[standard],,,,,
1792,失败,失敗,shībài,"be defeated, fail, lose",,,,,
1793,真实,真實,zhēnshí,"true, real, authentic, factual",,,,,
1794,主张,主張,zhǔzhāng,"advocate, stand for, maintain, hold",,,,,
1795,外面,外面,wàimiàn,"surface, outward appearance, without, outside, exterior",,,,,
1796,首,首,shǒu,det.: first,,,,,
1797,直,直,zhí,"directly, straight, continuously, just, simply",,,,,
1798,真实,真實,zhēnshí,"true, real, authentic, factual",,,,,
1799,车子,車子,chēzi,vehicle,,,,,
1800,星期,星期,xīngqí,"Sunday, week",,,,,
1801,表面,表面,biǎomiàn,"crust, superficial, facing, show, exterior, obverse, rind, face, superficies, top, outside, appearance, facade, surface, bosom, window dressing",,,,,
1802,纽约,紐約,niǒuyuē,New York (city in American),,,,,
1803,做法,做法,zuòfǎ,"way of doing sth., modus_operandi, practice, manner, method, making sth., way of making sth., shtick, way, way of doing, way of doing/making sth., personal manner",,,,,
1804,创意,創意,chuàngyì,"create new meanings, get-up-and-go, unique idea, new idea",,,,,
1805,台中,台中,táizhōng,Taichung (big city in Taiwan),,,,,
1806,乃,乃,nǎi,therefore,,,,,
1807,构成,構成,gòuchéng,"constitute, form, compose, make up",,,,,
1808,网际,網際,wǎngjì,internet,,,,,
1809,怎么办,怎麼辦,zěnmebàn,what should someone do?,,,,,
1810,事务,事務,shìwù,"pursuit, shebang, routine, affair, work, concern, general affairs, desk, business, matter, transaction",,,,,
1811,眼前,眼前,yǎnqián,before one's eyes,,,,,
1812,构成,構成,gòuchéng,"constitute, form, compose, make up",,,,,
1813,警察,警察,jǐngchá,"police officer, cop, trooper, bluecoat, finest, jack, peon, policeman, police force, constable, policemen, flattie, fuzz, constabulary, shamus, bull, bobby, robert, copper, tipstaff, rozzer, flatfoot, john, peeler, Vopo, law, runner, officer, gumshoe, pig, police, the police, beetle-crusher, flic",,,,,
1814,个性,個性,gèxìng,"kidney, specific property, personalism, fibre, individuation, personhood, particularity, fiber, character, individual character, self-identity, mentality, idiosyncrasy, spirit, individuality, individualism, selfhood, personality",,,,,
1815,研究院,研究院,yánjiùyuàn,"research institute, academy",,,,,
1816,意愿,意願,yìyuàn,"will, wish, desire, inclination, aspiration, request, pleasure",,,,,
1817,视讯,視訊,shìxùn,"visual signal, video, display",,,,,
1818,体制,體制,tǐzhì,"frame, organization, system of organization, framework, system, apparatus, framing, organisation",,,,,
1819,经济部,經濟部,jīngjìbù,Ministry of Economic Affairs,,,,,
1820,感受,感受,gǎnshòu,"perception, sentiment, mood",,,,,
1821,负责人,負責人,fùzérén,"sponsor, point man, leading cadre, person in charge, undertaker, keeper",,,,,
1822,阳光,陽光,yángguāng,"sunray, shine, sun, sunlight, sunshine, sunbeam",,,,,
1823,用来,用來,yònglái,"in order to, so as to",,,,,
1824,修,修,xiū,"embellish, decorate, repair, mend, overhaul, build, construct, trim, prune",,,,,
1825,机场,機場,jīchǎng,"landing field, flying field, airfield, airport, airdrome, field, aerodrome",,,,,
1826,中东,中東,zhōngdōng,Middle East,,,,,
1827,不用,不用,búyòng,need not,,,,,
1828,妹妹,妹妹,mèimèi,"little_sister, sis, younger sister, little sister, sister",,,,,
1829,顾问,顧問,gùwèn,"counsellor, advisor, councillor, friend, consultant, counsellorship, counselorship, adviser, counselor",,,,,
1830,上市,上市,shàngshì,go/appear on market,,,,,
1831,退休,退休,tuìxiū,"to retire, to go into retirement, to step down",,,,,
1832,肯,肯,kěn,be willing/ready to,,,,,
1833,早,早,zǎo,"early, premature",,,,,
1834,权益,權益,quányì,rights and interests,,,,,
1835,店,店,diàn,"shop, store, inn",,,,,
1836,够,夠,gòu,quite,,,,,
1837,决定,決定,juédìng,"decision, resolution",,,,,
1838,审查,審查,shěnchá,"examine, investigate",,,,,
1839,轻,輕,qīng,"light, agile, alert, easy, simple, rash, reckless, unimportant, frivolous, slight, neglect",,,,,
1840,处,處,chù,m.[general],,,,,
1841,望,望,wàng,"gaze into distance, observe",,,,,
1842,年纪,年紀,niánjì,"years, old age, age",,,,,
1843,交易,交易,jiāoyì,"deal, trade, transaction",,,,,
1844,房间,房間,fángjiān,"apartment, aspect, houseroom, room, chamber, bedroom",,,,,
1845,性格,性格,xìnggé,"fibre, make-up, mettle, humor, nature, complexion, capacity, mentality, mould, mold, being, streak, temperament, personality, character, fiber, disposition, strain, makeup, make",,,,,
1846,毕竟,畢竟,bìjìng,"after all, when all is said and done",,,,,
1847,词典,詞典,cídiǎn,"lexicon, dictionary",,,,,
1848,平衡,平衡,pínghéng,balance,,,,,
1849,哦,哦,ó,softly chant (poem); recite (poem) with cadence,,,,,
1850,苦,苦,kǔ,"be troubled by, suffer from, cause sb. suffering, bitter",,,,,
1851,拉,拉,lā,"slit, press-gang, help, solicit, lend a helping hand, canvass, draw, zoom, transport by vehicle, pull, release, press, cut, schlep, play (bowed instruments), tote, tug, gash, tow, bend, snake, schlepp, move (troops), solicitation, haul, chat, solicit (business), give a helping hand, drag out, force, play, slash, drum_up, claw, implicate, overstretch, empty the bowels, drag, trail, drag",,,,,
1852,大小,大小,dàxiǎo,"calibre, measurement, admeasurement, bulk, proportion, magnitude, extent, degree of seniority, dimension, girth, size, adults and children",,,,,
1853,佳,佳,jiā,"fine, beautiful, distinguished",,,,,
1854,保留,保留,bǎoliú,"continue to have, retain, hold back, reserve",,,,,
1855,玩具,玩具,wánjù,"yo-yo, bauble, plaything, toy, teether, knickknack",,,,,
1856,密切,密切,mìqiè,"osculate, intimate, close",,,,,
1857,不过,不過,búguò,"only, merely",,,,,
1858,打开,打開,dǎkāi,"unscrew, undo, break_out, open up, unbar, unpack, unwind, shoot, turn, switch_on, open, switch on, unroll, turn/switch on, unclose, straighten, unfold, crack, unwrap, ope, turn_on, turn on, chop",,,,,
1859,南,南,nán,"Yugoslavia, South, Nan, south, Surname, S, due south, austral, southern",,,,,
1860,乱,亂,luàn,"indiscriminate, riot, mix up, arbitrary, confused, throw into diorder, confuse, jumble, confusion, random, mishandle, in a turmoil, in a confused state of mind, snarl, in disorder, disturb",,,,,
1861,予以,予以,yūyǐ,give,,,,,
1862,供应,供應,gōngyìng,supply,,,,,
1863,文明,文明,wénmíng,"civilization, culture",,,,,
1864,按,按,àn,"according to, in accordance with",,,,,
1865,相处,相處,xiāngchǔ,get along (with one another),,,,,
1866,供应,供應,gōngyìng,supply,,,,,
1867,相处,相處,xiāngchǔ,get along (with one another),,,,,
1868,消费,消費,xiāofèi,expenditure,,,,,
1869,激烈,激烈,jīliè,"drastic, fierce, heated, acute, sharp, intense",,,,,
1870,付出,付出,fùchū,"pay, expend",,,,,
1871,竞争,競爭,jìngzhēng,compete,,,,,
1872,基金,基金,jījīn,"finances, endowment fund, foundation, fundation, treasury, fund, corpus, endowment, exchequer, investment firm, investment trust, investment company",,,,,
1873,好处,好處,hǎochù,"pull, profit, advantage, stead, benefit, virtu, welfare, virtue, good, behoof, goodness, gain, pap, beauty, beaut",,,,,
1874,作家,作家,zuòjiā,"penster, scribe, ink-slinger, pen, inkslinger, writer, wright, novelist, litterateur, literator, tragedian, composer, author, penman, biobibliography, bookman",,,,,
1875,若是,若是,ruòshì,"conj.: if, supposing",,,,,
1876,金钱,金錢,jīnqián,"pewter, splosh, green, Oscar, siller, gelt, tin, coin, roll, dollar sign, funds, dollar mark, shekels, wealth, lucre, pecuniary, dinero, bankroll, dough, scratch, bread, means, moolah, shekel, shiner, cabbage, kale, spondulicks, pelf, oof, money, loot, wampum, brass, dollar",,,,,
1877,落实,落實,luòshí,"fix/decide in advance, ascertain, make sure, fulfill, implement, put into effect",,,,,
1878,现有,現有,xiànyǒu,"now available, existing",,,,,
1879,等于,等於,děngyū,"be equal to, tantamount to, equal, be equal, amount, reach, be, be equivalent to",,,,,
1880,懂得,懂得,dǒngde,"experience, know, live, understanding, understand, twig, gaum, grasp",,,,,
1881,改进,改進,gǎijìn,improve,,,,,
1882,分配,分配,fēnpèi,"distribute, allot, assign",,,,,
1883,购物,購物,gòuwù,shopping,,,,,
1884,世纪,世紀,shìjì,"one C, centred, C, century, age, hundred, 100",,,,,
1885,共识,共識,gòngshì,"wavelength, common understanding, consensus",,,,,
1886,分配,分配,fēnpèi,"distribute, allot, assign",,,,,
1887,航空,航空,hángkōng,"air, aerospace, aerial, air travel, air power, aeronautical, navigation, voyage, aviation, aeronautic",,,,,
1888,累积,累積,lěijī,accumulate,,,,,
1889,法规,法規,fǎguī,"rule of law, proscription, ordinance, codification, laws and regulations, law, legislation, interdiction, rule, code, statutes, statute, canon, legislative act, law and regulations, prescription, prohibition, ban",,,,,
1890,程序,程序,chéngxù,"rules of order, parliamentary law, instruction, process, procedure, agenda, instance, parliamentary procedure, system, order, proceeding, programme, method, sequence, course, program",,,,,
1891,购物,購物,gòuwù,shopping,,,,,
1892,贡献,貢獻,gòngxiàn,contribution,,,,,
1893,特质,特質,tèzhí,"attribute, distinctive feature, make-up, particularity, ethos, a speciality, point, lineament, colour, identification, property, distinction, thing, speciality, difference, specialty, character, idiosyncrasy, feeling of identity, distinctiveness, specialness, makeup, spot, dimension, peculiarity, quality",,,,,
1894,任务,任務,rènwù,"imperative, assignment, cue, duty assignment, task, service, chore, labor, errand, job, lookout, undertaking, mission, military mission, duty, project, role",,,,,
1895,民意,民意,mínyì,"public_opinion, popular will",,,,,
1896,轻松,輕鬆,qīngsōng,"light, relaxed",,,,,
1897,军事,軍事,jūnshì,"war, martial, military affairs, legion, military",,,,,
1898,野生,野生,yěshēng,"desert, wild, godforsaken, waste, feral, uncultivated",,,,,
1899,道,道,dào,m.[event],,,,,
1900,形容,形容,xíngróng,"characterize, description, describe",,,,,
1901,展现,展現,zhǎnxiàn,unfold before one's eyes,,,,,
1902,挑战,挑戰,tiǎozhàn,a challenge to battle/contest,,,,,
1903,河,河,hé,"watercourse, stream, Yellow River, fluvial, river, drink",,,,,
1904,起,起,qǐ,"to run up, to lift, to rise",,,,,
1905,满,滿,mǎn,"quite, very",,,,,
1906,辆,輛,liàng,m.[general],,,,,
1907,球,球,qiú,ball,,,,,
1908,同,同,tóng,"together, in common",,,,,
1909,其次,其次,qícì,"conj.: next, second",,,,,
1910,统治,統治,tǒngzhì,"dominate, rule",,,,,
1911,跳,跳,tiào,"ricochet, make omissions, sell grain, vault, hop, bounce, bound, omission, omit, palpitate, move up and down, skip over, beat, take, spring, skip, dance, hurdle, skip (over), jump, leap",,,,,
1912,严格,嚴格,yángé,"rigorously enforce, rigorous, tight, grim, strict",,,,,
1913,想起,想起,xiǎngqǐ,"retrieve, think back, envisage, hit, echo, remember, think_of, call to mind, recall, recollect, think of",,,,,
1914,楼,樓,lóu,"storey, Lou, tower, superstructure, storied building, story, floor, Surname, a storied building",,,,,
1915,投资人,投資人,tóuzīrén,investor,,,,,
1916,修改,修改,xiūgǎi,"revise, amend, alter",,,,,
1917,帮忙,幫忙,bāngmáng,"assist, aid, smile, lend a hand, do a favour, help, oblige, give a hand, do favor, do a good turn",,,,,
1918,类型,類型,lèixíng,"category, species, genre, portrait, nature, stamp, cast, type",,,,,
1919,波,波,bō,m.[event],,,,,
1920,毛,毛,máo,"Mao, wool, bristle, nap, pilus, down, feather, mold, mildew, Surname, hair, 1 1 0 th yuan, 1 0 th yuan, dime, silk, cent, fur, marking",,,,,
1921,饭店,飯店,fàndiàn,"restraurant, restaurant, hotel",,,,,
1922,超越,超越,chāoyuè,"overpass, get_ahead, outdo, overshoot, outstrip, overstep, excel, outgo, outgrow, outmatch, overpeer, surpass, tower, exceed, overrun, outrun, transcend, cut_across, forerun, outclass, soar, transgress, antecede, beggar, break, outdistance, surmount",,,,,
1923,雨,雨,yǔ,rain,,,,,
1924,必要,必要,bìyào,need,,,,,
1925,旁边,旁邊,pángbiān,"by the side of, side, adjacency, near by",,,,,
1926,依然,依然,yīrán,"notwithstanding, natheless, withal, even so, yet, nonetheless, nevertheless, all the same, however, still, as before",,,,,
1927,看出,看出,kànchū,"perceive, tell, see, espy, discover, discern, make out, descry",,,,,
1928,旅行,旅行,lǔxíng,"travel, journey, tour",,,,,
1929,熟悉,熟悉,shóuxī,"know sth. well, know sb. well, get into, ken, have an intimate knowledge of, acquaint, know sth., know ... well, familiar, know sth./sb. well, be familiar with, sb. well",,,,,
1930,不同,不同,bùtóng,difference,,,,,
1931,抓,抓,zhuā,"clutch, cop, grab, press-gang, scrape, arrest, hent, catch, pay special attention to, be responsible for, scratch up, take charge of, paw, grasp, scratch, claw, nab, clapperclaw, glom, seize, capture, snatch, prehend, stress",,,,,
1932,餐厅,餐廳,cāntīng,"dining hall, restaurant, eating place, eating house, hall, dining_room, rathskeller, brasserie, dining room/hall, refectory, dining room, lunchroom, diner, inn",,,,,
1933,不妨,不妨,bùfáng,"there is no harm in, might as well",,,,,
1934,平等,平等,píngděng,equal,,,,,
1935,困难,困難,kùnnán,"difficulty, straitened circumstances, dire straits",,,,,
1936,颜色,顏色,yánsè,"companion, countenance, pigment, coloring, tincture, dyestuff, colour, facial expression, tinct, grain, colouring, color",,,,,
1937,谈到,談到,tándào,"cite, speak_to, name, hit, about, speak, refer, speak about, mention, advert, allude, speak_of, speak of, talk about, bring up, touch_on, touch on, touch",,,,,
1938,弹性,彈性,tánxìng,elasticity,,,,,
1939,从此,從此,cóngcǐ,"hereon, hence, henceforth, thereupon, therefrom, from now on, from then on",,,,,
1940,哈,哈,hā,"sound of laughter, haha",,,,,
1941,待,待,dài,till,,,,,
1942,硬体,硬體,yìngtǐ,hardware,,,,,
1943,种子,種子,zhǒngzi,"pippin, berry, pip, edible seed, key, spore, seed, canary seed",,,,,
1944,份子,份子,fènzǐ,"share for a joint undertaking, as in buy, member, gift of money, share for a joint undertaking, as in buying a gift",,,,,
1945,命运,命運,mìngyùn,"foredoom, lot, appointment, lottery, fortune, chance, dole, circumstances, allotment, predestination, cup, luck, fare, destiny, portion, kismet, fate, doom, line, fatality, weird, hazard, karma",,,,,
1946,看起来,看起來,kànqǐlái,"it looks as if, on the face of it, it appears, it seems, ostensibly, seemingly, apparently, it look as if",,,,,
1947,规范,規範,guīfàn,"constraint, norm",,,,,
1948,演奏,演奏,yǎnzòu,give instrumental performance,,,,,
1949,癌症,癌症,yánzhèng,"carcinomatosis, cancer",,,,,
1950,艺术家,藝術家,yìshùjiā,"poet, creative person, longhair, artist, painter",,,,,
1951,过,過,guò,"too, excessively",,,,,
1952,得以,得以,déyǐ,"can, so that...can(may)...",,,,,
1953,日本人,日本人,rìběnrén,"Jap, Nipponese, Japanner, skibby, Nip, Japanese",,,,,
1954,街,街,jiē,"county fair, fair, place, market, toby, street",,,,,
1955,极为,極為,jíwéi,"all, absolutely, extremely, dead, utterly, entirely, eminently, exceedingly, vitally, helluva, definitely, superlatively, totally, completely",,,,,
1956,先进,先進,xiānjìn,advance,,,,,
1957,难道,難道,nándào,Do you really mean to say that...,,,,,
1958,出发,出發,chūfā,"depart, get_off, proceed, take_the_road, part, set out, start from, start out, sidetrack, start/proceed from, stray, take the road, sally out, sally_forth, proceed from, set_off, sally forth, take off, start, set forth, set off, digress, straggle, start off, move",,,,,
1959,市府,市府,shìfǔ,city government,,,,,
1960,谘询,諮詢,zīxún,seek counsel of,,,,,
1961,嘴,嘴,zuǐ,"spigot, mug, rattletrap, kisser, trap, puss, visage, spile, nib, smiler, beak, countenance, snout, physiognomy, bill, cake-hole, bazoo, spout, anything shaped or functioning like a mouth, mouth, gob, neb",,,,,
1962,谘询,諮詢,zīxún,seek counsel of,,,,,
1963,陪,陪,péi,"companion, see, escort, accompany, keep ... company, keep sb. company, assist, keep company, compensate, company",,,,,
1964,停,停,tíng,"stay, cease, put_off, cessation, stop, switch off, cheese, stop over, cut off, halt, turn off, lie at anchor, pause, park",,,,,
1965,连接,連接,liánjiē,"associate, coupled, conjoin, join, cable, interface, tie_in, joint, tie in, couple up, connect, bring together, couple, relate, conjunct, unite, couple_on, tie, couple on, attach, link",,,,,
1966,外交,外交,wàijiāo,"diplomatics, diplomatic negotiations, diplomacy, nonintervention, diplomatism, diplomatic, foreign affairs",,,,,
1967,营业,營業,yíngyè,do business,,,,,
1968,期待,期待,qídài,look forward to,,,,,
1969,骂,罵,mà,"chew_out, vituperate, dispraise, condemnation, condemn, baste, scold, rate, curse, tear_apart, chide, call names, abuse, reprove, rebuke, fling, thunder, reproof, swear",,,,,
1970,期待,期待,qídài,look forward to,,,,,
1971,授权,授權,shòuquán,"empower, authorize",,,,,
1972,面前,面前,miànqián,"in_front, in front of, in the front of, in the face of, front, presence, before",,,,,
1973,始终,始終,shǐzhōng,"all_the_time, from beginning to end, from start to finish, always, all along, evermore, throughout",,,,,
1974,理解,理解,lǐjiě,"understand, comprehend",,,,,
1975,正好,正好,zhènghǎo,"just, exactly",,,,,
1976,多么,多麼,duóme,"to what extent, to what degree, however, what, how",,,,,
1977,澳洲,澳洲,àozhōu,Australia,,,,,
1978,理解,理解,lǐjiě,"understand, comprehend",,,,,
1979,特定,特定,tèdìng,"specifically, ad-hoc, given, specially designated, specific, specialized, ad hoc, specified",,,,,
1980,县长,縣長,xiànzhǎng,"praefect, head of a county, county magistrate, county head/magistrate, magistrate, county head",,,,,
1981,认真,認真,rènzhēn,"serious, earnest, take for real",,,,,
1982,乐团,樂團,yuètuán,"orchestra, philharmonic orchestra, philharmonic society/orchestra, dance orchestra, dance band, band, philharmonic society",,,,,
1983,认真,認真,rènzhēn,"serious, earnest, take for real",,,,,
1984,主力,主力,zhǔlì,"brunt, main force, backbone",,,,,
1985,福利,福利,fúlì,"well-being, fringe_benefit, material benefits, social welfare, weal, welfare",,,,,
1986,不得不,不得不,bùdébù,"cannot but, have to",,,,,
1987,生意,生意,shēngyì,"business enterprise, vocation, practice, merchant, dealing, patronage, deal, commercial enterprise, trade, biz, business, dealings, racket",,,,,
1988,情,情,qíng,"sensibility, soil moisture content, affection, feeling, state of affairs, circumstances, interest, emotion, sentiment, condition, mood, situation, kindness, love, inclination, favour, passion",,,,,
1989,从小,從小,cóngxiǎo,"from childhood, as a child",,,,,
1990,展出,展出,zhǎnchū,exhibit,,,,,
1991,看看,看看,kànkàn,"think, consider",,,,,
1992,取代,取代,qǔdài,"replace, substitute for, replacement, supersede, substitute, supersession, supplant, displace, preempt, outplace, take the place of, displacement",,,,,
1993,全面,全面,quánmiàn,"overall, comprehensive, all-round, all-out",,,,,
1994,名称,名稱,míngchēng,"title, denotation, compellation, appellative, designation, name, denomination, calling, rubric, appellation",,,,,
1995,队,隊,duì,m.[general],,,,,
1996,派,派,pài,"send, dispatch, assign, appoint",,,,,
1997,华人,華人,huárén,"Chinese, Ch. people",,,,,
1998,藉由,藉由,jièyóu,depend/rely on,,,,,
1999,生气,生氣,shēngqì,"get angry, be angry",,,,,
2000,县府,縣府,xiànfǔ,county government,,,,,
2001,冲击,衝擊,chōngjí,"lash, pound, charge, assault",,,,,
2002,资产,資產,zīchǎn,"resource, belongings, holding, material possession, asset, capital fund, competency, substance, property, capital, assets",,,,,
2003,试,試,shì,"offer, attempt, essay, flesh, try, seek, assay, test",,,,,
2004,发出,發出,fāchū,"voice, send_out, give_forth, send out, exhale, sound, fetch, pass off, shoot, effuse, issue, emanate, raise, give, shed, send/give out, utter, go, escape, proceed, send, give forth, give_off, give off, fall, eradiate, emit, flash, scintillate, issue_forth, give_out, give out, clank, reek, place, breathe",,,,,
2005,毫无,毫無,háowú,completely lack,,,,,
2006,停止,停止,tíngzhǐ,"cease, flunk, desist, pass, suspend, stint, pass_off, break_up, stash, cut, stay, cessation, adjourn, rain_out, give, detain, blow_over, seize, give up, balk, cheese, abstain, refrain, knock_off, rest, abandon, break, knock off, drop, go, tie_up, stop, interdict, strike, lay_off, stow, cut off, discontinue, pause, leave_off, leave off, set aside, give_out, cut_out, give_up, delay, quit, cut out",,,,,
2007,基地,基地,jīdì,base,,,,,
2008,感动,感動,gǎndòng,"be touched, be moved, affect, feel, stir, thrill, melt, magnetize, inspire, touch, reach, move",,,,,
2009,矛盾,矛盾,máodùn,contradictory,,,,,
2010,药物,藥物,yàowù,"healer, pharmic, medicine, druggery, curative, drug, pharmaceuticals, medicines, medicaments, medicinal, medicament, pharmaceutical, medication, remedy, drugs",,,,,
2011,不幸,不幸,búxìng,unfortunate,,,,,
2012,矛盾,矛盾,máodùn,contradictory,,,,,
2013,改造,改造,gǎizào,"recast, rebuild, re-form, reconstruct, remake, transformation, remould, transmake, reform, transform, remodel, reorganize, retread, remold, remodify, reshape, remoulding, redo, alter, recreate, transmute, make over, refashion, revamp",,,,,
2014,感觉,感覺,gǎnjué,"feel, perceive, become aware of",,,,,
2015,董事长,董事長,dǒngshìzhǎng,board chair,,,,,
2016,竞争力,競爭力,jìngzhēnglì,competitive ability,,,,,
2017,中间,中間,zhōngjiān,"center, middle",,,,,
2018,毛泽东,毛澤東,máozédōng,"CCP leader, founder of PRC",,,,,
2019,痛,痛,tòng,"ache, pain",,,,,
2020,采购,採購,cǎigòu,choose and purchase,,,,,
2021,堆,堆,duī,m.[proximation],,,,,
2022,蛇,蛇,shé,"ophidian, serpent, Indian python, snake, Python molurus, viper",,,,,
2023,有意,有意,yǒuyì,"have a mind to, be interested in",,,,,
2024,估计,估計,gūjì,"forecast, set, evaluate, rate, gauge, measure, count, assess, calculate, estimate, reckon, appraisal, compute, estimated, value, appraise, put, overrate, make, place, size_up",,,,,
2025,层次,層次,céngcì,"administrative levels, rank order, arrangement, arrangement of ideas, stratification, levels, gradation, level, grade, hierarchy, coat, place",,,,,
2026,主导,主導,zhǔdǎo,"leading, dominant, guiding",,,,,
2027,足够,足夠,zúgòu,"fully, enough, last, amply, suffice, sufficiently",,,,,
2028,林,林,lín,"circle, group, forest, wood, woods, line, circles, grove, collection of literary works, Lin, Surname, forestry",,,,,
2029,饭,飯,fàn,"food, meal, repast, cooked rice or other cereals, dinner",,,,,
2030,号,號,hào,m.[general],,,,,
2031,亲自,親自,qīnzì,"personally, in person, firsthand",,,,,
2032,主导,主導,zhǔdǎo,"leading, dominant, guiding",,,,,
2033,等到,等到,děngdào,until,,,,,
2034,便宜,便宜,piányí,cheap,,,,,
2035,更为,更為,gèngwéi,(even) more,,,,,
2036,天空,天空,tiānkōng,"firmament, heavenly, empyrean, heavens, welkin, blue, canopy, cloud, the heavens, vault, air, sky, the sky, Aether, wild blue yonder, blue air, heaven, blue sky, space",,,,,
2037,反弹,反彈,fǎntán,rebound,,,,,
2038,似,似,sì,"be similar/like, seem, appear",,,,,
2039,些,些,xiē,a little bit,,,,,
2040,爸,爸,bà,"papa, dad, father",,,,,
2041,训练,訓練,xùnliàn,"train, drill",,,,,
2042,寻求,尋求,xúnqiú,"seek, explore",,,,,
2043,反弹,反彈,fǎntán,rebound,,,,,
2044,手法,手法,shǒufǎ,"manoeuvering, artifice, manner, hanky-panky, legerdemain, tactical manoeuver, trick, tactical maneuver, maneuver, technique, play, tactic, manoeuvre, modus_operandi, prestidigitation, stroke, tact, skill, maneuvering, sleight, implement, touch, gimmick",,,,,
2045,私人,私人,sīrén,"one's own man, private, personal relative, personal friend/relative, personal friend, confidant",,,,,
2046,光碟,光碟,guāngdié,"compact disk, compact disc, CD ROM, compact_disk, CD",,,,,
2047,立法院,立法院,lìfǎyuàn,"general assembly, Legislative House, law-makers, Legislative Yuan/House, Legislative Yuan, legislature, House, legislative assembly",,,,,
2048,组合,組合,zǔhé,"make up, compose, unite",,,,,
2049,稍,稍,shāo,"a little bit, any, slightly, a little, mezzo, poco, a bit",,,,,
2050,层面,層面,céngmiàn,"storey, level, side, story, range, floor, coverage",,,,,
2051,中研院,中研院,zhōngyányuàn,Academia Sinica,,,,,
2052,困扰,困擾,kùnrǎo,"perplexity, puzzle",,,,,
2053,热闹,熱鬧,rènào,"lively, buzzing with excitement",,,,,
2054,日后,日後,rìhòu,in the future,,,,,
2055,实,實,shí,"truely, really, actually",,,,,
2056,热闹,熱鬧,rènào,"lively, buzzing with excitement",,,,,
2057,喜爱,喜愛,xǐài,"like, love, be fond of",,,,,
2058,时,時,shí,"time (when), period, hour",,,,,
2059,美好,美好,měihǎo,"fine, happy, glorious",,,,,
2060,机车,機車,jīchē,"motorbike, motorcycle, put-put, pig, loco, engine, locomotive",,,,,
2061,韩国,韓國,hánguó,"South Korea, Corea, Korea, ROK, Korean",,,,,
2062,收入,收入,shōurù,"earning, incoming, gainings, finance, ingathering, proceed, receipts, income, coming-in, taking, pocket, earnings, fruit, revenue, proceeds, living",,,,,
2063,议员,議員,yìyuán,"councillor, member of legislative body, deputy, councilman, council member, legislator, solon, Congresswoman, Member of Parliament, assemblyman, Congressman",,,,,
2064,卫星,衛星,wèixīng,"man-made satellite, artificial satellite, moon, acolyte, satellite",,,,,
2065,胜,勝,shèng,"be superior to, surpass, succeed, win victory, be victorious, get the better of, can bear, carry, excel, be successful, win",,,,,
2066,注,註,zhù,"explanatory note, annotation",,,,,
2067,彻底,徹底,chèdǐ,"thorough, drastic, exhaustive, outright, complete",,,,,
2068,预定,預定,yūdìng,"predetermination, predetermine, forespeak, preordain, engage, budget, reserve, phase, slate, fix in advance, predestine, state, preconcert, prearrange, take, schedule, destine, bespeak, foreordain, predestinate",,,,,
2069,房屋,房屋,fángwū,"casa, premises, buildings, digging, houses, housing, tenement, house",,,,,
2070,提醒,提醒,tíxǐng,"remind, warn, alert to",,,,,
2071,盖,蓋,gài,"cover, seal, affix seal, surpass, top, prevail over",,,,,
2072,营运,營運,yíngyùn,"operation, orbit, be in motion, gravitate, run (a program), do business, move",,,,,
2073,提醒,提醒,tíxǐng,"remind, warn, alert to",,,,,
2074,所在,所在,suǒzài,"ubiety, location, place, locality",,,,,
2075,详细,詳細,xiángxì,"detailed, minute",,,,,
2076,盖,蓋,gài,"cover, seal, affix seal, surpass, top, prevail over",,,,,
2077,结论,結論,jiélùn,"ultimate, sequitur, consequent, ending, close, inference, closing, end matter, afterword, consequence, verdict, finality, back matter, conclusion, peroration, summation, summing-up, end, upshot, illation, outcome, conclusion (of a syllogism)",,,,,
2078,反正,反正,fǎnzhèng,"anyway, anyhow, in any case",,,,,
2079,牛,牛,niú,"ox, cattle, cow",,,,,
2080,右,右,yòu,"right side as side of precedence, right side, west, winger, right, the right side, the Right, the right",,,,,
2081,广泛,廣泛,guǎngfàn,"extensive, wide-ranging",,,,,
2082,愉快,愉快,yūkuài,"be happy, be cheerful",,,,,
2083,阵,陣,zhèn,m.[event],,,,,
2084,愉快,愉快,yūkuài,"be happy, be cheerful",,,,,
2085,优势,優勢,yōushì,"ascendence, laterality, preponderancy, vantage, ascendancy, ascendent, transcendency, dominance, predominance, draw, gree, upper_hand, prevalence, advantage, mastery, ascendency, supremacy, advantageousness, control, preeminence, dominion, jump, edge, better, deadwood, overweight, superiority, domination, sovereignty, preponderance, ascendance, transcendence, prepotency, hank, asce",,,,,
2086,流程,流程,liúchéng,"workflow, course (of river, technological process, process, driftage, manufacturing/technological process/workflow, etc.), course (of river/etc.), course, manufacturing, manufacturing process, technological workflow, circuit, flow",,,,,
2087,搭,搭,dā,"put up, construct, join together, add (money/etc.)",,,,,
2088,阶级,階級,jiējí,"state, social class, degree, people, gradation, echelon, persuasion, position, order, class, remove, social status, notch, parity, social rank, sort, step, condition, rank, social station",,,,,
2089,境界,境界,jìngjiè,"confine, state, delimitation, extent reached, ambit, bourne, realm, hem, boundary, bourn, plane attained, region, precinct, mete, division",,,,,
2090,大部份,大部份,dàbùfèn,"most, gross, heft, generality, mass, majority, det.: most of, the majority of, bulk",,,,,
2091,限制,限制,xiànzhì,"restrict, confine",,,,,
2092,连续,連續,liánxù,"continuously, successively",,,,,
2093,客人,客人,kèrén,"stranger, guest, caller, client, visitant, invitee, company, visitor",,,,,
2094,秩序,秩序,zhìxù,"order, sequence",,,,,
2095,力,力,lì,"power, strength, ability, force, physical strength",,,,,
2096,这儿,這兒,zhèēr,"now, here",,,,,
2097,养,養,yǎng,"keep in good repair, keep, cultivate, cultivation, form, maintenance, foster, give birth to, convalesce, sustain, nourish, support, provide for, convalescence, grow, raise, maintain, acquire, rest, recuperate",,,,,
2098,保守,保守,bǎoshǒu,conservative,,,,,
2099,过去,過去,guòqù,"go over, pass by",,,,,
2100,市立,市立,shìlì,"city-established, municipal",,,,,
2101,引发,引發,yǐnfā,"trigger, motivate, set, evoke, initiate, evoke emotion, initiation",,,,,
2102,东方,東方,dōngfāng,"oriental, dawning, northeast, eastward, E, Orient, orient, orientation, the Orient, Surname, sunrise, eastern, eastern hemisphere, Dongfang, due east, East, the East, east, the east",,,,,
2103,大盘,大盤,dàpán,"grail, market quotation, current price",,,,,
2104,奥会,奧會,àohuì,International Olympic Committee,,,,,
2105,财务,財務,cáiwù,"finance, financial affairs, financial",,,,,
2106,经历,經歷,jīnglì,"go through, undergo, experience",,,,,
2107,面,面,miàn,m.[general],,,,,
2108,错误,錯誤,cuòwù,"error, blunder",,,,,
2109,爷爷,爺爺,yéyé,"grandad, Grandpa, granddad, grandpa, (paternal) grandfather, gramps, granddaddy, grandfather",,,,,
2110,国会,國會,guóhuì,"Storthing, Oireachtas, Cortes, Congress, congress, diet, the Diet, duma, congressional, Capitol, parliament, house",,,,,
2111,差距,差距,chājù,spatial difference,,,,,
2112,伤害,傷害,shānghài,harm,,,,,
2113,委讬,委託,wěituō,"authorize, commend, consign",,,,,
2114,之所以,之所以,zhīsuǒyǐ,conj.: why,,,,,
2115,台,台,tái,m.[event],,,,,
2116,赶快,趕快,gǎnkuài,"quickly, hastily",,,,,
2117,移民,移民,yímín,emigrant/immigrant,,,,,
2118,商店,商店,shāngdiàn,"concern, hospital, business, store, shoppe, shop",,,,,
2119,委讬,委託,wěituō,"authorize, commend, consign",,,,,
2120,投票,投票,tóupiào,"ballot, tender, bid, poll, cast, cast a vote, vote",,,,,
2121,同事,同事,tóngshì,"brother, coadjutor, workmate, friend, yokefellow, co-worker, fellow worker, confrere, colleague, stablemate, companion, crew, workfellow, staff, socius, coworker, bedfellow, fellow, haver, rival, comrade",,,,,
2122,进而,進而,jìnér,conj.: proceeding to the next step,,,,,
2123,将军,將軍,jiāngjūn,"problem, mate, general, high-rank officer, marshal, full general, shogun, aga, warlord, tycoon, check",,,,,
2124,球员,球員,qiúyuán,"ballplayer, player, ball team member",,,,,
2125,原来,原來,yuánlái,original,,,,,
2126,冷,冷,lěng,"cool, rare, cold, unfrequented, feel cold, chill, frosty(in manner), shot from hiding, strange",,,,,
2127,感染,感染,gǎnrǎn,"infect, influence, affect",,,,,
2128,导演,導演,dǎoyǎn,director,,,,,
2129,人间,人間,rénjiān,the human world,,,,,
2130,古,古,gǔ,"ancient, age-old;not following current customs/practice",,,,,
2131,感染,感染,gǎnrǎn,"infect, influence, affect",,,,,
2132,财产,財產,cáichǎn,"aught, belonging, fortune, material possession, cash, riches, substance, assets, property, wealth, belongings, estate, seizin, thing, holding, possession, means, goods, asset, pelf, money, propertied, seisin, res, having",,,,,
2133,分享,分享,fēnxiǎng,"share (joy/rights/etc.), partake of",,,,,
2134,遗址,遺址,yízhǐ,"ruins, remains, monument, relics",,,,,
2135,发觉,發覺,fājué,"light upon, discovery, find, see, espy, discover, perceive, strike, come upon, detection, come across, happen upon, detect, chance upon, chance on",,,,,
2136,造型,造型,zàoxíng,"moulding, molding, style, mold, mold-making, fashioning, mould-making, modelling, model",,,,,
2137,一面,一面,yīmiàn,"at the same time, simultaneously",,,,,
2138,分享,分享,fēnxiǎng,"share (joy/rights/etc.), partake of",,,,,
2139,不只,不只,bùzhǐ,"not only, not merely, not_only",,,,,
2140,不禁,不禁,bùjīn,can't help (doing sth.),,,,,
2141,打破,打破,dǎpò,"shiver, better, explode, smash, crush, fall apart, discomfit, part, shatter, force, murder, wear, break, bust, drub, wear out",,,,,
2142,忽略,忽略,hūluè,"overpass, fail, pretermit, outlook, pass, overlook, neglectful, snub, cut, neglect, marginalize, miss, lose sight of, disregard, slur, ignore, forget",,,,,
2143,原有,原有,yuányǒu,"originally possess, previously exist",,,,,
2144,草案,草案,cǎoàn,"ground plan, plan, blueprint, a protocol, skeleton, a draft plan, a draft, sketch, rough, an outline, draft",,,,,
2145,害怕,害怕,hàipà,"dread, be afraid/scared, fearful, frighten, fear, frightened, shrink_from, be afraid, funk, scared, be scared, tremble",,,,,
2146,身为,身為,shēnwéi,"as, in the capacity of",,,,,
2147,性能,性能,xìngnéng,"operation, function (of machine, functioning, natural capacity, etc.), capability, behavior, capacity, performance, function, funtion, property, function (of machine/etc.)",,,,,
2148,活泼,活潑,huópō,"lively, vivacious, vivid",,,,,
2149,记录,記錄,jìlù,"record, note",,,,,
2150,清华,清華,qīnghuá,"Qinghua, National Tsing Hua University",,,,,
2151,综合,綜合,zònghé,"synthetical, comprehensive, multiple, composite",,,,,
2152,讲话,講話,jiǎnghuà,"parley, jaw, turn to, address, talk, speak, say, speak to",,,,,
2153,尽量,儘量,jǐnliàng,to the best of one's ability,,,,,
2154,违反,違反,wéifǎn,"outrage, depart, offend, violate, go_against, deviate, infringe, diverge, vary, go against, violation, contravene, transgress, infringement, infract, breach, break, run counter to",,,,,
2155,伟大,偉大,wěidà,"great, mighty",,,,,
2156,金额,金額,jīné,"amount of money, sum_of_money, sum, money, penny, amount/sum of money, sum of money, amount",,,,,
2157,功课,功課,gōngkè,"task, schoolwork, homework, preparation, prep, subject, lesson",,,,,
2158,伟大,偉大,wěidà,"great, mighty",,,,,
2159,场地,場地,chǎngdì,"grounds, site, ground, yard, precinct, space, course, place, park, property",,,,,
2160,庞大,龐大,pángdà,"huge, immense",,,,,
2161,市区,市區,shìqū,"urban area, city proper, row, urban district, downtown, urban_area",,,,,
2162,巴黎,巴黎,bālí,"City of Light, French capital, capital of France, Paris",,,,,
2163,反省,反省,fǎnxǐng,"introspect, self-questioning",,,,,
2164,主角,主角,zhǔjiǎo,"leading role, title_role, star, protagonist, lead, principal, title role, name part",,,,,
2165,理事长,理事長,lǐshìzhǎng,"presiding officer, chairman_of_the_board, chairman of the board, council chairperson",,,,,
2166,背后,背後,bèihòu,"rear, in the rear, behind, rearward, at the back, backside, back end",,,,,
2167,庞大,龐大,pángdà,"huge, immense",,,,,
2168,反省,反省,fǎnxǐng,"introspect, self-questioning",,,,,
2169,牺牲,犧牲,xīshēng,"sacrifice oneself, die martyr's death, do sth. at the expense of self or sb. else",,,,,
2170,天,天,tiān,"God, Heaven, nature, weather, season",,,,,
2171,蛮,蠻,mán,"pretty, very, quite, more or less, pretty much, fairly, rather, somewhat, to some extent",,,,,
2172,以便,以便,yǐbiàn,"conj.: so that, in order to, with the aim of",,,,,
2173,牺牲,犧牲,xīshēng,"sacrifice oneself, die martyr's death, do sth. at the expense of self or sb. else",,,,,
2174,预防,預防,yūfáng,"prevent, guard against",,,,,
2175,争,爭,zhēng,"be short of, disagree, argue, duel, arguement, compete, vie, dispute, contest, fence, be wanting, contend, debate, disputation, strive",,,,,
2176,种类,種類,zhǒnglèi,"kidney, description, race, form, nature, manner, variety, feather, ordering, ilk, style, class, order, stamp, type, genus, category, stripe, kind, strain, cast, shape, denomination, species, persuasion, league, classification, breed, sort",,,,,
2177,预防,預防,yūfáng,"prevent, guard against",,,,,
2178,就业,就業,jiùyè,get or take up a job,,,,,
2179,本土,本土,běntǔ,"mainland, native, one's native country, metropolitan territory, continent",,,,,
2180,天气,天氣,tiānqì,"sky, elements, weather condition, atmospheric condition, weather",,,,,
2181,夫妻,夫妻,fūqī,"couple, spouse, pair, man and wife, husband and wife",,,,,
2182,左,左,zuǒ,"left side, east, the Left",,,,,
2183,优点,優點,yōudiǎn,"strong, merit, vantage, excellency, perfection, assets, beaut, advantage, excellence, upside, strong_point, good point, virtue, desert, desirability, strong point, long_suit, beauty, strong/good point, desirableness",,,,,
2184,嗯哼,嗯哼,ēnhēng,well,,,,,
2185,就业,就業,jiùyè,get or take up a job,,,,,
2186,事物,事物,shìwù,"proposition, pigeon, object, thing, affair, un",,,,,
2187,困境,困境,kùnjìng,"hell, soup, muddle, hell on earth, kettle of fish, embarrassment, mess, straits, stymie, hot potato, jam, hole, swamp, howdo-you-do, dilemma, spot, inferno, corner, difficult position, adversity, scrape, lurch, the pits, mire, box, fix, hot_potato, hardship, squeeze, pickle, dire straits, extremity, bind, puzzledom, morass, difficulty, quagmire, predicament",,,,,
2188,呼籲,呼籲,hūyū,appeal to,,,,,
2189,据说,據說,jùshuō,"they say, it is said, it is said that..., reputedly, allegedly",,,,,
2190,人事,人事,rénshì,"personnel, ways of the world, what is humanly possible, human affairs, occurrences in human life, consciousness of the outside world, personnel matters",,,,,
2191,大学生,大學生,dàxuéshēng,"man, university/college student, college man, university student, colleger, university, undergrad, undergraduate, college boy, college student, collegian, university_student, undergraduate student, geeks",,,,,
2192,洗,洗,xǐ,"wash, bathe, sack, develop (film), shuffle (cards/etc.)",,,,,
2193,农村,農村,nóngcūn,"country, village, countryside, rural area",,,,,
2194,数学,數學,shùxué,mathematics,,,,,
2195,女士,女士,nǔshì,"senorita, lady, Ms., mum, Senora, educated girl, educated woman, madonna, madam, Miss, woman, ma'am, Madame, madame, gentlewoman, senhorita, dame, mademoiselle",,,,,
2196,风气,風氣,fēngqì,"mores, ethos, order_of_the_day, climate, established practice, genius, genius loci, atmosphere, tone, general mood, common practice, fashion",,,,,
2197,必然,必然,bìrán,"surely, inevitably, pardi, certainly",,,,,
2198,难得,難得,nándé,"hard to come by, rare, seldom",,,,,
2199,乐器,樂器,yuèqì,"chime, axe, musical instrument, instrument",,,,,
2200,果然,果然,guǒrán,"really, as expected, sure enough",,,,,
2201,安非他命,安非他命,ānfēitāmìng,"amphetamine sulphate, amphetamine, pep pill, pep bill, speed, benny, upper",,,,,
2202,床,床,chuáng,bed,,,,,
2203,局,局,jú,m.[event],,,,,
2204,指,指,zhǐ,point at/to/out,,,,,
2205,戏,戲,xì,"drama, play, show",,,,,
2206,除非,除非,chúfēi,"conj.: only if/when, unless",,,,,
2207,订,訂,dìng,"subscribe to, agree on, revise, draw up, staple together, book (seats), conclude, order, book, subscribe, make corrections",,,,,
2208,研究员,研究員,yánjiùyuán,"fellowship, research worker, investigator, boffin, researcher, research_worker, research fellow",,,,,
2209,唉,唉,āi,"mild exclamation/sigh, Gosh!, My!",,,,,
2210,着手,著手,zhuóshǒu,"put hand to, initiatory, begin, set to, set_out, institute, proceed, start up, turn_to, fall, spring-clean, embark, go_about, undertake, accede to, enter upon, get to work, set about, commence, enter, put one's hand to, start",,,,,
2211,热烈,熱烈,rèliè,ardent,,,,,
2212,按,按,àn,"press, push down",,,,,
2213,能源,能源,néngyuán,"energy sources, energy, juice, power sources, energy resources, the sources of energy, sources of energy",,,,,
2214,其余,其餘,qíyū,"etceteras, det.: others, remainder, the rest",,,,,
2215,找出,找出,zhǎochū,"rout out, find, unearth, rout up, rout, quest, observe, notice, grub, seek_out, dig_out, seek out, discover, find_out, root_out, spy, spot, detect, smoke out",,,,,
2216,影片,影片,yǐngpiàn,"celluloid, movie_film, flick, production, film, pic, movie",,,,,
2217,白色,白色,báisè,"White, white, whiteness, White (as symbol of anticommunism), white (color)",,,,,
2218,可以,可以,kěyǐ,"passable, pretty good, not bad",,,,,
2219,等待,等待,děngdài,"wait for, await",,,,,
2220,创作,創作,chuàngzuò,"create, produce, write",,,,,
2221,等待,等待,děngdài,"wait for, await",,,,,
2222,年度,年度,niándù,(school/etc.) year,,,,,
2223,慢,慢,màn,"tardy, rude, slow down, slow, slow up, retard, lose, defer, supercilious, postpone, decelerate",,,,,
2224,缺点,缺點,quēdiǎn,"privilege, bug, failing, flaw, demerit, blemish, debit, limitation, mar, defect, glitch, foible, infirmity, blot, vice, drawback, disadvantage, imperfection, blemishment, weakness, tache, defection, shortcoming, malady, frailty, fault",,,,,
2225,接近,接近,jiējìn,"approach, near, be close to",,,,,
2226,数据,數據,shùjù,data,,,,,
2227,缺,缺,quē,"be short of, lack",,,,,
2228,中,中,zhōng,[aspect],,,,,
2229,条例,條例,tiáolì,"rules, regulation, enactment, regulations, ordonnance, ordinance, statute, act, prescription, ordinances",,,,,
2230,药,藥,yào,"healer, medicine, certain chemicals, drug, medicament, medicinal drug, aspirin, medication, remedy, physic",,,,,
2231,报告,報告,bàogào,"report, make known",,,,,
2232,身边,身邊,shēnbiān,"nearby, side, at hand",,,,,
2233,改为,改為,gǎiwéi,"change ... into, change to",,,,,
2234,指标,指標,zhǐbiāo,"directive, characteristic, guideline, quota, index, norm, indication, fingerboard, indicant, loadstar, guiding principle, target, needle, fingerpost, pointer, indicator",,,,,
2235,沿,沿,yán,along,,,,,
2236,设定,設定,shèdìng,"frame, time",,,,,
2237,眼光,眼光,yǎnguāng,"brainstorm, eye, penetration, view, brainwave, way of looking at things, foresight, discernment, insight, vision, judgment, sight, taste",,,,,
2238,设定,設定,shèdìng,"frame, time",,,,,
2239,聪明,聰明,cōngmíng,"intelligent, bright, clever",,,,,
2240,下列,下列,xiàliè,"listed below, following",,,,,
2241,打电话,打電話,dǎdiànhuà,make telephone call,,,,,
2242,举,舉,jǔ,"lift, raise, hold up, cite, propose",,,,,
2243,医学院,醫學院,yīxuéyuàn,"faculty of medicine, medical school, school of medicine",,,,,
2244,参考,參考,cānkǎo,reference,,,,,
2245,大自然,大自然,dàzìrán,"wild, earth, nature, natural state, state of nature",,,,,
2246,骑,騎,qí,"ride/sit astride, ride astride, override, get_onto, sit on the back of, sit, stride, ride_on, ride, mount, pedal, sit astride, bestraddle",,,,,
2247,人际,人際,rénjì,human relation,,,,,
2248,汉人,漢人,hànrén,"Han, Han people, people of Han Dynasty, Han person/people, Han person, people, the Hans, the Han people, Han ethnic group",,,,,
2249,剩下,剩下,shèngxià,"be left over, leave, be left (over), be left, remain",,,,,
2250,传播,傳播,chuánbò,"disseminate, propagate, spread",,,,,
2251,自从,自從,zìcóng,since,,,,,
2252,传播,傳播,chuánbò,"disseminate, propagate, spread",,,,,
2253,冠军,冠軍,guànjūn,champion,,,,,
2254,学会,學會,xuéhuì,"learned society, (scholarly) association",,,,,
2255,海洋,海洋,hǎiyáng,"briny, profound, main, deep, sea, oceanic, Neptune, brine, nautical, ocean, seas and oceans",,,,,
2256,彷彿,彷彿,fǎngfú,"seem, be like",,,,,
2257,东京,東京,dōngjīng,"Japanese capital, Tokio, Tokyo, Yeddo, Tongking, Yedo, capital of Japan, Edo, Tonkin",,,,,
2258,负担,負擔,fùdān,"burden, load, encumbrance",,,,,
2259,知名,知名,zhīmíng,"noted, famous",,,,,
2260,那儿,那兒,nǎēr,that place,,,,,
2261,争议,爭議,zhēngyì,"controvert, controversy, dispute, disputation",,,,,
2262,实质,實質,shízhí,"quintessence, substantial, essence, meat, parenchyma, kernel, substantiality, measure, being, quiddity, solidity, substance, matter",,,,,
2263,查询,查詢,cháxún,inquire into/about,,,,,
2264,校务,校務,xiàowù,administrative affairs of school/college,,,,,
2265,部队,部隊,bùduì,"military personnel, troops, troop, regular army, soldiery, army, party, company",,,,,
2266,火车,火車,huǒchē,"choo-choo, railroad train, car train, marshalling_yard, puff-puff, train",,,,,
2267,幼稚园,幼稚園,yòuzhìyuán,"nursery school, preschool, infant_school, kindergarten",,,,,
2268,话题,話題,huàtí,"talking_point, theme, gambit, subject of a talk, ground, talk, talking point, topic, chapter, topic of conversation",,,,,
2269,感谢,感謝,gǎnxiè,"thank, be grateful",,,,,
2270,奖金,獎金,jiǎngjīn,"pewter, gainings, money award, gratuity, bounty, stakes, subsidy, prix, premium, incentive, prize money, perquisite, purse, winnings, stake, prize, bonus, gratification",,,,,
2271,大师,大師,dàshī,"great master, lord, workmaster, artiste, Very Reverend, overlord, master, priest, maestro, non-Christian priest, Great Master",,,,,
2272,联络,聯絡,liánluò,contact,,,,,
2273,原始,原始,yuánshǐ,"original, firsthand, primeval, primitive",,,,,
2274,北市,北市,běishì,capital of Republic of China on Taiwan,,,,,
2275,课题,課題,kètí,"task, problem, question for study, subject, topic, question for discussion, discussion, topical, question for study/discussion",,,,,
2276,路线,路線,lùxiàn,"track, path, cart track, way of life, itinerary, route, cartroad, course, road, channel, line, way, routeway, pipeline, curriculum",,,,,
2277,信仰,信仰,xìnyǎng,belief,,,,,
2278,英雄,英雄,yīngxióng,hero,,,,,
2279,契约,契約,qìyuē,"legal instrument, charter, bond, bargain, covenant, legal document, compact, stipulation, agreement, instrument, bargaining, pact, obligation, clause, paction, booking, affiance, indenture, promise, article, contract, concordat, official document, deed, handfast",,,,,
2280,订定,訂定,dìngdìng,"provide, prescribe",,,,,
2281,批评,批評,pīpíng,criticize,,,,,
2282,法院,法院,fǎyuàn,"judicature, (law) court, judicatory, bar, courthouse, law court, court, tribunal, judiciary, banc, court of justice, jug, banco, forensic",,,,,
2283,订定,訂定,dìngdìng,"provide, prescribe",,,,,
2284,爱情,愛情,àiqíng,"god, warmheartedness, affection, love_affair, heart, kindness, tenderness, bosom, love, fondness, romantic love, affectionateness",,,,,
2285,依据,依據,yījù,"according to, on the basis of, judging by",,,,,
2286,适用,適用,shìyòng,"applicable, lend oneself, apply, be applicable, suit",,,,,
2287,学位,學位,xuéwèi,"academic_degree, degree, academic degree",,,,,
2288,水库,水庫,shuǐkù,reservoir,,,,,
2289,千,千,qiān,det.: thousand,,,,,
2290,民主,民主,mínzhǔ,democratic,,,,,
2291,赞成,贊成,zànchéng,"endorsement, agree with, stand, assent, favor, cotton, uphold, subscribe, support, see, clear, approve, agree, sympathize, second, approve of, jibe, assist, indorse, optional, plump_for, favour, endorse",,,,,
2292,好奇,好奇,hàoqí,"curious, full of curiosity",,,,,
2293,科威特,科威特,kēwēitè,"Koweit, Kuwait, capital of Kuwait",,,,,
2294,体会,體會,tǐhuì,"know/learn from experience, realize",,,,,
2295,熊猫,熊貓,xióngmāo,"lesser panda, panda bear, binturong, giant panda, Ailurus fulgens, coon bear, Ailuropoda melanoleuca, red panda, panda, bear cat, cat bear, Arctictis bintourong, bearcat",,,,,
2296,暂时,暫時,zhànshí,temporarily,,,,,
2297,万,萬,wàn,"det.: ten thousand, myriad, multitudinous",,,,,
2298,较为,較為,jiàowéi,"fairly, kind of, rather, sort of, comparatively, kinda, a little, relatively",,,,,
2299,单纯,單純,dānchún,"simple, pure, plain, artless",,,,,
2300,透露,透露,tòulù,"expose, disclose, divulge, develop, impart, unrip, confide, sound, fall, disembosom, get around, reveal, let_on, disclosure, let on, leakage, divulgence, get out, discover, let out, leak, declare, break, give away, bring out",,,,,
2301,品牌,品牌,pǐnpái,"brand, make, trademark",,,,,
2302,候选人,候選人,hòuxuǎnrén,"aspirant, nominee, campaigner, candidate, candidate (for election)",,,,,
2303,单纯,單純,dānchún,"simple, pure, plain, artless",,,,,
2304,看来,看來,kànlái,"it looks as if, it appears, it seems, it look as if",,,,,
2305,内涵,內涵,nèihán,"intension, comprehension, intention, connotation",,,,,
2306,登记,登記,dēngjì,"register, check in",,,,,
2307,棵,棵,kē,"head, tuft, m.[general],",,,,,
2308,会长,會長,huìzhǎng,president (of club/society/etc.),,,,,
2309,核心,核心,héxīn,"nub, nucleus, meat, heart, core group, substance, center, core, the center, crux, essence, root, kernel, nitty-gritty, inwardness, pith, sum, marrow, bosom, gist",,,,,
2310,家具,家具,jiājù,"household goods, movable, furnishings, furniture, home furnishings, household stuff, implement, household furnishings, fitment",,,,,
2311,座谈会,座談會,zuòtánhuì,"colloquium, symposiac, panel_discussion, an informal discussion meeting, symposium, teach-in, forum, symposia, conversazione, panel discussion",,,,,
2312,症状,症狀,zhèngzhuàng,symptom,,,,,
2313,火,火,huǒ,"fire;internal heat, anger, temper;firearms, ammunition",,,,,
2314,一带,一帶,yīdài,"neighborhood, area, region, district",,,,,
2315,患者,患者,huànzhě,"patient, subject, sufferer",,,,,
2316,很少,很少,hěnshǎo,seldom,,,,,
2317,有名,有名,yǒumíng,"well-known, famous",,,,,
2318,依照,依照,yīzhào,"according to, in light of",,,,,
2319,忘记,忘記,wàngjì,"misremember, block, blank out, neglect, overlook, draw a blank, leave_out, disremember, fail, forget",,,,,
2320,小型,小型,xiǎoxíng,"spyglass, miniature, small-sized, bar, small-scale, pettiness",,,,,
2321,占,占,zhàn,"constitute, make up, account for",,,,,
2322,手段,手段,shǒuduàn,"resource, recourse, vehicle, wile, stratagem, gambit, artifice, instrument, twist, road, trick, ploy, shift, resort, polity, step, instrumentation, plan of attack, communication, artillery, finesse, means, channel, approach, implement, medium, gimmick, attack, device, refuge, method, instrumentality, stepping-stone, gateway, ministry, measure, way, tactic, expedient, quomodo, machinery, t",,,,,
2323,优秀,優秀,yōuxiù,"outstanding, excellent",,,,,
2324,倒是,倒是,dàoshì,"actually, contrariwise",,,,,
2325,明星,明星,míngxīng,"headliner, lucida, (movie/etc.) star, impersonator, (movie, famous performer, stardom, Venus, star, etc.) star, movie_star",,,,,
2326,吸收,吸收,xīshōu,"absorb, suck up, assimilate, recruit",,,,,
2327,人格,人格,réngé,"lot, fibre, fiber, character, spirit, selfhood, manhood, personality",,,,,
2328,指数,指數,zhǐshù,"exponential, index, index number, index (number), indicant, exponential function, exponent, power, index_number, indicator",,,,,
2329,做好,做好,zuòhǎo,do well,,,,,
2330,动态,動態,dòngtài,"situation, the movement (in a certain sphere of human activity), development, trend, dynamic state, dynamic, trends",,,,,
2331,游泳,游泳,yóuyǒng,"fin, swim, bathe",,,,,
2332,不如,不如,bùrú,be unequal/inferior to,,,,,
2333,出生,出生,chūshēng,be born,,,,,
2334,遂,遂,suì,"accordingly, therewith, and then, and so, thereupon, so, with that, then",,,,,
2335,当作,當作,dāngzuò,"regard_as, regard as, look upon as, treat as, presume",,,,,
2336,会,會,huì,"can, be able to, be good at, be skillful in",,,,,
2337,学问,學問,xuéwèn,"lear, ology, lore, knowledge, learning, acquirement, learnedness, cognition, erudition, letter, eruditeness, scholarship",,,,,
2338,尝试,嘗試,chángshì,"attempt, try",,,,,
2339,全民,全民,quánmín,"whole/entire people, all the people",,,,,
2340,部落,部落,bùluò,tribe,,,,,
2341,赚,賺,zhuàn,"knock_up, garner, take in, clear, make profit, earn, gain, draw, realize, make a profit, do, bring_in, get, pull_in, make, bring in, pick_up, pull in",,,,,
2342,联合国,聯合國,liánhéguó,"alignment, United Nations, United_Nations, alliance, confederation, coalition, confederate, alinement, UN",,,,,
2343,摆,擺,bǎi,"place, put, arrange",,,,,
2344,赚钱,賺錢,zhuànqián,"profit, gain, make profit, cash in on, earn money, make money",,,,,
2345,与会,與會,yǔhuì,participate in conference,,,,,
2346,鸟类,鳥類,niǎolèi,"clutch, avian, avifauna, sanctuary, birdlife, feather, Aves, birds",,,,,
2347,答应,答應,dāyìng,"agree, promise",,,,,
2348,挂,掛,guà,"hang, put up, hitch, ring up",,,,,
2349,石头,石頭,shítou,"stony, chimney, rock, lapis, stone",,,,,
2350,挫折,挫折,cuòzhé,"frustratio, rebuff, defeat, founder, frustration, reverse, breakdown, blight, setback, throwback, abortion, backset, flivver, dash, cross",,,,,
2351,飞行,飛行,fēixíng,fly,,,,,
2352,行程,行程,xíngchéng,"throw, travel, tenor, itinerary, route, journey, route/distance of travel, distance of travel, stroke, route of travel",,,,,
2353,理性,理性,lǐxìng,reason,,,,,
2354,夫人,夫人,fūrén,"Lady, lady, memsahib, milady, Dona, Mistress, dona, grande dame, donna, Mrs, mum, Senora, grace, senora, Mrs., madam, Frau, miladi, missus, senhora, wife, ma'am, Madame, madame, missis, Ladyship, Signora, signora",,,,,
2355,累,累,lèi,"tire, build by piling up, pile up, strain, weary, toil, accumulate, involve, tired, burthen, work hard, accumulation, fatigued, wear out",,,,,
2356,转变,轉變,zhuǎnbiàn,"change, transform",,,,,
2357,本质,本質,běnzhí,"suchness, basic nature, intrinsic quality, substantial, essentiality, innate character, entity, essential quality, basics, inbeing, essential, nature, self, feather, intrinsic, quiddity, being, substance, metal, quintessence, principle, kind, hypostasis, essence, fiber, internal, spirit, inwardness, woof, basis, gist",,,,,
2358,上班,上班,shàngbān,"start work, go to work, be on duty",,,,,
2359,兴奋,興奮,xīngfèn,excited,,,,,
2360,那边,那邊,nàbiān,"beyond, that side, there",,,,,
2361,兴奋,興奮,xīngfèn,excited,,,,,
2362,带动,帶動,dàidòng,"drive, spur on, bring along",,,,,
2363,急,急,jí,"rapid, fast, violent",,,,,
2364,带动,帶動,dàidòng,"drive, spur on, bring along",,,,,
2365,捷运,捷運,jiéyùn,Rapid Transit,,,,,
2366,诸,諸,zhū,"various, Zhu, det.: all, Chu",,,,,
2367,广,廣,guǎng,"wide, spread, vast, expand, numerous",,,,,
2368,庆祝,慶祝,qìngzhù,"fete, celebration, keep, festive, commemorate, celebrate, observe, rejoice, felicitate",,,,,
2369,司机,司機,sījī,driver,,,,,
2370,难过,難過,nánguò,"uncomfortable, feel bad, feel sorry, have hard time, bad, sad, have a hard time, be grieved, sorry",,,,,
2371,高雄市,高雄市,gāoxióngshì,Kaohsiung city (a city in Taiwan),,,,,
2372,习惯,習慣,xíguàn,be accustomed/used to,,,,,
2373,出席,出席,chūxí,"attend, be present",,,,,
2374,外界,外界,wàijiè,"external world, external/outside world, the outside world, outside, environment, outside world, externality, external, the external world",,,,,
2375,女孩子,女孩子,nǔháizi,"babe, colleen, sissy, popsy, gal, girl",,,,,
2376,语法,語法,yǔfǎ,"phraseology, parlance, language, syntax, locution, sentence structure, grammar, expression, wording, phrasing, phrase structure, diction",,,,,
2377,页,頁,yè,"page, leaf, m.[general], ,sheet of paper, sheet, piece, piece of paper, folio",,,,,
2378,阅读,閱讀,yuèdú,"study, read, peruse",,,,,
2379,头,頭,tóu,m.[general],,,,,
2380,借,借,jiè,lend,,,,,
2381,拍摄,拍攝,pāishè,"take (picture), shoot (film)",,,,,
2382,家族,家族,jiāzú,"tribe, covey, family line, race, household, menage, ilk, kinfolk, kin, clan, kinsfolk, phratry, kinship group, kindred, folk, people, kin group, sept, family",,,,,
2383,身心,身心,shēnxīn,body and mind,,,,,
2384,专门,專門,zhuānmén,"special, specialized",,,,,
2385,可怜,可憐,kělián,"condole with, have pity on, sympathize with, abject, compassionate, lugubrious, feel for, pity",,,,,
2386,舞蹈,舞蹈,wǔdào,"dancing, saltation, nautch, dance, terpsichore, choreography, stage dancing",,,,,
2387,味道,味道,wèidào,"gustatory perception, gust, tang, taste perception, feeling, savor, flavor, taste sensation, savour, streak, flavour, relish, sapidity, smatch, soupcon, tincture, tasting, smell, smack, gustatory sensation, suggestion, snack, taste",,,,,
2388,个案,個案,gèàn,case (in law/etc.),,,,,
2389,事先,事先,shìxiān,"ahead, beforehand, in advance, in_advance, aforetime, aforehand",,,,,
2390,大专,大專,dàzhuān,community colleges,,,,,
2391,下面,下面,xiàmiàn,"next, lower level, underside, following, underneath, subordinate, undersurface",,,,,
2392,下,下,xià,m.[activity],,,,,
2393,练习,練習,liànxí,"practice, exercise",,,,,
2394,就算,就算,jiùsuàn,"conj.: even if, granted that",,,,,
2395,南非,南非,nánfēi,South Africa,,,,,
2396,表情,表情,biǎoqíng,"brow, air, countenance, glow, look, cast, visage, expression, facial expression, gesture, business, dramatics, facial gesture",,,,,
2397,耶,耶,yé,particle: used when informing sb. of st.; expressing exclamation,,,,,
2398,藉着,藉著,jièzhe,depend/rely on,,,,,
2399,以致,以致,yǐzhì,"conj.: so that, with the result that",,,,,
2400,自杀,自殺,zìshā,commit suicide,,,,,
2401,助理,助理,zhùlǐ,"aide, adjunct, coadjutant, assistant, ancillary, auxiliary",,,,,
2402,自杀,自殺,zìshā,commit suicide,,,,,
2403,洞,洞,dòng,"aperture, hole in the ground, kennel, puncture, excavation, perforation, bore, cave, howe, opening, gap, hole, orifice, scoop, hollow, cavity",,,,,
2404,测试,測試,cèshì,test,,,,,
2405,台北市,臺北市,táiběishì,Taipei,,,,,
2406,欧美,歐美,ōuměi,Europe and America,,,,,
2407,奖励,獎勵,jiǎnglì,"reward, award",,,,,
2408,杯,杯,bēi,m.[container],,,,,
2409,体验,體驗,tǐyàn,learn through practice/experience,,,,,
2410,浪费,浪費,làngfèi,"waste, squander",,,,,
2411,体验,體驗,tǐyàn,learn through practice/experience,,,,,
2412,个人电脑,個人電腦,geréndiànnǎo,"personal computer, personal_computer, PC",,,,,
2413,本人,本人,běnrén,"myself, principal, in person, I, me, oneself, identity",,,,,
2414,口,口,kǒu,"opening, entrance, gate, crossing, intersection, river month",,,,,
2415,质疑,質疑,zhíyí,"call in question, challenge",,,,,
2416,血液,血液,xiěyè,blood,,,,,
2417,走向,走向,zǒuxiàng,"move toward, head for",,,,,
2418,形态,形態,xíngtài,"configuration, figuration, pattern, conformation, form, modality, appearance, contour, shape, morphology, morph",,,,,
2419,步骤,步驟,bùzòu,"process, instance, demarche, method, measure, approach, procedure, place, step, move",,,,,
2420,视觉,視覺,shìjué,"seeing, vision, visual sense, visual sensation, ocular, eyesight, sight, visual",,,,,
2421,正面,正面,zhèngmiàn,"right side, head, head-on, face, front, the right side, facade, obverse/right side, the obverse side, frontispiece, frontal, frontage, obverse side, obverse",,,,,
2422,收费,收費,shōufèi,"collect fees, charge",,,,,
2423,促使,促使,cùshǐ,"incite, prod, prompt, spur, send, motive, induce, trigger, urge, bring on, cause, propel, shame, instigate, impel, actuate, motivate, bear on, push, get, move",,,,,
2424,补助,補助,bǔzhù,subsidize,,,,,
2425,阶层,階層,jiēcéng,"section, circle, degree, social stratum, stratum, echelon, hierarchical, walk in life, walk_of_life, rank",,,,,
2426,期望,期望,qíwàng,"expectation, hope",,,,,
2427,实验室,實驗室,shíyànshì,"lab, science lab, laboratory",,,,,
2428,皮肤,皮膚,pífū,"leather, chap, integument, hide, cutis, complexion, brunet, cutaneous, bark, fell, derma, brunette, skin, transplant",,,,,
2429,病患,病患,bìnghuàn,"disease, illness, sickness, ailment, patient",,,,,
2430,武器,武器,wǔqì,"enginery, steel, arming, armament, weapons system, hardware, armored, armature, munition, weaponry, artillery, implements of war, armory, arms, ammunition, armor, weapon, arm, armoring",,,,,
2431,日益,日益,rìyì,increasingly,,,,,
2432,大都,大都,dàdōu,"for the most part, mostly",,,,,
2433,奖,獎,jiǎng,"award, prize, reward",,,,,
2434,检讨,檢討,jiǎntǎo,"discuss thoroughly, self-criticize",,,,,
2435,萤幕,螢幕,yíngmù,"television set, silver screen, monitor, screen, projection screen, fluorescent screen",,,,,
2436,检讨,檢討,jiǎntǎo,"discuss thoroughly, self-criticize",,,,,
2437,禁止,禁止,jìnzhǐ,"estop, inhibit, bar, outlaw, banish, forbid, suppress, interdict, defend, taboo, veto, prohibit, enjoin, blackball, restrain, debar, proscribe, negative, disallow, relegate, nix, prohibition, ban",,,,,
2438,起来,起來,qǐlái,"to stand up, to rise",,,,,
2439,辅大,輔大,fǔdà,FuJen Catholic University,,,,,
2440,旅客,旅客,lǔkè,"journeyer, guest, hotel guest, traveler, traffic, wayfarer, viator, rider, traveller, passer, passenger",,,,,
2441,绘画,繪畫,huìhuà,painting,,,,,
2442,用,用,yòng,"use, good",,,,,
2443,生,生,shēng,"unripe, green, raw, uncooked, unprocessed, crude, unfamiliar, strange, stiff, mechanical",,,,,
2444,脚步,腳步,jiǎobù,"footfall, tread, pace, foot, footstep, step",,,,,
2445,设计师,設計師,shèjìshī,"architect, designer, stylist",,,,,
2446,救,救,jiù,"relief, relieve, help, salve, salvage, rescue, save, succour",,,,,
2447,纳入,納入,nàrù,"take_in, bring ... into, to intake, integrate, to subsume, channel ... into, incorporate, channel into, bring into, to bring into, to fit into",,,,,
2448,南部,南部,nánbù,"meridional, the southern part of the country, southern part, South, south, the south",,,,,
2449,害,害,hài,"harm, injure, kill",,,,,
2450,计程车,計程車,jìchéngchē,"hack, taxicab, taxi, (metered) taxi, taximan, cab",,,,,
2451,光,光,guāng,"solely, merely, only",,,,,
2452,贵,貴,guì,"expensive, costly, highly valued",,,,,
2453,现代化,現代化,xiàndàihuà,modernize,,,,,
2454,破,破,pò,"tear, split up, defeat, expose, eradicate, lay bare, cleave, expose the truth of, worn-out, break with, come apart, destroy, capture (city/etc.), defeat (enemy), broken, expose (lie/etc.), destruction, cut, separate, tattered, reveal truth, fall apart, beat, capture, split, not intact, rupture, get rid of, do away with, break",,,,,
2455,吹,吹,chuī,"fall through (of plans), wind, fall through, tout, play, gasconade, shoot a line, blow, break up, chuff, vaunt, boast, brag, gas, bluster, talk big, break off, toot, swash, play (wind instruments), huff, puff, land",,,,,
2456,勇气,勇氣,yǒngqì,"gameness, pluck, guts, mettle, braveness, grit, heart, moxie, courage, backbone, boldness, pride, gutsiness, nerve, pecker, courageousness, valour, spirit, spunk, gallantry, valor, virtue, audacity, bravery, pluckiness, gumption, sand, gut, valiance",,,,,
2457,现代化,現代化,xiàndàihuà,modernize,,,,,
2458,气候,氣候,qìhòu,"situation, clime, climatic, climate, weather, climactic",,,,,
2459,化学,化學,huàxué,"chemical science, chymistry, stink, chemical, chemistry",,,,,
2460,巴西,巴西,bāxī,Brazil,,,,,
2461,人权,人權,rénquán,human rights,,,,,
2462,这么多,這麼多,zhèmeduō,det.:so much/many,,,,,
2463,生涯,生涯,shēngyá,"career, pilgrimage, profession, time",,,,,
2464,文件,文件,wénjiàn,"page, documental, archive, writ, documents, data file, paper, document, judicial writ, literature, circular, documentation, portfolio, archives, file, written document, papers",,,,,
2465,简直,簡直,jiǎnzhí,"simply, really",,,,,
2466,导向,導向,dǎoxiàng,orientation,,,,,
2467,仪式,儀式,yíshì,"religious rite, ceremonial occasion, deeds, practice, form, rituality, office, formality, ritual, circumstance, ceremony, formalness, exercise, powwow, observance, ceremonial, rite, works",,,,,
2468,用途,用途,yòngtú,"purpose, service, help, use, value, mileage, avail",,,,,
2469,生长,生長,shēngzhǎng,"grow, develop",,,,,
2470,舞台,舞台,wǔtái,"board, arena, bandstand, stage, proscenium, boards",,,,,
2471,逢,逢,féng,"meet, come upon",,,,,
2472,生长,生長,shēngzhǎng,"grow, develop",,,,,
2473,义工,義工,yìgōng,volunteer,,,,,
2474,科学家,科學家,kēxuéjiā,scientist,,,,,
2475,业主,業主,yèzhǔ,proprietor,,,,,
2476,军队,軍隊,jūnduì,"military personnel, troops, armed forces, armament, military, soldiery, force, Sabaoth, array, army troops, military unit, host, military force, cohort, battalion, legion, troop, regular army, army, armed_forces, rank",,,,,
2477,各自,各自,gèzì,"each, respective, severalty, oneself",,,,,
2478,如果说,如果說,rúguǒshuō,conj.: if,,,,,
2479,案件,案件,ànjiàn,"a police case, law case, case (of law/etc.), a legal case, case",,,,,
2480,爆发,爆發,bàofā,"erupt, burst/break out",,,,,
2481,有如,有如,yǒurú,"seem, be like",,,,,
2482,各界,各界,gèjiè,"all circles, all walks of life",,,,,
2483,题目,題目,tímù,"exam questions, head, lemma, theme, thesis, examination questions, question, text, title, ground, subject, topic, exercise problems, chapter, caption, rubric, heading",,,,,
2484,街头,街頭,jiētóu,"street corner, street_corner, street (corner), street",,,,,
2485,宽,寬,kuān,"wide, broad, generous, lenient, comfortably off, well-off, relax, relieve, extend",,,,,
2486,有如,有如,yǒurú,"seem, be like",,,,,
2487,爆发,爆發,bàofā,"erupt, burst/break out",,,,,
2488,底,底,dǐ,"underside, bottom, base, end, ground",,,,,
2489,决策,決策,juécè,policy decision,,,,,
2490,抱,抱,bào,"hold/carry in arms, adopt, hatch, brood",,,,,
2491,故宫,故宮,gùgōng,"former imperial palace, National Palace Museum, Palace Museum",,,,,
2492,杰出,傑出,jiéchū,"excel at, exceed, shine at, outstanding, stand_out",,,,,
2493,窗,窗,chuāng,"winnock, aspect, window, casement",,,,,
2494,说明,說明,shuōmíng,"explanation, illustration, show",,,,,
2495,粮食,糧食,liángshí,"victuals, victualage, provisions, nutrient, ration, sustentation, provision, provender, food, purveyance, sustenance, foodstuff, commissariat, cereals, bread, viands, grain",,,,,
2496,固然,固然,gùrán,"conj.: though, although",,,,,
2497,变迁,變遷,biànqiān,"vicissitudinary, change",,,,,
2498,议题,議題,yìtí,"item on the agenda, head, question, topic for discussion, topic for/under discussion, topic under discussion, subject under discussion, under discussion, topic for",,,,,
2499,凡,凡,fán,conj.: whatever,,,,,
2500,太多,太多,tàiduō,det.: a lot of,,,,,
2501,民俗,民俗,mínsú,"folklore, folk, folk custom, folkways",,,,,
2502,唱片,唱片,chàngpiàn,"pressing, waxing, cut, disc, phonogram, phonograph record, record, disk, wax, phonorecord, platter, recording, gramophone record, phonograph recording",,,,,
2503,实验,實驗,shíyàn,"test, experiment",,,,,
2504,处于,處於,chǔyū,"go, be in, be (in a certain condition)",,,,,
2505,效益,效益,xiàoyì,"beneficial result, benefit",,,,,
2506,古典,古典,gǔdiǎn,classical,,,,,
2507,构想,構想,gòuxiǎng,proposition,,,,,
2508,期望,期望,qíwàng,expect/hope earnestly,,,,,
2509,推荐,推薦,tuījiàn,recommend,,,,,
2510,收集,收集,shōují,"collect, gather",,,,,
2511,推荐,推薦,tuījiàn,recommend,,,,,
2512,命,命,mìng,"life, lot, fate, destiny",,,,,
2513,车辆,車輛,chēliàng,"voiture, vehicular traffic, vehicle, cars, vehicle traffic, car, vehicles, carriage, rolling_stock, equipment",,,,,
2514,收集,收集,shōují,"collect, gather",,,,,
2515,实践,實踐,shíjiàn,practice,,,,,
2516,商人,商人,shāngrén,"merchandiser, trader, businessman, merchant, monger, trafficker, chapman, dealer, cit, merchantman, tradespeople, merchantry, bargainer, man of affairs",,,,,
2517,华航,華航,huáháng,China Airlines,,,,,
2518,头发,頭髮,tóufǎ,"barba, chevelure, lock, head of hair, hair, tress, mane, hair (on human head)",,,,,
2519,实践,實踐,shíjiàn,practice,,,,,
2520,描述,描述,miáoshù,describe,,,,,
2521,潮流,潮流,cháoliú,"stream, tidal flow, tidal_current, tideway, trend, movement, wind, sea, fashion, tide, tidal current",,,,,
2522,若干,若干,ruògān,"det.: a certain number, how many",,,,,
2523,方,方,fāng,"just, only just/then",,,,,
2524,台湾人,台灣人,táiwānrén,Taiwanese,,,,,
2525,领袖,領袖,lǐngxiù,"foreman, leader, head, guru, cob, doyen, cacique, Duce, duce, gaffer, chief, boss, soul, sovereign, honcho",,,,,
2526,众多,眾多,zhòngduō,"multitudinous, numerous",,,,,
2527,故意,故意,gùyì,"purposive, deliberate, willful, intentional",,,,,
2528,和谐,和諧,héxié,"harmonious, concordant",,,,,
2529,取缔,取締,qǔdì,"ban (publication old custom etc.), punish violator",,,,,
2530,抽,抽,chōu,"lash, whip, thrash",,,,,
2531,大地,大地,dàdì,"terra_firma, mother earth, mold, earth, soli",,,,,
2532,大门,大門,dàmén,"barndoor, portal, main entrance, front_door, gate, door, entry, main door/gate, front door, main entrance/door/gate, entrance",,,,,
2533,追,追,zhuī,"reminiscence, to pursue, course, reminisce, trace, chase after, recall, follow, chase, pursue, go after, to chase after, look into, pursuit, heel, chevy, find out, get to the bottom of, seek, run after",,,,,
2534,性别,性別,xìngbié,"sexuality, grammatical gender, sexual distinction, sex, gender",,,,,
2535,邀,邀,yāo,invite,,,,,
2536,入学,入學,rùxué,"enter a school, enrol, college, enter school, enter, start school, matriculate, enter college",,,,,
2537,伤害,傷害,shānghài,"injure, harm",,,,,
2538,更新,更新,gēngxīn,"renew, replace",,,,,
2539,呈,呈,chéng,"assume (form, color, etc.)",,,,,
2540,更新,更新,gēngxīn,"renew, replace",,,,,
2541,中学,中學,zhōngxué,"middle_school, grammar_school, secondary school, Ch. learning, middle school, high_school, grammar school",,,,,
2542,吴,吳,wú,"Wu, Wu Kingdom (222-280), a leading authority on Ming history, Wu Kingdom, southern Jiangsu and northern Zhejiang, Zhou period state, Surname",,,,,
2543,保障,保障,bǎozhàng,"ensure, guarantee, safeguard",,,,,
2544,书籍,書籍,shūjí,"volume, page, classic, books, fascicule, works, literature",,,,,
2545,四周,四周,sìzhōu,"all around, fringe, surrounding, periphery, environment, outer boundary, on all sides, on every side, vicinity",,,,,
2546,客观,客觀,kèguān,objective,,,,,
2547,户,戶,hù,m.[general],,,,,
2548,检验,檢驗,jiǎnyàn,"test, examine, inspect",,,,,
2549,蒐集,蒐集,sōují,"collect, gather",,,,,
2550,检验,檢驗,jiǎnyàn,"test, examine, inspect",,,,,
2551,独特,獨特,dútè,"special, distinctive, unique",,,,,
2552,无奈,無奈,wúnài,be helpless,,,,,
2553,肉,肉,ròu,"pulp, chilli, cabobs, meat, lobscouse, paella, meaty, fleshy, flesh, marmite",,,,,
2554,无限,無限,wúxiàn,"infinite, limitless",,,,,
2555,观赏,觀賞,guānshǎng,"enjoy sight of, see and enjoy",,,,,
2556,可能性,可能性,kěnéngxìng,"possible action, chance, potentiality, likelihood, probability, expectation, contingency, potential, opening, odds, eventuality, expectancy, possibility, feasibleness, capability, capableness, presumption, likeliness, possible, feasibility",,,,,
2557,无奈,無奈,wúnài,be helpless,,,,,
2558,现代人,現代人,xiàndàirén,"contemporary, neoteric, modernist, modern man, Homo sapiens sapiens, modern",,,,,
2559,情势,情勢,qíngshì,"aspect, things, appearance, terrain, topographical features, trend of events, circumstances, situation, plight, swim, regime",,,,,
2560,推展,推展,tuīzhǎn,expand,,,,,
2561,师大,師大,shīdà,"normal university, National Taiwan Normal University",,,,,
2562,宣布,宣布,xuānbù,"declare, proclaim, announce",,,,,
2563,律师,律師,lùshī,"scribe, counsellor, advocate, gown, avocat, solicitor, barrister, lawyer, counsel, jurist, counselor, counselor-at-law, attorney",,,,,
2564,宣布,宣布,xuānbù,"declare, proclaim, announce",,,,,
2565,波斯湾,波斯灣,pōsīwān,Persian Gulf,,,,,
2566,饮食,飲食,yǐnshí,"dietetic, fare, food and drink, trencher, refection, diet",,,,,
2567,睡觉,睡覺,shuìjiào,"turn_in, log Z's, doss, slumber, catch some Z's, go to bed, sleep, doss down, crash, go_to_sleep, hit_the_sack, kip",,,,,
2568,空,空,kòng,"free, with spare time",,,,,
2569,联合,聯合,liánhé,"unite, ally",,,,,
2570,可见,可見,kějiàn,therefore,,,,,
2571,访,訪,fǎng,"see, visit, pay a visit, seek by search, try to get, search, call on, seek by inquiry/search, seek by inquiry or search, seek by inquiry",,,,,
2572,电力,電力,diànlì,"electrical line of force, electrical energy, power, electricity, potential, electric power",,,,,
2573,失望,失望,shīwàng,"become disappointed, lose (hope/faith)",,,,,
2574,乡,鄉,xiāng,"home village/town, country, countryside, native place, rural area, town, village, township (under county), township, country(side), home village, hamlet, home town",,,,,
2575,旅馆,旅館,lǔguǎn,"gasthaus, caravanserai, nonresident, roadhouse, hotel, lodge, hostler, hostel, fonda, ordinary, inn, hostelry",,,,,
2576,政党,政黨,zhèngdǎng,political party,,,,,
2577,取消,取消,qǔxiāo,"cancel, abolish, nullify",,,,,
2578,地面,地面,dìmiàn,"(earth's) surface, ground, floor, region",,,,,
2579,防止,防止,fángzhǐ,"estop, guard against, preclude, prevention, inhibit, avoidance, help, cumber, prevent, forbid, prohibit, obviate, restrain, deter, avoid, head_off, debar, guard, help oneself, ward_off, constrain, ward, encumber, avert, ward off, disenable, forfend, shield, countercheck, forestall, keep_from, foreclose",,,,,
2580,取消,取消,qǔxiāo,"cancel, abolish, nullify",,,,,
2581,言论,言論,yánlùn,"lecture, open discussion, talking to, speech",,,,,
2582,差别,差別,chābié,"disparity, contrast, difference, discrepancy, differentiation, distinction, differential",,,,,
2583,失望,失望,shīwàng,"become disappointed, lose (hope/faith)",,,,,
2584,建造,建造,jiànzào,"build, construct, make",,,,,
2585,代价,代價,dàijià,"reward, cost, cost (of doing sth.), forfeit, expense, damage, wages, payoff, terms, toll, price, wage",,,,,
2586,戴,戴,dài,"wear, put on (of accessories)",,,,,
2587,跟,跟,gēn,follow,,,,,
2588,常见,常見,chángjiàn,commonly seen,,,,,
2589,房地产,房地產,fángdìchǎn,"blockbuster, real estate, realty, real_estate, real property, property",,,,,
2590,食品,食品,shípǐn,"menu, vivers, viand, chow, eatable, provisions, tuck, foodstuff, viands, nourishment, comestible, tack, nutrient, victual, food, grocery, victualage, cuisine",,,,,
2591,个别,個別,gèbié,"specifically, very few, specific, one or two exceptional, individual, exceptional",,,,,
2592,建造,建造,jiànzào,"build, construct, make",,,,,
2593,来宾,來賓,láibīn,"guest, visitant, invitee, visitor",,,,,
2594,重复,重複,chóngfù,"repeat, duplicate",,,,,
2595,兼,兼,jiān,"hold two or more jobs concurrently, do concurrently",,,,,
2596,意外,意外,yìwài,"accident, mishap",,,,,
2597,秒,秒,miǎo,"chronograph, m.[standard], ,s, sec, second",,,,,
2598,全体,全體,quántǐ,"great, entirety, general, ensemble, altogether, collectivity, entire, totality, whole body, whole, all, pie, crew, be-all, plenary assembly, en_bloc, wholeness, gamut",,,,,
2599,方,方,fāng,"direction, place, region",,,,,
2600,没想到,沒想到,méixiǎngdào,unexpectedly,,,,,
2601,足以,足以,zúyǐ,sufficient/enough to,,,,,
2602,损失,損失,sǔnshī,loss,,,,,
2603,当场,當場,dāngcháng,"on the spot, then and there",,,,,
2604,舒服,舒服,shūfú,comfortable,,,,,
2605,凭,憑,píng,"based on, according to",,,,,
2606,手术,手術,shǒushù,operation,,,,,
2607,之内,之內,zhīnèi,"inside of, among, within",,,,,
2608,信任,信任,xìnrèn,"trust, have confidence in",,,,,
2609,血,血,xiě,"claret, blood, hematic, lifeline, lifeblood, sap",,,,,
2610,信任,信任,xìnrèn,"trust, have confidence in",,,,,
2611,公务员,公務員,gōngwùyuán,"jobholder, servant, public_servant, official, government official worker, functionary, government employee, public servant, officeholder, officialdom, officer, orderly, civil servant, government officials",,,,,
2612,浪漫,浪漫,làngmàn,"dissolute, debauched, romantic",,,,,
2613,业界,業界,yèjiè,business circles,,,,,
2614,栋,棟,dòng,"ridgepole, m.[general],",,,,,
2615,暴力,暴力,bàolì,"violence, force",,,,,
2616,腿,腿,tuǐ,"ham, a leg-like support, underpinning, thigh, gamb, shank, supporter, leg",,,,,
2617,充实,充實,chōngshí,"substantiate, enrich, replenish",,,,,
2618,公会,公會,gōnghuì,"gild, trade association, consortia, lodge, club, order, governance, professional club, organisation, corporation, professional association, fellowship, consortium, establishment, organization, administration, society, trade council, guild, brass",,,,,
2619,也就是说,也就是說,yějiùshìshuō,i.e.,,,,,
2620,升级,升級,shēngjí,"upgrade, go up (in grade/etc.), escalate",,,,,
2621,指示,指示,zhǐshì,"indicate, point out, instruct",,,,,
2622,充实,充實,chōngshí,"substantiate, enrich, replenish",,,,,
2623,古蹟,古蹟,gǔjī,"antiquity, high spot, national monument",,,,,
2624,还,還,hái,"even/still more, in addition, passably, fairly, even",,,,,
2625,紧急,緊急,jǐnjí,"urgent, critical",,,,,
2626,创业,創業,chuàngyè,"start undertaking, do pioneering work",,,,,
2627,新竹市,新竹市,xīnzhúshì,Hsin Chu(city in Taiwan),,,,,
2628,创业,創業,chuàngyè,"start undertaking, do pioneering work",,,,,
2629,里头,裡頭,lǐtóu,"inside, interior",,,,,
2630,基因,基因,jīyīn,gene,,,,,
2631,崇拜,崇拜,chóngbài,"worship, adore",,,,,
2632,风景,風景,fēngjǐng,"view, aspect, vista, panorama, scenery, prospect, scene, sight, landscape",,,,,
2633,也好,也好,yěhǎo,"particle: showing hesitant acceptance; (in ~也好, ~也好/罷) showing the acceptance or introduction of choices",,,,,
2634,日期,日期,rìqí,"calendar, when, date",,,,,
2635,佛教,佛教,fójiào,"Bodhisattva, Buddhist religion, Buddhism",,,,,
2636,一一,一一,yīyī,"one_by_one, one after another, one at a time, one by one",,,,,
2637,当局,當局,dāngjú,"authorities, (appropriate, concerned) authorities, authority, (appropriate/concerned) authorities, authorization",,,,,
2638,进,進,jìn,"receive, eat, drink, take, introduce",,,,,
2639,格式,格式,géshì,"pattern, form, a style, a format, etiquette, format, style, the form of characters or letters",,,,,
2640,北部,北部,běibù,"the north, the northern part of the country, northern part",,,,,
2641,吸食,吸食,xīshí,"suck, take in (liquids/narcotics/etc)",,,,,
2642,天天,天天,tiāntiān,"everyday, every_day, daily, every day, each day",,,,,
2643,现况,現況,xiànkuàng,current situation,,,,,
2644,纸,紙,zhǐ,paper,,,,,
2645,货,貨,huò,"commodity, idiot, money, blockhead, loading, goods",,,,,
2646,相反,相反,xiāngfǎn,"offending, adverse, opposite, converse, opposite, contrary, oppose, reverse",,,,,
2647,按照,按照,ànzhào,"according to, in the light of, on the basis of",,,,,
2648,特,特,tè,"unusual, special, extraordinarily",,,,,
2649,吸食,吸食,xīshí,"suck, take in (liquids/narcotics/etc)",,,,,
2650,见面,見面,jiànmiàn,"meet, see",,,,,
2651,发动,發動,fādòng,"start, launch, mobilize, arouse",,,,,
2652,公顷,公頃,gōngqīng,m.[standard],,,,,
2653,主机,主機,zhǔjī,"leader, lead plane, mainframe computer, host, server, mainframe, main engine",,,,,
2654,随便,隨便,suíbiàn,"informal, willful, do as one pleases, wanton, casual, random, careless",,,,,
2655,资本,資本,zīběn,"capitalization, principal, principal sum, finance, sth. capitalized on, corpus, working capital, capital",,,,,
2656,发动,發動,fādòng,"start, launch, mobilize, arouse",,,,,
2657,装,裝,zhuāng,"install, fit, assemble, load, pack, hold",,,,,
2658,走进,走進,zǒujìn,"enter, step_in, walk in, go in",,,,,
2659,分类,分類,fēnlèi,sort,,,,,
2660,别,別,bié,"det.: other, another",,,,,
2661,泰国,泰國,tàiguó,"Siam, Thai, Thailand",,,,,
2662,伦敦,倫敦,lúndūn,"capital of the United Kingdom, Greater London, metropolis, London, British capital",,,,,
2663,秘书,秘書,mìshū,"secretarial, secretary, clerk, amanuensis, secretarial assistant",,,,,
2664,部属,部屬,bùshǔ,"category, troops under one's command, staff, subordinate",,,,,
2665,高度,高度,gāodù,"highly, greatly",,,,,
2666,问卷,問卷,wènjuàn,questionnaire,,,,,
2667,干净,乾淨,gānjìng,"clean, clear",,,,,
2668,肝炎,肝炎,gānyán,hepatitis,,,,,
2669,来临,來臨,láilín,"arrive, come, approach",,,,,
2670,胡,胡,hú,"non-Han peoples in North/West, whiskers, non-Han peoples in West, moustache, dewlap, non-Han peoples in North, non-Han nationalities living in the north and west, beard, Hu, Surname, moustache, beard or whiskers",,,,,
2671,保证,保證,bǎozhèng,"pledge, guarantee",,,,,
2672,能否,能否,néngfǒu,can or not,,,,,
2673,肚子,肚子,dùzi,"kyte, venter, womb, tummy, belly, stomach, paunch, abdomen, breadbasket, wame, tripe",,,,,
2674,地震,地震,dìzhèn,quake,,,,,
2675,指定,指定,zhǐdìng,"earmark, appointed, specify, set, domicile, appointment, ticket, fix, name, delegate, specified, express, named, consign, designate, assignment, state, depute, appoint, nominate, dictate, assign, destine, determine",,,,,
2676,时常,時常,shícháng,"now_and_again, always, frequently, from_time_to_time, somewhile, oft, often",,,,,
2677,民营,民營,mínyíng,privately run (of enterprises),,,,,
2678,确保,確保,quèbǎo,"secure, insure, ensure, assure, reassure, guarantee",,,,,
2679,新台币,新台幣,xīntáibì,New Taiwanese dollars,,,,,
2680,喊,喊,hǎn,"cry out, yell",,,,,
2681,途径,途徑,tújìng,"track, path, pathway, footpath, avenue, gateway, channel, road, way, pipeline, curriculum",,,,,
2682,民营,民營,mínyíng,privately run (of enterprises),,,,,
2683,一路,一路,yīlù,"taking the same route, throughtout the journey, all the way, all along, going the same way, through",,,,,
2684,输出,輸出,shūchū,export,,,,,
2685,敏感,敏感,mǐngǎn,"subtle, susceptible, vulnerable, be sensitive, sensitive",,,,,
2686,温暖,溫暖,wēnnuǎn,warm,,,,,
2687,可怕,可怕,kěpà,"fearful, terrible",,,,,
2688,生理,生理,shēnglǐ,"physiological, peristalsis, autacoid, endocrinology, chyle, diastole, chyme, physiology, phagocyte",,,,,
2689,月亮,月亮,yuèliàng,"moonlight, Cynthia, moon, lune, Phoebe, Diana, lunar",,,,,
2690,输出,輸出,shūchū,export,,,,,
2691,癌,癌,yán,"tumor, sarcoma, leukemia, cancerous, melanoma, malignant tumor, cancer, malignancy, neoplasm, carcinoma",,,,,
2692,温暖,溫暖,wēnnuǎn,warm,,,,,
2693,动机,動機,dòngjī,"motif, need, reason, instance, ground, incentive, signal, intention, motive, motivation, inducement, cause",,,,,
2694,连,連,lián,"in succession, one after another",,,,,
2695,带领,帶領,dàilǐng,"lead (army/party/etc.), guide",,,,,
2696,东南亚,東南亞,dōngnányǎ,Southeast Asia,,,,,
2697,印表机,印表機,yìnbiǎojī,printer,,,,,
2698,成分,成分,chéngfèn,"constitution, class/economic status, composition, economic status, component_part, ingredient, one's profession or economic status, profession, component part, grammatical constituent, class, constituent, one's class status, class status, element, component, metal",,,,,
2699,据了解,據了解,jùliǎojiě,"according to hearsay, it is said that",,,,,
2700,儒家,儒家,rújiā,Confucian school,,,,,
2701,可怕,可怕,kěpà,"fearful, terrible",,,,,
2702,教育,教育,jiàoyū,"educate, teach, inculcate",,,,,
2703,设法,設法,shèfǎ,"contrive, think up a method, devise, try",,,,,
2704,储存,儲存,chúcún,"lay in/up, store, stockpile",,,,,
2705,搭配,搭配,dāpèi,"group, pair",,,,,
2706,传输,傳輸,chuánshū,"transmission, transmit",,,,,
2707,离,離,lí,distant/apart from,,,,,
2708,图书,圖書,túshū,"picture_book, books",,,,,
2709,搭配,搭配,dāpèi,"group, pair",,,,,
2710,高科技,高科技,gāokējì,"high technology, high tech",,,,,
2711,治,治,zhì,"study, research, cure, govern, treat, government, eliminate, harness, rule, manage, wipe out, management, administration, administer, control, punish, treat (disease)",,,,,
2712,门口,門口,ménkǒu,"porch, portal, doorway, gateway, threshold, room access, door, entering, entrance",,,,,
2713,外在,外在,wàizài,"external, extrinsic",,,,,
2714,储存,儲存,chúcún,"lay in/up, store, stockpile",,,,,
2715,符号,符號,fúhào,"sign, denotation, mark, icon, symbolical, symbol, notation, token, insignia, note, symbolic",,,,,
2716,风貌,風貌,fēngmào,"view, scene, elegant appearance and bearing, appearance, style and features, style and feature",,,,,
2717,名词,名詞,míngcí,"phrase, noun, term, synonym, substantive, name",,,,,
2718,合并,合併,hébìng,"merge, amalgamate",,,,,
2719,利润,利潤,lìrùn,profit,,,,,
2720,合并,合併,hébìng,"merge, amalgamate",,,,,
2721,抢,搶,qiǎng,"pillage, loot, vie for (work/etc.)",,,,,
2722,干,幹,gàn,"do, work, fight",,,,,
2723,无数,無數,wúshù,"countlessness, thousand, limitlessness, infinitude, boundlessness, trillions, millions, myriad, innumerableness, unboundedness, billions, zillions, jillions, host, countless, legion, det.: innumerable, incalculability, million, infiniteness, innumerability, immensity, umpteen",,,,,
2724,奥运,奧運,àoyùn,"Olimpic Games, Olympic Games",,,,,
2725,就,就,jiù,"exactly, precisely, only, merely, just",,,,,
2726,句子,句子,jùzi,sentence,,,,,
2727,娱乐,娛樂,yúlè,"amusement, entertainment, recreation",,,,,
2728,百货,百貨,bǎihuò,general merchandise,,,,,
2729,分子,分子,fènzǐ,member,,,,,
2730,厉害,厲害,lìhài,"terrible, devastating, tough, sharp",,,,,
2731,零,零,líng,"det.: zero, naught, nil",,,,,
2732,厉害,厲害,lìhài,"terrible, devastating, tough, sharp",,,,,
2733,残障,殘障,cánzhàng,handicapped,,,,,
2734,国语,國語,guóyǔ,"putonghua, standard language, language, standard Chinese pronunciation, Mandarin Chinese, national language written and spoken, textbook for middle school students, middle school students, Mandarin, mandarin, textbook for primary, textbook for primary/middle school students, textbook for primary school students, vernacular, Mandarin_Chinese, common speech",,,,,
2735,少女,少女,shàonǔ,"signorina, tomato, puss, teens, Gill, bobbysocker, gill, trick, nymph, chick, pussy, missy, maiden, wench, bobbysoxer, demoiselle, girlish, damsel, girl, sheila, miss, jeune fille, squab, wren, pigeon, colleen, maid, burd, bud, lassie, virgin, girlishness, number, gal, skirt, fille, teenager, quean, lass, quail, shrimp, young girl, maidish",,,,,
2736,作,作,zuò,"regard as, take sb. or sth. for, act as, be, become",,,,,
2737,教堂,教堂,jiàotáng,"tabernacle, kirk, house_of_God, church, temple, fane, cathedral, church building, bema",,,,,
2738,许,許,xǔ,det.: or so,,,,,
2739,风险,風險,fēngxiǎn,"peril, danger, risk, hazard",,,,,
2740,教科书,教科書,jiàokēshū,textbook,,,,,
2741,黑色,黑色,hēisè,black,,,,,
2742,资深,資深,zīshēn,senior,,,,,
2743,就读,就讀,jiùdú,"study, attend school",,,,,
2744,晓得,曉得,xiǎode,"tell, know, ken",,,,,
2745,请问,請問,qǐngwèn,"Excuse me, may I ask...?",,,,,
2746,增进,增進,zēngjìn,"enhance, promote, further",,,,,
2747,赢得,贏得,yíngdé,"nail down, rake_in, carry_off, nail, peg, conquer, try_for, gain, turn, win, garner, claim, earn, carry, capture, take, notch, nobble",,,,,
2748,犯罪,犯罪,fànzuì,commit crime/offense,,,,,
2749,台币,台幣,táibì,Taiwanese dollars,,,,,
2750,犯罪,犯罪,fànzuì,commit crime/offense,,,,,
2751,偶尔,偶爾,ǒuěr,"once in a blue moon, from time to time, hardly ever, every so often, now and again, seldom, infrequently, on occasion, rarely, betweenwhiles, scarcely, unusually, occasionally, sporadically, every now and then, at times, now and then, once in a while",,,,,
2752,培训,培訓,péixùn,"cultivate, train",,,,,
2753,譬如说,譬如說,pìrúshuō,"for example, such as",,,,,
2754,上帝,上帝,shàngdì,"Creator, god, Yahveh, Almighty, almighty, Godhead, Jehovah, Being, Supreme_Being, God Almighty, Maker, Allah, deity, omnipotent, king, abba, Omniscience, omniscient, God, creator, Providence, Omnipotence, Deus, providence, Divine, lording, Lord, lord, maker, Supreme Being, judge, Dominus, Heaven, All-father, Adonai, Father-God, divinity, Father",,,,,
2755,种,種,zhòng,"plant, cultivate, sow",,,,,
2756,辈子,輩子,bèizi,"all one's life, lifetime",,,,,
2757,笔者,筆者,bǐzhě,"I, the author, (present) writer, penman, author, writer, spook, the author",,,,,
2758,丧失,喪失,sàngshī,"cost, forfeiture, forfeit, give_away, lapse, loss, bereaved, lose, jump",,,,,
2759,部长,部長,bùzhǎng,"commissar, manager, superintendent, cabinet minister, head of a section, minister, political commissar, ministerial, secretary, government minister, president, head of a department",,,,,
2760,寂寞,寂寞,jímò,be lonely,,,,,
2761,培训,培訓,péixùn,"cultivate, train",,,,,
2762,设有,設有,shèyǒu,set/put up,,,,,
2763,情报,情報,qíngbào,"(spy) intelligence, information-gathering",,,,,
2764,前来,前來,qiánlái,come,,,,,
2765,飞弹,飛彈,fēidàn,"doodlebug, guided missile, V-1, flying bomb, stray bullet, buzz bomb, missile, missilery, robot bomb, payload",,,,,
2766,虎,虎,hǔ,tiger,,,,,
2767,寂寞,寂寞,jímò,be lonely,,,,,
2768,专题,專題,zhuāntí,special subject/topic,,,,,
2769,排名,排名,páimíng,put names in order,,,,,
2770,怎样,怎樣,zěnyàng,"no matter how, in any way, in a certain way, how?, what, how",,,,,
2771,案例,案例,ànlì,"moot, precedent, common law, example of case, case, case law",,,,,
2772,传送,傳送,chuánsòng,"transmit, deliver",,,,,
2773,排名,排名,páimíng,put names in order,,,,,
2774,允许,允許,yǔnxǔ,"permit, allow",,,,,
2775,认定,認定,rèndìng,"firmly believe, set one's mind on sth.",,,,,
2776,威胁,威脅,wēixié,threat,,,,,
2777,大声,大聲,dàshēng,"loud, loud voice",,,,,
2778,传送,傳送,chuánsòng,"transmit, deliver",,,,,
2779,当做,當做,dāngzuò,"consider/treat as, function, consider, regard_as, regard as, serve, consider as, look upon as, treat as",,,,,
2780,经销商,經銷商,jīngxiāoshāng,"dealership, bookdealer, manufacturer's agent, dealer, book seller, stockist, outlet, franchiser, franchisee",,,,,
2781,将近,將近,jiāngjìn,almost,,,,,
2782,战,戰,zhàn,"war, warfare, battle",,,,,
2783,爱心,愛心,àixīn,"liking, pity, love, benevolence, mercy, fondness, commitment",,,,,
2784,回国,回國,huíguó,return to one's country,,,,,
2785,跑到,跑到,pǎodào,run to,,,,,
2786,过来,過來,guòlái,"come over/up, up, come over, come up, come_over, come here",,,,,
2787,印度,印度,yìndù,"Hindustan, Ind, India, Indic, Bharat",,,,,
2788,音,音,yīn,"voice, rhyme, news, D, blast, F, sound, tone, aspirate, tidings, asterisk, pure tone",,,,,
2789,待遇,待遇,dàiyū,treatment (salary/etc.),,,,,
2790,开会,開會,kāihuì,hold/attend meeting,,,,,
2791,身分,身分,shēnfèn,"dignity, status, position, capacity, individuality, identity",,,,,
2792,存,存,cún,"harbour, keep, deposit (money), gather, harbor, cherish, accumulate, existence, live, leave with, retain, reserve, save, consist, accumulation, preserve, survival, store, survive, check (luggage), collect, deposit, place, bank, check, exist, be in stock, remain on balance",,,,,
2793,留学,留學,liúxué,study abroad,,,,,
2794,重要性,重要性,zhòngyàoxìng,"moment, eminence, significance, importance, essentiality, ponderance, amount, belongingness, emphasis, magnitude, meaning, account, consequence, gravity, matter, momentousness, distinction, import, accent, essentialness, mark, weight, value, signification, consideration, fundamentality, weightiness, vitalness, stress, prominence, heft, preeminence, materiality, note",,,,,
2795,时机,時機,shíjī,"moment, day, an occasion, occasion, go, an opportune moment, opportunity, conjunction, conjuncture, juncture, a suitable (or right) time, turn, opportune moment",,,,,
2796,国科会,國科會,guókēhuì,The National Science Council,,,,,
2797,时刻,時刻,shíkè,"moment, occasion, juncture, sand, hour, time",,,,,
2798,节,節,jié,m.[event],,,,,
2799,开会,開會,kāihuì,hold/attend meeting,,,,,
2800,遭到,遭到,zāodào,"endure, encounter, meet with, run into, suffer, soak_up",,,,,
2801,不已,不已,bùyǐ,"incessantly, endlessly",,,,,
2802,中油,中油,zhōngyóu,Chinese Petroleum Corporation,,,,,
2803,景气,景氣,jǐngqì,"conjuncture, activity, boom, prosperity",,,,,
2804,补充,補充,bǔchōng,"supply, supplement, augment, replenishment, complement, eke, fill again, accompany, add, renew, replenish, implement, stock, recruit, refill",,,,,
2805,公主,公主,gōngzhǔ,princess,,,,,
2806,千万,千萬,qiānwàn,by all means; absolutely,,,,,
2807,公布,公布,gōngbù,"promulgate, announce, publish",,,,,
2808,猪,豬,zhū,"piggy, porcine, pig, porker, hoggery, Sus scrofa, piggish, hog, piggery, swine",,,,,
2809,潜力,潛力,qiánlì,"bottom, possibility, ability, potency, capability, capableness, potentiality, potential, potential(ity), latent capacity",,,,,
2810,黄金,黃金,huángjīn,gold,,,,,
2811,单元,單元,dānyuán,"module, unit, unit of teaching materials, residential unit",,,,,
2812,街道,街道,jiēdào,"neighborhood, mews, gate, residential district, neighbourhood, street",,,,,
2813,略,略,luè,"a little bit, cursorily, any, something, slightly, somewhat, a little, poco, a bit",,,,,
2814,财产权,財產權,cáichǎnquán,"estate, property_right, [Law] the property right, the property right, property right",,,,,
2815,地理,地理,dìlǐ,"geographical, geographic, geographics, geographical features of a place, geography",,,,,
2816,周,周,zhōu,Surname,,,,,
2817,到达,到達,dàodá,"find, arrive at, go_into, get_in, go, come, show, hit, strike, arrive, fetch_up, range, show_up, gain, come_to, win, reach, come to, attain, lead, go_down, come_in, arrival, get_at, get to, get, touch, make, come_through, arrive_at, land",,,,,
2818,电信局,電信局,diànxìnjú,The Directorate of Telecommunications,,,,,
2819,促销,促銷,cùxiāo,"merchandise, sell",,,,,
2820,工程师,工程師,gōngchéngshī,"technologist, engineer, applied scientist",,,,,
2821,确实,確實,quèshí,definitely true/real/certain/reliable,,,,,
2822,远距,遠距,yuǎnjù,distant,,,,,
2823,惊人,驚人,jīngrén,"alarming, whacking, astounding, spectacular, amazing, astonishing",,,,,
2824,为,為,wèi,"because of, for (someone or something)",,,,,
2825,促销,促銷,cùxiāo,"merchandise, sell",,,,,
2826,彩色,彩色,cǎisè,"colour, chromatic, multicolour, colorful",,,,,
2827,真理,真理,zhēnlǐ,"god, true, gospel truth, verity, true statement, truism, gospel, truth, veritas",,,,,
2828,宣佈,宣佈,xuānbù,"expose, disclose, herald, outlaw, bid, preconize, announce, hail, acclaim, condemn, certify, give, decree, blazon, kithe, break, say, hammer, bring out, divulge, delate, enunciate, impart, publish, reveal, intimate, let on, pronounce, proclaim, discover, let out, hand_down, declare, black, promulgate, give away",,,,,
2829,变动,變動,biàndòng,"change, fluctuate",,,,,
2830,点,點,diǎn,"dot, decimal point, point, spot, drop (of liquid), dot stroke (in Ch. characters), place, aspect, feature, appointed time",,,,,
2831,市政府,市政府,shìzhèngfǔ,"municipality, city government, municipal government, city_hall, corporation, city hall",,,,,
2832,躺,躺,tǎng,"couch, lie, lean back, recline",,,,,
2833,渐,漸,jiàn,"gradually, by degrees",,,,,
2834,普通,普通,pǔtōng,"ordinary, common, average",,,,,
2835,进来,進來,jìnlái,"come in, enter",,,,,
2836,涉及,涉及,shèjí,"come to, pertain, involvement, implicate, entail, relate, cover, deal, concern, bear on, run_on, involve, touch on, refer, touch upon, deal with, touch, come_to, relate to",,,,,
2837,保护区,保護區,bǎohùqū,"reserve, reservation, nature preserve, wilderness area",,,,,
2838,版本,版本,bǎnběn,"variant, text, variation, version, edition",,,,,
2839,制定,制定,zhìdìng,"formulate, draft",,,,,
2840,定义,定義,dìngyì,definition,,,,,
2841,事项,事項,shìxiàng,"issue, item, topic, subject, particular, transaction, matter",,,,,
2842,法则,法則,fǎzé,"principle, rule, formula, standard method, binding agreement, theorem, statute, law, precept",,,,,
2843,否认,否認,fǒurèn,"deny, disavow, repudiation, naysay, denial, gainsay, reject, veto, negate, disclaim, disown, challenge, dispute, renounce, disaffirm, negative, contradict, contravene, repudiate",,,,,
2844,抱怨,抱怨,bàoyuàn,"croak, kvetch, scold, quarrel, bitch, squeal, complain, bellyache, plain, grumble, whimper, natter, grizzle, repine, nark, complaint, sound off, nag, whine, quetch, grouch, kick, yammer, backbite, squawk, crab, beef, yawp, rail, rabbit, gripe, inveigh, grouse, moan, holler",,,,,
2845,宜兰,宜蘭,yílán,Yilan (city in Taiwan),,,,,
2846,人群,人群,rénqún,"multitude, scrooge, herd, ruck, scrouge, meiny, crowd, troop, confluence, drove, throng, flock, gang",,,,,
2847,广大,廣大,guǎngdà,"large, wide, vast, ample, large-scale, numerous, wide-spread",,,,,
2848,邻居,鄰居,línjū,neighbor,,,,,
2849,模型,模型,móxíng,"formula, pattern, mould, mold, modeling, construct, die, convention, exponent, plaything, former, modelling, model, simulation, normal, rule, moulding, molding, shape, matrix, clay sculpture, restoration, toy",,,,,
2850,忍不住,忍不住,rěnbúzhù,"unable to endure, can't help but do something, can't help but do sth., cannot help, unable to bear, can't bear",,,,,
2851,现行,現行,xiànxíng,"operation, in force/operation, currently in operation, in effect, force, currently in effect, in effect/force/operation, active, current",,,,,
2852,瓷器,瓷器,cíqì,"porcelain, chinaware",,,,,
2853,荷兰,荷蘭,hélán,"Dutch, Benelux, Netherland, The Netherlands, Netherlands, Holland",,,,,
2854,家乡,家鄉,jiāxiāng,"fatherland, country, home, country of origin, native place, mother country, hometown, native land, motherland, homeland",,,,,
2855,前途,前途,qiántú,"lookout, future, prospects, prospect, futurity, career",,,,,
2856,花莲,花蓮,huālián,"city in Taiwan, Hualien(city in Taiwan)",,,,,
2857,含,含,hán,"keep in mouth, cherish",,,,,
2858,合约,合約,héyuē,"contract, booking, obligation, treaty",,,,,
2859,官方,官方,guānfāng,"authorities, official, authority, regime, authorization, government",,,,,
2860,成效,成效,chéngxiào,"effect, result",,,,,
2861,克服,克服,kèfú,"surmount, conquer, put up with (hardship/etc.)",,,,,
2862,循环,循環,xúnhuán,"circulate, cycle.circulatory system",,,,,
2863,新鲜,新鮮,xīnxiān,"freshen, novel, fresh, new, strange",,,,,
2864,和解,和解,héjiě,become reconciled,,,,,
2865,原先,原先,yuánxiān,"ab initio, at_first, initially, at the start, in_the_beginning, at first, originally",,,,,
2866,金,金,jīn,"metals, gold, money, ancient metal percussion instruments",,,,,
2867,油,油,yóu,"oil, fat, grease",,,,,
2868,台,臺,tái,the short for Taiwan,,,,,
2869,巨大,巨大,jùdà,"gigantic, gargantuan, huge",,,,,
2870,公车,公車,gōngchē,"bus, cars provided by an organization",,,,,
2871,传说,傳說,chuánshuō,legend,,,,,
2872,动力,動力,dònglì,"driving force, impetus, motivity, (motive) power, wheel, (motive) power/force, agency, vector, dynamics, force, motive_power, momentum, power",,,,,
2873,推行,推行,tuīxíng,"carry out, practice",,,,,
2874,鸡,雞,jī,"capercailzie, Gallus gallus, giblets, chook, horse of the wood, capercaillie, gallinaceous, Tetrao urogallus, sultan, chicken",,,,,
2875,回应,回應,huíyìng,"echo, react, answer, respond",,,,,
2876,介入,介入,jièrù,"intervene, interpose, get involved",,,,,
2877,内在,內在,nèizài,"inhesion, intrinsic, internality, inherent, internal, immanence, inherence",,,,,
2878,人体,人體,réntǐ,"soma, form, body, build, human body, anatomy, figure, chassis, physique, bod, carcass, shape, frame, physical body, material body, flesh, anthropometry",,,,,
2879,介入,介入,jièrù,"intervene, interpose, get involved",,,,,
2880,谓,謂,wèi,"mean, be called, say",,,,,
2881,台大,臺大,táidà,National Taiwan University,,,,,
2882,确,確,què,"firmly, indeed, truly",,,,,
2883,能,能,néng,"can, be able to, be capable of",,,,,
2884,美术,美術,měishù,"constructivism, beaux arts, beaux-arts, artistic production, artistic creation, painting, fineart, fine_art, cubism, art, fine arts",,,,,
2885,活力,活力,huólì,"juvenility, sprightliness, pulse, youthfulness, stamina, bounciness, birr, sparkle, will, vigor, life, energy, vinegar, zap, vim, viridity, pride, livingness, vis, starch, get-up-and-go, mercury, vitality, zing, ginger, sap, pepper, zip, bang, verve, verdure, lifeblood, devilry, dynamism, nature, oomph, vigour, flush, punch, ambition, virility, life-blood, liveliness, pazazz, peppiness, pep, p",,,,,
2886,致,致,zhì,"incur, cause",,,,,
2887,活动,活動,huódòng,"exercise, move about, use personal influence or irregular means",,,,,
2888,完,完,wán,"exhaust, run_out, wipe_out, run out, pay, complete, completion, finish, be through, be over, use_up, wind up, payment, use up, pay (taxes), end up",,,,,
2889,那么多,那麼多,nàmeduō,det.: so much,,,,,
2890,物理,物理,wùlǐ,"physical, physics, natural philosophy, physical science",,,,,
2891,推行,推行,tuīxíng,"carry out, practice",,,,,
2892,终,終,zhōng,"eventually, after all, in the end",,,,,
2893,分成,分成,fēnchéng,"divide, split a bonus, divide into, divide (into)",,,,,
2894,台中市,台中市,táizhōngshì,Taichung(big city in Taiwan),,,,,
2895,代理,代理,dàilǐ,act as agent/proxy,,,,,
2896,乐趣,樂趣,lèqù,"amusement, playfulness, fun, merriment, pleasure, sweet, delight, bang, entertainment, enjoyment, pleasance, joy",,,,,
2897,超级,超級,chāojí,super,,,,,
2898,劳动,勞動,láodòng,"work, labor",,,,,
2899,唯有,唯有,wéiyǒu,"only, alone",,,,,
2900,宣传,宣傳,xuānchuán,"propagandist, publicist",,,,,
2901,交给,交給,jiāogěi,"relinquish, give_away, submit, give to, hand/give to, hand to, give_up, reach, hand",,,,,
2902,受伤,受傷,shòushāng,"injure, bruise, injured, be wounded, crush, hurt, sustain an injury, be injured, wounded, maimed, wound",,,,,
2903,讲师,講師,jiǎngshī,"docent, professor, lecturer, instructor, reader, lector",,,,,
2904,抵达,抵達,dǐdá,"reach, arrive at",,,,,
2905,体重,體重,tǐzhòng,"body weight, beef, (body) weight, avoirdupois, weight",,,,,
2906,不见得,不見得,bújiàndé,"not likely, not necessarily/likely, likely, unlikely, not necessarily",,,,,
2907,领导,領導,lǐngdǎo,leader,,,,,
2908,蜗牛,蝸牛,guānióu,snail,,,,,
2909,群众,群眾,qúnzhòng,"swarm, posse, herd, huddle, ruck, concourse, crowd, varletry, the masses/People, lineup, throng, the masses, mob, multitude, press, mobility, clamjamfry, People, crush, jam, horde, the People, confluence, army, flock, mass",,,,,
2910,抵达,抵達,dǐdá,"reach, arrive at",,,,,
2911,刻意,刻意,kèyì,"fastidiously, sedulously, conscious, purposely, painstakingly",,,,,
2912,李登辉,李登輝,lǐdēnghuī,"Li Denghui, a past president of Taiwan",,,,,
2913,合作社,合作社,hézuòshè,"cooperative, cooperation, co-op, artel",,,,,
2914,印尼,印尼,yìnní,Indonesia,,,,,
2915,规格,規格,guīgé,"quality requirements, requirement, specification, standard, spec, criterion, measure, touchstone, specifications",,,,,
2916,价值观,價值觀,jiàzhíguān,"values, valuation",,,,,
2917,依赖,依賴,yīlài,rely/depend on,,,,,
2918,百货公司,百貨公司,bǎihuògōngsī,department store,,,,,
2919,负担,負擔,fùdān,"bear, shoulder",,,,,
2920,封,封,fēng,m.[general],,,,,
2921,马路,馬路,mǎlù,"drive, road, driveway, riding, a road, carriageway, avenue, street, a street used by vehicular traffic",,,,,
2922,通知,通知,tōngzhī,"notify, inform",,,,,
2923,普及,普及,pǔjí,"popularize, disseminate, spread",,,,,
2924,坪,坪,píng,m.[standard],,,,,
2925,绿,綠,lù,green,,,,,
2926,不安,不安,bùān,be anxious; be uneasy; be restless,,,,,
2927,铁路,鐵路,tiělù,"rails, railroad track, loop-line, rail, Pullman, railway, road, couchette, chemmy, railroad",,,,,
2928,普及,普及,pǔjí,"popularize, disseminate, spread",,,,,
2929,录影带,錄影帶,lùyǐngdài,"videotape, video tape, recording",,,,,
2930,局面,局面,júmiàn,"aspect, picture, state of affairs, situation, conjuncture, facet, position, phase",,,,,
2931,团队,團隊,tuánduì,team,,,,,
2932,优先,優先,yōuxiān,"preferential, preferred, priority",,,,,
2933,对,對,duì,"treat, be trained on, answer, reply, compare, check, set, adjust",,,,,
2934,进去,進去,jìnqù,"enter, entry, go_in, get in, go in",,,,,
2935,黄,黃,huáng,Surname,,,,,
2936,神经,神經,shénjīng,"nervus, nerve",,,,,
2937,近来,近來,jìnlái,"newly, of late, lately, fresh, new, latterly, in recent times, freshly, yesterday, late, recently",,,,,
2938,英语,英語,yīngyǔ,"English, English (language), profit, surplus",,,,,
2939,刺激,刺激,cìjī,"stimulate, provoke, irritate, upset",,,,,
2940,羊,羊,yáng,"kidney, drover, baa, trotter, argali, mutton, sheep, Surname",,,,,
2941,老虎,老虎,lǎohǔ,"cat, tiger, Panthera tigris, puss",,,,,
2942,所得,所得,suǒdé,"harvest, gains, taking, earnings, finance, revenue, proceeds, income",,,,,
2943,健全,健全,jiànquán,"sound, perfect",,,,,
2944,边,邊,biān,v.1 and v.2 simultaneously,,,,,
2945,主体,主體,zhǔtǐ,"main body, body, hypostasis, main body/part, subject, principal part, corpus, main part, part",,,,,
2946,大致,大致,dàzhì,roughly,,,,,
2947,对手,對手,duìshǒu,"mate, competitor, opposite, antagonist, comparative, contender, adversary, opponent, opposition, counterpart, equal, counterworker, rival, match",,,,,
2948,还要,還要,háiyào,"even more, even/still more, even, still more",,,,,
2949,健全,健全,jiànquán,"sound, perfect",,,,,
2950,建构,建構,jiàngòu,fabricate,,,,,
2951,星星,星星,xīngxīng,star,,,,,
2952,建构,建構,jiàngòu,fabricate,,,,,
2953,大哥,大哥,dàgē,"eldest brother, elder brother, gang leader",,,,,
2954,培育,培育,péiyū,"cultivate, foster, breed",,,,,
2955,用心,用心,yòngxīn,be diligent/attentive,,,,,
2956,书记,書記,shūjì,"scribe, penpusher, clerkship, amanuensis, secretarial assistant, pencil pusher, actuary, recorder, secretary, secretariat, clerk, scrivener",,,,,
2957,财政部,財政部,cáizhèngbù,"exchequer, ministry of finance, Treasury Department, Ministry of Fianance, Treasury, treasury, Comptroller of the Currency, Department of the Treasury",,,,,
2958,培育,培育,péiyū,"cultivate, foster, breed",,,,,
2959,遊行,遊行,yóuxíng,"parade, march, demonstrate",,,,,
2960,行,行,xíng,be all right,,,,,
2961,太平洋,太平洋,tàipíngyáng,"Pacific_Ocean, the Pacific, Pacific, Pacific Ocean, the Pacific Ocean",,,,,
2962,造,造,zào,"arrive at, training, create, go to, build, invent, construct, education, concoction, mint, invention, cook up, educate, establish, fabricate, make, concoct, train",,,,,
2963,咖啡,咖啡,kāfēi,"arabica, coffee, cafe, Java, java, mocha, blackstrap",,,,,
2964,名单,名單,míngdān,"checklist, register, registry, list, roll, listing, roster, name list",,,,,
2965,注重,注重,zhùzhòng,"lay stress on, pay attention to",,,,,
2966,周围,周圍,zhōuwéi,"all around, circumference, circumambience, compass, ambit, periphery, circumambiency, round, surrounding, perimeter, environment, precinct, vicinity, circuit, ambience, around",,,,,
2967,主权,主權,zhǔquán,"imperium, ascendance, reign, ascendency, ascendancy, possession, empire, majesty, signory, paramountcy, lordship, sovereign rights, sovereignty, raj, supremacy, dominion, ownership",,,,,
2968,水泥,水泥,shuǐní,cement,,,,,
2969,近,近,jìn,"close, near",,,,,
2970,合法,合法,héfǎ,"legal, well-formed, rightful, lawful, legitimate",,,,,
2971,便利,便利,biànlì,facilitate,,,,,
2972,落后,落後,luòhòu,fall/lay behind,,,,,
2973,询问,詢問,xúnwèn,"ask about, inquire",,,,,
2974,送给,送給,sònggěi,"present to, to give as a present, send to, give, send/present to, to present",,,,,
2975,惟,惟,wéi,"only, alone, but",,,,,
2976,表,表,biǎo,"table, form, list",,,,,
2977,纠纷,糾紛,jiūfēn,"entanglement, embarrassment, cobweb, skein, embroilment, dissension, complication, issue, conflict, confusion, dispute, shindig, knottiness, dustup, aggro, tangle, betanglement, maze, imbroglio, strife",,,,,
2978,空中,空中,kōngzhōng,"in_the_air, air, in the sky, sky, aerial, open air/sky, open air, space, open sky, midair",,,,,
2979,过于,過於,guòyū,"to a fault, unduly, too_much, troppo, over-, excessively, too, too much",,,,,
2980,任,任,rèn,"serve in a position, appoint to a position",,,,,
2981,晚,晚,wǎn,"far on in time, late",,,,,
2982,车站,車站,chēzhàn,station,,,,,
2983,有助于,有助於,yǒuzhùyū,"helpful to, lead, advantage, redound, be conducive, conduce, be conducive to, conduce to, sell, contribute to, subserve, avail, contribute",,,,,
2984,便利,便利,biànlì,facilitate,,,,,
2985,落后,落後,luòhòu,fall/lay behind,,,,,
2986,之类,之類,zhīlèi,conj.: such like,,,,,
2987,下降,下降,xiàjiàng,"descend, go/come down, drop, fall, decline",,,,,
2988,手续,手續,shǒuxù,"formality, procedures, formalities, procedure",,,,,
2989,转换,轉換,zhuǎnhuàn,"change, transform",,,,,
2990,立法,立法,lìfǎ,"legislation, legislative, legislate",,,,,
2991,刀,刀,dāo,"knife, sword, blade, sth. shaped like a knife",,,,,
2992,带给,帶給,dàigěi,"take, bring to",,,,,
2993,涵盖,涵蓋,hángài,"cover, include",,,,,
2994,差不多,差不多,chābùduō,good enough,,,,,
2995,主持人,主持人,zhǔchírén,"anchor, emcee, host, symposiarch, anchorman, director, impresario, chair, chairperson, linkman, presenter, compere, master of ceremonies, moderator",,,,,
2996,完工,完工,wángōng,finish doing sth.,,,,,
2997,里,里,lǐ,m.[standard],,,,,
2998,杨,楊,yáng,"poplar tree, Surname, Yang, poplar",,,,,
2999,内政部,內政部,nèizhèngbù,"Interior, Ministry of the Interior Affairs, interior, Department of the Interior, Ministry of Home Affairs, Interior Department",,,,,
3000,躲,躲,duǒ,"avoid, hide, hide oneself, dodge, hide (oneself)",,,,,
3001,美术馆,美術館,měishùguǎn,"picture gallary, salon, art gallery, pinacotheca, museum, gallery",,,,,
3002,领先,領先,lǐngxiān,"lead, lead (in competition), precede, lead_up, be in lead, show, be in the lead, get the jump",,,,,
3003,不当,不當,búdàng,"unsuitable, inappropriate",,,,,
3004,用地,用地,yòngdì,"site, location, land (of certain purpose)",,,,,
3005,认知,認知,rènzhī,"cognize, perceive",,,,,
3006,基层,基層,jīcéng,"grass-roots unit, basic/primary level",,,,,
3007,做出,做出,zuòchū,"throw_off, give, to make, to do, make, place",,,,,
3008,政权,政權,zhèngquán,"rein, political power, political/state power, state power, power, regime, political",,,,,
3009,什么,甚麼,shéme,det.: what,,,,,
3010,风景区,風景區,fēngjǐngqū,scenic spot,,,,,
3011,季节,季節,jìjié,season,,,,,
3012,享有,享有,xiǎngyǒu,enjoy (right/etc.),,,,,
3013,对不起,對不起,duìbùqǐ,"be unfair to, I'm sorry, let ... down, let sb. down, excuse me",,,,,
3014,建设,建設,jiànshè,"build, construct",,,,,
3015,出口,出口,chūkǒu,export,,,,,
3016,引导,引導,yǐndǎo,"guide, lead",,,,,
3017,实行,實行,shíxíng,"put into effect, fulfil, put ... into practice, practise, practice, put into practice/effect, live, pass, obtain, prosecute, cause, phase, meet, carry_out, pull, effect, operate, carry out, actualize, use, effectuate, put ... into effect, perform, apply, put into practice, run, implement, execute, do, make, wage, implementation",,,,,
3018,错误,錯誤,cuòwù,"wrong, mistaken",,,,,
3019,国内外,國內外,guónèiwài,inside and outside the country,,,,,
3020,迄,迄,qì,till,,,,,
3021,神话,神話,shénhuà,"fairy story, fairy tale, mythos, mythic, fable, fairytale, myth, mythology",,,,,
3022,尽,盡,jìn,"use up, exhaust, try one's best, put to best use, end",,,,,
3023,花园,花園,huāyuán,flower garden,,,,,
3024,非洲,非洲,fēizhōu,Africa,,,,,
3025,组织,組織,zǔzhī,"organize, form",,,,,
3026,音乐会,音樂會,yīnyuèhuì,"musicale, philharmonic, concert",,,,,
3027,继,繼,jì,"then, afterwards",,,,,
3028,预估,預估,yūgū,predict,,,,,
3029,著作,著作,zhùzuò,"composition, writing, composing, oeuvre, work, opus, literature, writings, book, production, bookmaking, body of work",,,,,
3030,感受到,感受到,gǎnshòudào,"feel, sense, experience",,,,,
3031,保障,保障,bǎozhàng,"guarantee, safeguard",,,,,
3032,自主,自主,zìzhǔ,"be one's own master, take initiative",,,,,
3033,好多,好多,hǎoduō,"det : many, much",,,,,
3034,自主,自主,zìzhǔ,"be one's own master, take initiative",,,,,
3035,姑娘,姑娘,gūniáng,"quiff, cummer, gill, calico, girlie, missy, moll, damsel, fille, girl, jill, miss, judy, jeune fille, sheila, jane, lass, colleen, toots, daughter, young girl, lassie",,,,,
3036,财团,財團,cáituán,"financial group, foundation, consortium, a consortium, a syndicate, syndicate, pool, conglomerate, empire, big business, a money clique",,,,,
3037,预期,預期,yūqí,"expect, anticipate",,,,,
3038,安定,安定,āndìng,stabilize,,,,,
3039,上升,上升,shàngshēng,rise,,,,,
3040,未必,未必,wèibì,"may_not, not necessarily, may not",,,,,
3041,吨,噸,dùn,"metric ton, acre, ton, m.[standard], ,A, MT, tonne, t",,,,,
3042,模拟,模擬,mónǐ,"imitate, simulate",,,,,
3043,发言,發言,fāyán,"speak, make statement/speech",,,,,
3044,底下,底下,dǐxià,"under, below, beneath",,,,,
3045,安定,安定,āndìng,stabilize,,,,,
3046,模拟,模擬,mónǐ,"imitate, simulate",,,,,
3047,票,票,piào,"ticket, ballot, note",,,,,
3048,出门,出門,chūmén,"go_out, go on journey, go out, go on a journey, be away from home",,,,,
3049,辅助,輔助,fǔzhù,assist,,,,,
3050,倾向,傾向,qīngxiàng,"tendency, trend, inclination",,,,,
3051,过年,過年,guònián,celebrate/spend New Year,,,,,
3052,照,照,zhào,"according to, in accordance with, towards",,,,,
3053,庙,廟,miào,"shrine, sanctorium, joss house, temple fair, temple",,,,,
3054,帮,幫,bāng,"help, assist",,,,,
3055,人工,人工,réngōng,"man-made, artificiality, manual work, manpower, art, labor",,,,,
3056,礼,禮,lǐ,"gift, present",,,,,
3057,信,信,xìn,"believe, true",,,,,
3058,胜利,勝利,shènglì,win victory/success,,,,,
3059,魅力,魅力,mèilì,"personal appeal, allurement, charisma, fascination, spell, attractive feature, glitter, witchery, lure, appeal, grace, loveliness, attraction, allure, enticement, seduction, glamour, pazazz, charm, pishogue, prestige, enchantment, glamor, witchcraft, magnetism, attractiveness, appealingness, hypnotism, bewitchment, invitation, personal magnetism, captivation",,,,,
3060,首长,首長,shǒuzhǎng,"magistrate, lord, principal, header, chief, governor, raja, leading cadre, doge, senior officer",,,,,
3061,胜利,勝利,shènglì,win victory/success,,,,,
3062,过年,過年,guònián,celebrate/spend New Year,,,,,
3063,毫不,毫不,háobù,"nohow, not at all, no, no more, none, nowise, nothing",,,,,
3064,组长,組長,zǔzhǎng,chief/head of group/section,,,,,
3065,专长,專長,zhuāncháng,"department, excellence, metier, knowledge, speciality, specialty, specialism, specialisation, special skill/knowledge, special knowledge, adept, expertise, special skill, medium, forte, specialization",,,,,
3066,物品,物品,wùpǐn,"whatchamacallit, sundry, stuff, commodity, affair, physical object, goods, article, object, content, whatsis, res, sundries",,,,,
3067,哇,哇,wā,Wah!,,,,,
3068,后者,後者,hòuzhě,"latter, the latter",,,,,
3069,辅助,輔助,fǔzhù,assist,,,,,
3070,珍贵,珍貴,zhēnguì,"valuable, precious",,,,,
3071,景象,景象,jǐngxiàng,"prospects, spectacle, scene, picture, sight, show",,,,,
3072,选出,選出,xuǎnchū,"come_up, winnow, mark, come up, mark_out, select, single_out, center out, return, single out, vote, designate",,,,,
3073,澎湖,澎湖,pénghú,Peng-hu(county in Taiwan),,,,,
3074,学员,學員,xuéyuán,"trainee, member of institution of learning, student",,,,,
3075,监督,監督,jiāndū,"supervise, superintend, control",,,,,
3076,加拿大,加拿大,jiānádà,"Northman, Canadian, Canada",,,,,
3077,以色列,以色列,yǐsèliè,"Beulah, Israel, Zion",,,,,
3078,参赛,參賽,cānsài,"take part in match, enter competition",,,,,
3079,混乱,混亂,hǔnluàn,"confused, chaotic",,,,,
3080,走出,走出,zǒuchū,"leave, walk out",,,,,
3081,收到,收到,shōudào,"hear, find, achievement, receive, receipt, obtain, achieve, incur, get, come_to",,,,,
3082,佛,佛,fó,"Buddha, Buddhism, image of Buddha",,,,,
3083,如同,如同,rútóng,"like, similar to",,,,,
3084,初,初,chū,"at the beginning of, in the early part of",,,,,
3085,混乱,混亂,hǔnluàn,"confused, chaotic",,,,,
3086,排,排,pái,"stand in line, arrange, put in order, sequence",,,,,
3087,岁月,歲月,suìyuè,"precession, years, days, time",,,,,
3088,参赛,參賽,cānsài,"take part in match, enter competition",,,,,
3089,届时,屆時,jièshí,"at appointed time, on the occasion",,,,,
3090,这边,這邊,zhèbiān,"this side, here",,,,,
3091,班,班,bān,m.[event],,,,,
3092,塑造,塑造,sùzào,"model, mold, portray",,,,,
3093,权威,權威,quánwēi,"authoritativeness, sanction, pontiff, prince, pundit, a person of authority, authority, princedom, muscle, power, pope",,,,,
3094,双重,雙重,shuāngchóng,"twofold, dual, diploid, double",,,,,
3095,古老,古老,gǔlǎo,"ancient, old",,,,,
3096,广播,廣播,guǎngbō,"broadcast, air",,,,,
3097,乐观,樂觀,lèguān,be optimistic; be hopeful,,,,,
3098,塑造,塑造,sùzào,"model, mold, portray",,,,,
3099,定期,定期,dìngqí,"fixed (of time), periodically, regularly",,,,,
3100,强大,強大,qiángdà,"big and powerful, formidable",,,,,
3101,社会主义,社會主義,shèhuìzhǔyì,"socialist, socialism",,,,,
3102,事宜,事宜,shìyí,"arrangements, matters concerned, affairs, arrangement, personal business",,,,,
3103,交往,交往,jiāowǎng,"associate, contact",,,,,
3104,时空,時空,shíkōng,"time and space, space-time",,,,,
3105,露出,露出,lòuchū,"bare, demonstrate, disclose, expose, crop out, show, basset, uncover, protrude, appear, reveal, emerge, evidence, tell, uncase, outcrop, peep, betray, ride, ascertain",,,,,
3106,请教,請教,qǐngjiào,"consultation, Please enlighten me., seek advice, take counsel, consult, ask, ask for advice",,,,,
3107,繁荣,繁榮,fánróng,"flourishing, prosperous, booming",,,,,
3108,嬉皮,嬉皮,xīpí,"flower child, hippy, hippie",,,,,
3109,繁荣,繁榮,fánróng,"flourishing, prosperous, booming",,,,,
3110,斤,斤,jīn,m.[standard],,,,,
3111,暨,暨,jì,conj.: and,,,,,
3112,行情,行情,hángqíng,"prices, quotation, (market) quotations, market, price, quotations",,,,,
3113,先导,先導,xiāndǎo,"pacesetter, forerunner, precursor, vanguard, guide",,,,,
3114,防治,防治,fángzhì,"prevent and cure, prophylaxis and treatment",,,,,
3115,列入,列入,lièrù,"be listed, be listed/placed, placed, be placed, rank",,,,,
3116,依据,依據,yījù,"basis, foundation",,,,,
3117,完美,完美,wánměi,"perfect, consummate",,,,,
3118,同胞,同胞,tóngbāo,"offspring of same parents, paisano, neighbour, countrymen, countryfolk, fellow countryman, neighbor, compatriot, countryman, cousin",,,,,
3119,原理,原理,yuánlǐ,"principle, tenet",,,,,
3120,财富,財富,cáifù,"opulence, pile, worth, fortune, moneybag, riches, mammon, substance, wealth, wealthy, gold, lucre, means, shekel, pelf, opulency, money, oof, nabobery",,,,,
3121,黄,黃,huáng,"yellow, spoiled, withered",,,,,
3122,难免,難免,nánmiǎn,hard to avoid,,,,,
3123,中小企业,中小企業,zhōngxiǎoqìyè,"medium and small enterprise, middle and small types enterprises",,,,,
3124,全力,全力,quánlì,"all one's strength, wholehearted dedication",,,,,
3125,影响到,影響到,yǐngxiǎngdào,"concern, impinge_on, interfere",,,,,
3126,贵族,貴族,guìzú,"baron, aristocratism, atheling, nobleman, jarl, grandee, raja, aristocracy, patrician, blue blood, lord, magnifico, noble, aristocrat, baronage, peer, mogul, nobility, patricianhood, peerage, sirdar, amir, nobles",,,,,
3127,祖先,祖先,zǔxiān,"parent, father, forbear, forefathers, origin, progenitor, propositus, pedigree, forebear, forefather, antecedent, ascendent, grandfather, ancestor, forerunner, grandsire, stirp, root, ancestry, grandmother, antecedents, forbears, stirps, ascendant, primogenitor, ancestral, ancestors, sire, stock, forebears",,,,,
3128,待,待,dài,"treat, entertain",,,,,
3129,怎么,怎麼,zěnme,what,,,,,
3130,流通,流通,liútōng,circulate,,,,,
3131,姊姊,姊姊,jiějiě,"big_sister, older sister, big sister",,,,,
3132,纯,純,chún,"pure, simple",,,,,
3133,学会,學會,xuéhuì,"learn, master",,,,,
3134,联系,聯繫,liánxì,"integrate, relate, link, get in touch with",,,,,
3135,报,報,bào,"report, reply",,,,,
3136,台风,颱風,táifēng,typhoon,,,,,
3137,盘,盤,pán,m.[event],,,,,
3138,精致,精緻,jīngzhì,"fine, exquisite, delicate",,,,,
3139,联考,聯考,liánkǎo,"general examination, entrance examination",,,,,
3140,队伍,隊伍,duìwǔ,"cue, procession, contingent, ranks, troops, gang",,,,,
3141,大台北,大台北,dàtáiběi,Taipei area,,,,,
3142,和尚,和尚,héshàng,"bonze, talapoin, monk, Bhikku, Buddhist monk",,,,,
3143,联系,聯繫,liánxì,"integrate, relate, link, get in touch with",,,,,
3144,回收,回收,huíshōu,recycle,,,,,
3145,便是,便是,biànshì,even if,,,,,
3146,后,後,hòu,"det.: later, succeeding",,,,,
3147,师范,師範,shīfàn,"teacher-training, pedagogical",,,,,
3148,陷入,陷入,xiànrù,"plunge, be immersed in, land oneself in, slump, be caught in, lapse, launch, get_into, fall_in, invaginate, be deep in, engulf, run_into, fall_into, be lost/immersed in, be lost, sink into, tangle, fall into, immerse, sink, be lost in, bed, immersed in, get bogged down in, land, sink/fall into",,,,,
3149,旅,旅,lǔ,travel,,,,,
3150,高度,高度,gāodù,"altitude, height, high degree",,,,,
3151,租,租,zū,rent out,,,,,
3152,副,副,fù,m.[general],,,,,
3153,义大利,義大利,yìdàlì,Italy,,,,,
3154,篮球,籃球,lánqiú,basketball,,,,,
3155,生产力,生產力,shēngchǎnlì,"fecundity, fertility, productive force, prolificacy, output, productivity",,,,,
3156,犯,犯,fàn,"violate, offend, attack, assail, work against, commit, have recurrence (of old illness), revert (to bad habit)",,,,,
3157,评鑑,評鑑,píngjiàn,"pass judgment on, evaluate, assess",,,,,
3158,搜寻,搜尋,sōuxún,"search/look for, seek",,,,,
3159,有利,有利,yǒulì,be advantageous/beneficial,,,,,
3160,情境,情境,qíngjìng,"situation, experimental condition, condition, circumstances",,,,,
3161,处处,處處,chùchù,"everywhere, in all respects",,,,,
3162,则,則,zé,m.[general],,,,,
3163,物价,物價,wùjià,commodity prices,,,,,
3164,宜,宜,yí,"right, suitable",,,,,
3165,弄,弄,nòng,"play with, make, do, handle, engage in, obtain, get, fetch, play tricks",,,,,
3166,根,根,gēn,"roots of a plant, the base",,,,,
3167,评鑑,評鑑,píngjiàn,"pass judgment on, evaluate, assess",,,,,
3168,趟,趟,tàng,m.[activity],,,,,
3169,歌曲,歌曲,gēqǔ,"melody, aria, song, madrigal, chant, lied, tune",,,,,
3170,烧,燒,shāo,"oven broil, roast, burn, broil, run a fever, baking, stew ... in soy sauce, cook, heat, bake, burning, burnt, stew, grill, cooking, have a temperature",,,,,
3171,赵,趙,zhào,"Zhao, Surname",,,,,
3172,文物,文物,wénwù,"historical relics, cultural objects, artifact, historical relic, cultural relic, cultural/historical objects/relics, cultural, historical objects, relics",,,,,
3173,四处,四處,sìchù,"about, all around, everywhere, everyplace, all over, throughout, around",,,,,
3174,心脏,心臟,xīnzàng,"ticker, cardiac, center, pump, heart",,,,,
3175,难怪,難怪,nánguài,no wonder,,,,,
3176,唱歌,唱歌,chànggē,sing,,,,,
3177,数目,數目,shùmù,"figure, count, amount, number",,,,,
3178,不时,不時,bùshí,"betweentimes, every so often, frequently, somewhile, at any time, every now and then, often",,,,,
3179,修订,修訂,xiūdìng,revise,,,,,
3180,词汇,詞彙,cíhuì,"mental lexicon, vocabulary, wordbook, lexicon, word-stock, lexis, words and phrases",,,,,
3181,干脆,乾脆,gāncuì,"direct, forthright",,,,,
3182,社长,社長,shèzhǎng,"director (of association, principal, etc.), director, president/director (of association/etc.), president",,,,,
3183,修订,修訂,xiūdìng,revise,,,,,
3184,唱歌,唱歌,chànggē,sing,,,,,
3185,球场,球場,qiúchǎng,"playing_field, gridiron, court, ball field, field, pitch, course, park, ballpark",,,,,
3186,身份,身份,shēnfèn,"state, dignity, station, estate, body, estate of the realm, capacity, status, standing, caste, doctorate, place, identity, condition",,,,,
3187,解释,解釋,jiěshì,"explanation, interpretation",,,,,
3188,计画,計畫,jìhuà,plan,,,,,
3189,水果,水果,shuǐguǒ,fruit,,,,,
3190,发明,發明,fāmíng,invention,,,,,
3191,户外,戶外,hùwài,"air, outdoor, open_air, out-of-doors, open, outdoors, open air, open-air",,,,,
3192,司法,司法,sīfǎ,"justice, judicature, administration of justice, judicatory, judiciary, judgeship, judicial, judgship",,,,,
3193,热门,熱門,rèmén,"favorite, in great demand, popular",,,,,
3194,环保局,環保局,huánbǎojú,"State Bureau of Environmental Protection, Bureau of Environmental Protection",,,,,
3195,解放,解放,jiěfàng,"liberate, emancipate",,,,,
3196,草,草,cǎo,"female (of animals), herb, herbage, female, careless, hasty, grass, rough, wort, draft, straw",,,,,
3197,东吴,東吳,dōngwú,Soochow University,,,,,
3198,幸运,幸運,xìngyùn,"very fortunate, lucky",,,,,
3199,解放,解放,jiěfàng,"liberate, emancipate",,,,,
3200,违规,違規,wéiguī,violate rule/regulation,,,,,
3201,下来,下來,xiàlái,come down from a higher place,,,,,
3202,热心,熱心,rèxīn,be enthusiastic about,,,,,
3203,算,算,suàn,"calculate, compute, figure, include, count, plan, think, suppose",,,,,
3204,领,領,lǐng,"receive, draw, get, have jurisdiction over, be in possession of",,,,,
3205,创新,創新,chuàngxīn,"bring forth new ideas, blaze new trails",,,,,
3206,电,電,diàn,electricity,,,,,
3207,灵魂,靈魂,línghún,"god, anima, Psyche, psyche, spirit, pneuma, ghost, manes, soul",,,,,
3208,尊严,尊嚴,zūnyán,"honour, dignity, loftiness, face, worship, self-regard, majesty, sanctity, self-respect, dignified, stateliness, self-esteem, honor",,,,,
3209,协商,協商,xiéshāng,"consult, talk things over",,,,,
3210,网,網,wǎng,net,,,,,
3211,军人,軍人,jūnrén,"soldiery, soldier, swordsman, buffcoat, armyman, serviceman, military",,,,,
3212,物件,物件,wùjiàn,"thing, article, object",,,,,
3213,省府,省府,shěngfǔ,Taiwan Provincial Government,,,,,
3214,背,背,bèi,"learn by heart, recite from memory",,,,,
3215,书法,書法,shūfǎ,calligraphy,,,,,
3216,违规,違規,wéiguī,violate rule/regulation,,,,,
3217,创新,創新,chuàngxīn,"bring forth new ideas, blaze new trails",,,,,
3218,运输,運輸,yùnshū,transport,,,,,
3219,礼拜,禮拜,lǐbài,week,,,,,
3220,观,觀,guān,"look at, watch, observe",,,,,
3221,愿望,願望,yuànwàng,"wish, desire, pleasure, Eros, will, orexis, desirability, dream, wishfulness, mind, mirage, wistfulness, aspiration, ambition, hope",,,,,
3222,临床,臨床,línchuáng,clinical,,,,,
3223,练,練,liàn,"practice, exercise, boil and scour raw silk, educate, reeducate, nurture, coach, hone, drill, school, lunge, break, breed, train",,,,,
3224,麻烦,麻煩,máfán,"trouble sb., bother",,,,,
3225,当成,當成,dāngchéng,"regard as, take for, consider as, regard/consider as, treat as, regard",,,,,
3226,皇帝,皇帝,huángdì,emperor,,,,,
3227,男孩,男孩,nánhái,"feller, sonny boy, male child, tad, sonny, laddie, lad, child, man-child, cub, blighter, Jack, male offspring, boy",,,,,
3228,有钱,有錢,yǒuqián,"wealthy, be wealthy, be rich, rich, moneyed",,,,,
3229,瑞士,瑞士,ruìshì,"Svizzera, Swiss Confederation, bise, Schweiz, Switzerland, Suisse",,,,,
3230,何况,何況,hékuàng,"conj.: much less, let alone, all the more",,,,,
3231,扩充,擴充,kuòchōng,"expand, strengthen, augment",,,,,
3232,奖励,獎勵,jiǎnglì,"encourage and reward, award",,,,,
3233,分佈,分佈,fēnbù,"be distributed (over an area), be scattered",,,,,
3234,竞赛,競賽,jìngsài,"contest, competition",,,,,
3235,对应,對應,duìyìng,"correspondence, harmonize, map, homologous, corresponding, mapping, agree, reciprocal, counterpart, represent, stand for, accord, equate, homologize, correspond",,,,,
3236,严肃,嚴肅,yánsù,"serious, solemn",,,,,
3237,脱离,脫離,tuōlí,"depart, disaffiliate, sever, wander, disengage, renegade, defect, secede, splinter, break away, drop_out, free, opt, extricate, bolt, separate oneself from, break up, be divorced from, separate, deviate, swerve, break_loose, prescind, escape_from, pervert",,,,,
3238,主委,主委,zhǔwěi,head member of a committee,,,,,
3239,应付,應付,yìngfù,"hack, cope_with, treat, stand, bridge_over, come_on, do sth. perfunctorily, cope with, handle, cope, do ... perfunctorily, deal/cope with, cut, make do, deal, deal with, respond",,,,,
3240,注意到,注意到,zhùyìdào,"find, acknowledge, mark, discover, observe, pay attention to, heed, notice, realize, detect, catch, note",,,,,
3241,安装,安裝,ānzhuāng,"install, erect, fix, mount",,,,,
3242,国王,國王,guówáng,"regal, crowned_head, Rex, crown, kingdom, Pharaoh, male monarch, roi, king",,,,,
3243,着,著,zhuó,put on (clothes),,,,,
3244,笔,筆,bǐ,"pen, technique of writing/calligraphy/drawing, stroke",,,,,
3245,发达,發達,fādá,"developed, flourishing",,,,,
3246,单一,單一,dānyī,"one, unitary, singular, monolithic, single",,,,,
3247,安装,安裝,ānzhuāng,"install, erect, fix, mount",,,,,
3248,历经,歷經,lìjīng,have experienced,,,,,
3249,饮料,飲料,yǐnliào,"stuff, bibation, drinkable, beverage, belly-wash, potation, quencher, soft_drink, slop, brewage, potable, drink",,,,,
3250,万一,萬一,wànyī,"conj.: just in case, if by any chance",,,,,
3251,机械,機械,jīxiè,"mechanics, enginery, rig, machinery, mechanism, machine, appliance, mechanical",,,,,
3252,影响力,影響力,yǐngxiǎnglì,"influence, potency, carry-over, impact, encroachment, force, leavening, consequence, pull, leaven, shadow, powerfulness, hold, impingement, authority, heft, juice, power, counterbalance",,,,,
3253,不免,不免,bùmiǎn,unavoidably,,,,,
3254,加速,加速,jiāsù,"quicken, accelerate, expedite",,,,,
3255,加州,加州,jiāzhōu,California,,,,,
3256,专,專,zhuān,"concentrated, special, specially, only, focused, tyrannical, arbitrary",,,,,
3257,比率,比率,bǐlù,"ratio, percentage, rate, proportion, clip, quotient",,,,,
3258,科目,科目,kēmù,"discipline, headings in account book, school subject, school course, school subject/course, subject, category of subjects, course",,,,,
3259,致力,致力,zhìlì,"concentrate_on, bend, devote oneself (to), dedicate, devote oneself, devote oneself to, devote, work for",,,,,
3260,完善,完善,wánshàn,"perfect, consummate",,,,,
3261,成人,成人,chéngrén,"grownup, adult, majority, manhood, grown-up",,,,,
3262,吵架,吵架,chǎojià,"quarrel, have a row/spat",,,,,
3263,名额,名額,míngé,"number of people allowed, quota of people",,,,,
3264,完善,完善,wánshàn,"perfect, consummate",,,,,
3265,吵架,吵架,chǎojià,"quarrel, have a row/spat",,,,,
3266,发,發,fā,distribute,,,,,
3267,换句话说,換句話說,huànjùhuàshuō,"that is to say, viz., namely, in other words, videlicet",,,,,
3268,产,產,chǎn,"give birth to, be delivered of, produce",,,,,
3269,不然,不然,bùrán,"conj.: otherwise, if not, or else",,,,,
3270,支付,支付,zhīfù,"pay (money), defray",,,,,
3271,可行,可行,kěxíng,feasible,,,,,
3272,支付,支付,zhīfù,"pay (money), defray",,,,,
3273,变化,變化,biànhuà,"change, vary",,,,,
3274,竞选,競選,jìngxuǎn,"campaign (for office), run for",,,,,
3275,关,關,guān,"shut, close, turn off, lock up, close down",,,,,
3276,竞选,競選,jìngxuǎn,"campaign (for office), run for",,,,,
3277,双手,雙手,shuāngshǒu,"lily-white, both hands",,,,,
3278,有些,有些,yǒuxiē,"kind_of, rather, somewhat",,,,,
3279,名,名,míng,famous,,,,,
3280,表,表,biǎo,indicate,,,,,
3281,社员,社員,shèyuán,commune member,,,,,
3282,产,產,chǎn,"give birth to, be delivered of, produce",,,,,
3283,反应,反應,fǎnyìng,"react, respond",,,,,
3284,假,假,jiǎ,"false, fake, phony, artificial",,,,,
3285,乐园,樂園,lèyuán,"Elysian Fields, paradise, Valhalla, Eden, playground, Elysium, fairyland",,,,,
3286,饿死,餓死,èsǐ,"famish, starve, hunger, starve to death",,,,,
3287,湖,湖,hú,"water, waterfront, a name referring to the provinces of Hunan and Hub, lacustrine, loch, mere, lake, lough, Hunan and Hubei, laky",,,,,
3288,国际化,國際化,guójìhuà,internationlize,,,,,
3289,营养,營養,yíngyǎng,"nutrition, nourishment",,,,,
3290,转,轉,zhuǎn,"turn, revolve, rotate",,,,,
3291,不便,不便,búbiàn,"inconvenient, inappropriate",,,,,
3292,反,反,fǎn,"on the contrary, instead",,,,,
3293,山地,山地,shāndì,"mountainous, mountainous country, fields on a hill, hillside field, mountainous region, hilly country, upland, mountainous/hilly country, hilly area",,,,,
3294,考验,考驗,kǎoyàn,"test, trial",,,,,
3295,不变,不變,búbiàn,not change,,,,,
3296,成,成,chéng,"accomplish, succeed",,,,,
3297,国际化,國際化,guójìhuà,internationlize,,,,,
3298,时光,時光,shíguāng,"years, times, days, hour, time",,,,,
3299,念书,念書,niànshū,"read, study",,,,,
3300,多元化,多元化,duōyuánhuà,become many-faceted,,,,,
3301,交通部,交通部,jiāotōngbù,Ministry of Communications,,,,,
3302,依法,依法,yīfǎ,"in conformity with legal provisions, lawfully, in accordance with the law, wrongfully, legally, de jure, according to law",,,,,
3303,多元化,多元化,duōyuánhuà,become many-faceted,,,,,
3304,艘,艘,sāo,m.[general],,,,,
3305,强化,強化,qiánghuà,"strengthen, intensify, consolidate",,,,,
3306,烟,煙,yān,"smoke, mist, vapor",,,,,
3307,势力,勢力,shìlì,"strength, influence, potency, weight, hold, leverage, yoke, sway, force, steam, presence, power, puissance",,,,,
3308,敌人,敵人,dírén,"antagonist, enemy, enemy force, foeman, opponent, adversary, hostile force, foe, opposing force",,,,,
3309,仪器,儀器,yíqì,"instrumentation, device, setup, apparatus, instrumental, instrument, armamentarium",,,,,
3310,功夫,功夫,gōngfū,"workmanship, skill, art",,,,,
3311,不景气,不景氣,bùjǐngqì,"depressive, in depression, in depressing state, recession",,,,,
3312,离婚,離婚,líhūn,divorce,,,,,
3313,持,持,chí,"hold, grasp",,,,,
3314,财政,財政,cáizhèng,finance,,,,,
3315,离婚,離婚,líhūn,divorce,,,,,
3316,伦理,倫理,lúnlǐ,"value orientation, value-system, moral, moral principle, morals, ethical, ethical motive, ethic, moral principles, morality, ethics",,,,,
3317,强盗,強盜,qiángdào,"hijacker, ravener, robber, rifler, freebooter, housebreaker, mugger, stickup, highwayman, brigand, ripoff, robbery, bandit, dacoit",,,,,
3318,负面,負面,fùmiàn,"negative, negativeness, reverse (side), reverse",,,,,
3319,企业界,企業界,qìyèjiè,"business, business circles, enterprise",,,,,
3320,红色,紅色,hóngsè,red color,,,,,
3321,施行,施行,shīxíng,"put in force, execute, implement, apply, perform",,,,,
3322,列为,列為,lièwéi,be classified as,,,,,
3323,强化,強化,qiánghuà,"strengthen, intensify, consolidate",,,,,
3324,姓,姓,xìng,name,,,,,
3325,关切,關切,guānqiè,be deeply concerned,,,,,
3326,众人,眾人,zhòngrén,everybody,,,,,
3327,礼物,禮物,lǐwù,"tribute, giving, proffer, gift, compliment, box, benefice, acknowledgment, present, souvenir",,,,,
3328,不利,不利,búlì,"unfavorable, detrimental, unsuccessful",,,,,
3329,不佳,不佳,bùjiā,be no good,,,,,
3330,教育厅,教育廳,jiàoyūtīng,Office of Education,,,,,
3331,家属,家屬,jiāshǔ,"blood relative, kinswoman, kinsman, household, kinfolk, kin, dependent, kinsfolk, family members, family dependents, cognate, folk, sib, people, dependents, blood relation, family members/dependents",,,,,
3332,咱们,咱們,zánmen,"we, you and I",,,,,
3333,呼吸,呼吸,hūxī,"take a breather, respiratory, take a breath, respire, catch one's breath, inspire, breathe, rest, suspire, respiration",,,,,
3334,儿女,兒女,érnǔ,"sons and daughters, young man and woman, children, young males and females, child",,,,,
3335,款,款,kuǎn,m.[general],,,,,
3336,象征,象徵,xiàngzhēng,"symbol, emblem, token",,,,,
3337,煮,煮,zhǔ,"boil, scald, seethe, poach, cook",,,,,
3338,显著,顯著,xiǎnzhù,"outstand, striking, noticeable, remarkable, appear, marked, notable, outstanding, stand_out",,,,,
3339,大跃进,大躍進,dàyuèjìn,Great Leap Forward,,,,,
3340,止,止,zhǐ,"demeanor, bearing",,,,,
3341,付,付,fù,"hand/turn over to, commit to, pay",,,,,
3342,演员,演員,yǎnyuán,"actor or actress, playactor, imitator, stage manager, barnstormer, actor, performer, impersonator, cast, performing artist, dramatis personae, role player, histrionic, thespian, trouper, player, cast of characters, stager, histrion",,,,,
3343,婴儿,嬰兒,yīngér,"babe, baby infant, wean, neonate, papoose, nestling, parvulus, baby, cheeper, child, bantling, nursling, bambino, infant, nurseling, infantile, suckling, chrisom",,,,,
3344,典礼,典禮,diǎnlǐ,"religious rite, celebration, ceremony, ceremonial occasion, exercise, observance, function, ceremonial, ritual, order, rite",,,,,
3345,忍受,忍受,rěnshòu,"forbear, hack, dree, stomach, abide, hurt, aby, hold still for, stick, brave out, live on, ache, endure, cut, swallow, suffer, brave, brook, bide, thole, digest, receive, stand, absorb, go, put up, hold out, live, hold up, sustain, abye, support, stand_for, bear, stand for, survive, last, tolerate, weather",,,,,
3346,城镇,城鎮,chéngzhèn,cities and towns,,,,,
3347,异常,異常,yìcháng,"unusual, extraordinary, abnormal",,,,,
3348,补助,補助,bǔzhù,subsidization,,,,,
3349,案子,案子,ànzi,case (of law/etc.),,,,,
3350,好朋友,好朋友,hǎopéngyǒu,"gossip, chum, crony, buddie, matey, good friend, pal",,,,,
3351,轻易,輕易,qīngyì,"lightly, rashly",,,,,
3352,码头,碼頭,mǎtóu,"commercial/transportation center, port city, landing, pier, marina, commercial center, quay, wharf, levee, landing place, jetty, commercial, stage, commercial and transportation center, transportation center, wharfage, staith, dock",,,,,
3353,计划,計劃,jìhuà,plan,,,,,
3354,服务业,服務業,fúwùyè,"service industry, service, service trades",,,,,
3355,工作站,工作站,gōngzuòzhàn,"work station, workstation",,,,,
3356,外表,外表,wàibiǎo,"shell, outward appearance, outwall, mess, presentation, resemblance, externality, semblance, guise, visual aspect, outwardness, exterior, rind, showing, look, superficies, likeness, mien, appearance, vizard, surface, garment, external, getup",,,,,
3357,熊,熊,xióng,"ursine, Xiong, Surname, bear",,,,,
3358,势必,勢必,shìbì,"certainly will, be bound to",,,,,
3359,斗争,鬥爭,dòuzhēng,"battle, fight",,,,,
3360,研拟,研擬,yánnǐ,research and formulate something,,,,,
3361,行列,行列,hángliè,"parade, procession, ranks, waiting line, cortege, promenade, row, single file, Indian file, column, queue, lineup, file, rank",,,,,
3362,研拟,研擬,yánnǐ,research and formulate something,,,,,
3363,收藏,收藏,shōucáng,"collect, store up",,,,,
3364,法人,法人,fǎrén,"legal person, juridical/corporate person, corporate, legal/juridical/corporate person, juridical, incorporation, legal, artificial person, corporate person, incorporator, person, corp, juridic person, corporation",,,,,
3365,收藏,收藏,shōucáng,"collect, store up",,,,,
3366,企图,企圖,qìtú,"attempt, intend",,,,,
3367,再次,再次,zàicì,"once again, once_more, second time, again, a second time, over, third, once more/again, once more",,,,,
3368,科系,科系,kēxì,"department, department (in a college), faculty",,,,,
3369,赞助,贊助,zànzhù,"support, assist",,,,,
3370,网球,網球,wǎngqiú,"lawn tennis, tennis, follow-through, tennis ball",,,,,
3371,人心,人心,rénxīn,"the will of people, human heart, public feeling, popular feeling",,,,,
3372,有用,有用,yǒuyòng,"belong, profit, count, useful, avail, powerful",,,,,
3373,聚集,聚集,jùjí,"gather, assemble, collect",,,,,
3374,编列,編列,biānliè,budget,,,,,
3375,证据,證據,zhèngjù,"support, telltale, testification, witness, case, testimonial, documentation, grounds, evidential, token, proof, earnest, testimony, cogent evidence, attestation, testament, evidence",,,,,
3376,自身,自身,zìshēn,"self, oneself",,,,,
3377,编列,編列,biānliè,budget,,,,,
3378,写作,寫作,xiězuò,writing,,,,,
3379,趁,趁,chèn,while,,,,,
3380,进度,進度,jìndù,"pace, rate of advance, schedule, rate, planned speed, gradation, tempo",,,,,
3381,提前,提前,tíqián,"counter, foresee, shift to an earlier date, set ahead, advance date, advanced, advancement, move up, anticipate, advance, forestall",,,,,
3382,气息,氣息,qìxí,"breath, flatus, look, feeling, spirit, smell, snuff, feel, breathing, flavor, tone, taste, flavour",,,,,
3383,工业区,工業區,gōngyèqū,"industrial estate, industrial park",,,,,
3384,聚集,聚集,jùjí,"gather, assemble, collect",,,,,
3385,会谈,會談,huìtán,talk,,,,,
3386,慾望,慾望,yūwàng,"appetence, libido, desire, lust, lecherousness, drive, flesh, lustfulness, want, passion",,,,,
3387,输,輸,shū,"lose, be defeated",,,,,
3388,优良,優良,yōuliáng,"fine, good",,,,,
3389,文献,文獻,wénxiàn,"document, bibliography, data related to a country's history, bibliographic, literature, data, data/documents related to a country's history/culture/etc., documents related to a country's culture, documents related to a country's history, culture, etc.",,,,,
3390,筹备,籌備,chóubèi,"prepare, arrange, plan",,,,,
3391,劝,勸,quàn,"encourage, urge, talk, advise, advice, persuade, prevail, encouragement, try to persuade, exhort",,,,,
3392,追踪,追蹤,zhuīzōng,"follow trail, track",,,,,
3393,筹备,籌備,chóubèi,"prepare, arrange, plan",,,,,
3394,有线,有線,yǒuxiàn,wired,,,,,
3395,会谈,會談,huìtán,talk,,,,,
3396,逐步,逐步,zhúbù,"step by step, progressively",,,,,
3397,安打,安打,āndǎ,"base hit, safe hit, bingle",,,,,
3398,每,每,měi,"every, each, often, frequent",,,,,
3399,列印,列印,lièyìn,"put a seal on, cut a stencil and mimeograph, print, stamp, mimeograph",,,,,
3400,宣导,宣導,xuāndǎo,guide people by creating better understanding,,,,,
3401,城堡,城堡,chéngbǎo,"fortress, Casbah, chateau, palace, fastness, fort, alcazar, citadel, acropolis, schloss, chateaux, castle",,,,,
3402,追踪,追蹤,zhuīzōng,"follow trail, track",,,,,
3403,收获,收穫,shōuhuò,"harvest, gains, results",,,,,
3404,手册,手冊,shǒucè,"companion, enchiridion, pamphlet, guidebook, notebook, vade_mecum, leaflet, handbook, booklet, brochure, folder, manual, vade mecum, workbook, guide",,,,,
3405,灯光,燈光,dēngguāng,"light, lighting, the light of a lamp, illuminance, glim, illumination, lamplight",,,,,
3406,语文,語文,yǔwén,"linguistic communication, (spoken and written) language, text, language, language and literature",,,,,
3407,团,團,tuán,m.[proximation],,,,,
3408,资策会,資策會,zīcèhuì,Institute for Information Industry,,,,,
3409,一连串,一連串,yīliánchuàn,"a string of, in a row, a series of, a chain of, a succession of, in succession",,,,,
3410,有心,有心,yǒuxīn,"be careful, be cautious, cautious, have a mind to, expect",,,,,
3411,双,雙,shuāng,m.[general],,,,,
3412,绩效,績效,jīxiào,"results, effect",,,,,
3413,逼,逼,bī,"extort, press for, press on towards, drive, force, compel, close in on, press up to",,,,,
3414,镜头,鏡頭,jìngtóu,"training, lens, scene, shot, camera lens, vertex, optical lens",,,,,
3415,开心,開心,kāixīn,"feel happy, rejoice",,,,,
3416,否定,否定,fǒudìng,"negate, deny",,,,,
3417,地主,地主,dìzhǔ,"landholder, magnate, laird, host, landowner, lessor, master, squirearch, property owner, landman, landlady, landlord",,,,,
3418,老大,老大,lǎodà,"leader, eldest child (in a family), guvnor, old, governor, boss, eldest child, master of a sailing vessel",,,,,
3419,研究生,研究生,yánjiùshēng,"don, postgraduate, grad student, grad, graduate student, student, graduate_student",,,,,
3420,气质,氣質,qìzhí,"kidney, fibre, charisma, crasis, mettle, humor, temper, predisposition, habit, mould, colour, class, streak, metal, temperament, disposition, strain, habitude, sensitivity, blood, proclivity, karma, gaseity, grain, makings, presence",,,,,
3421,拿出,拿出,náchū,"ante, produce, take_out, get out, pose, take out, bring forth, take away, bring out",,,,,
3422,诉求,訴求,sùqiú,the point of demand/request,,,,,
3423,开心,開心,kāixīn,"feel happy, rejoice",,,,,
3424,稍微,稍微,shāowéi,"kind_of, sort_of, a little bit, some, slightly, passably, somewhat, moderately, a little, ratherish, a bit",,,,,
3425,利率,利率,lìlù,"profit, interest rate, rate_of_interest, rate of interest",,,,,
3426,当选,當選,dāngxuǎn,get elected,,,,,
3427,台南,台南,táinán,Tainan (big city in Taiwan),,,,,
3428,拟定,擬定,nǐdìng,"formulate, conjecture",,,,,
3429,隔,隔,gé,"separate, cut off, impede",,,,,
3430,经建会,經建會,jīngjiànhuì,Council for Economic Planning and Development,,,,,
3431,贴,貼,tiē,"paste, glue, stick to",,,,,
3432,忽视,忽視,hūshì,"ignore, overlook, neglect",,,,,
3433,郝柏村,郝柏村,hǎobócūn,ex-premier of Taiwan,,,,,
3434,查获,查獲,cháhuò,"track down, apprehend",,,,,
3435,拆除,拆除,chāichú,"demolish, remove",,,,,
3436,忽视,忽視,hūshì,"ignore, overlook, neglect",,,,,
3437,式,式,shì,m.[kind],,,,,
3438,传来,傳來,chuánlái,"spread, arise, salute, deliver something to here",,,,,
3439,象征,象徵,xiàngzhēng,"symbolize, signify, stand for",,,,,
3440,乐,樂,lè,"happy, cheerful, be glad to, enjoy, be amused",,,,,
3441,罢了,罷了,bàle,particle: elucidating a previous proposition so as to diminish its effect,,,,,
3442,演,演,yǎn,"elaborate, development, practise, practice, develop, act, performance, represent, deduction, drill, play, evolution, evolve, play the part of, perform, play the role of, mount, elaboration, deduce",,,,,
3443,出身,出身,chūshēn,"class origin, family background;one's previous experience/occupation",,,,,
3444,心得,心得,xīndé,"what one has learned from work/study/etc., study, what one has learned from work, insight, acquaintanceship, what one has learned from study/etc., etc., what one has learned from work, study, etc.",,,,,
3445,出身,出身,chūshēn,"class origin, family background;one's previous experience/occupation",,,,,
3446,上学,上學,shàngxué,"attend school, be at school",,,,,
3447,去世,去世,qùshì,"die, pass away",,,,,
3448,忙碌,忙碌,mánglù,"be busy, bustle about",,,,,
3449,卫生署,衛生署,wèishēngshǔ,Department of Health,,,,,
3450,记忆体,記憶體,jìyìtǐ,"memory, [Computer] memory, memory, memory board, inner memory, memory (chip), storage, store",,,,,
3451,定位,定位,dìngwèi,fixed position,,,,,
3452,忙碌,忙碌,mánglù,"be busy, bustle about",,,,,
3453,纪念,紀念,jìniàn,"commemorate, mark",,,,,
3454,场面,場面,chángmiàn,"occasion, tableaux, locale, front, theatre, appearance, facade, theater, scene, spectacle, scope",,,,,
3455,得意,得意,déyì,be proud of; be exalted; be complacent,,,,,
3456,寄,寄,jì,"attach oneself to, drop, transport, mail, ship, leave, entrust, post, get off, lodge at, depend on, send, entrustment, deposit, transmit, place, consign",,,,,
3457,基隆,基隆,jīlóng,Keelung (city in Taiwan),,,,,
3458,效应,效應,xiàoyìng,effect,,,,,
3459,海水,海水,hǎishuǐ,"waters, seawater, salt water, sea, the sea, brine",,,,,
3460,贷款,貸款,dàikuǎn,"loan, credit",,,,,
3461,夫妇,夫婦,fūfù,"conjugality, couple, man_and_wife, husband and wife",,,,,
3462,拟,擬,nǐ,"intend, plan",,,,,
3463,代表,代表,dàibiǎo,represent,,,,,
3464,旧金山,舊金山,jiùjīnshān,"Frisco, San Francisco",,,,,
3465,蝴蝶,蝴蝶,húdié,butterfly,,,,,
3466,尽量,盡量,jìnliàng,"(drink, to the full, eat) to the full, (drink/eat) to the full, to the best of one's ability",,,,,
3467,过度,過度,guòdù,"too, excessively",,,,,
3468,乃,乃,nǎi,be,,,,,
3469,发起,發起,fāqǐ,"initiate, commence, stage, instigate, sparkplug, sponsor, inauguraion, start, launch, promote, inaugurate, initiation",,,,,
3470,角落,角落,jiǎoluò,"nook, quoin, angle, corner",,,,,
3471,防,防,fáng,"guard against, guard, prevent, prepare against, defence, resistance, guard/prepare against, resist, defend, provide against",,,,,
3472,附加,附加,fùjiā,"hang on, supervene, suffix, additional, affix, superimpose, inset, tack on, tack, attachment, tag on, append, add, subjoin, annex, engraft, attach",,,,,
3473,屏东,屏東,píngdōng,Pingtung(city in Taiwan),,,,,
3474,国籍,國籍,guójí,nationality,,,,,
3475,章,章,zhāng,m.[general],,,,,
3476,义务,義務,yìwù,"duty, obligation, volunteer duty",,,,,
3477,开口,開口,kāikǒu,"uncork, open one's mouth, sharpen knife, vent, put the first edge on a knife, broach, speak_up, laugh out loudly, breach a dam, speak, start to talk",,,,,
3478,移民,移民,yímín,emigrate,,,,,
3479,出,出,chū,"exceed, go beyond",,,,,
3480,主张,主張,zhǔzhāng,"view, position, stand, proposition",,,,,
3481,上涨,上漲,shàngzhǎng,"rise, go up (of water level/prices/etc.)",,,,,
3482,请求,請求,qǐngqiú,"ask, request, entreat",,,,,
3483,测试,測試,cèshì,"survey, measure and test",,,,,
3484,不到,不到,búdào,"less_than, be less than",,,,,
3485,恐惧,恐懼,kǒngjù,"fear, dread",,,,,
3486,来得,來得,láide,"emerge (from a comparison) as, come out as",,,,,
3487,得知,得知,dézhī,"find, hear, see, have, succeed, learn, get_onto, know, have learned of",,,,,
3488,挑战,挑戰,tiǎozhàn,challenge to battle/contest,,,,,
3489,排除,排除,páichú,"get rid of, remove, eliminate",,,,,
3490,最为,最為,zuìwéi,"extremely, most, the most",,,,,
3491,排除,排除,páichú,"get rid of, remove, eliminate",,,,,
3492,眼泪,眼淚,yǎnlèi,"tear, teardrop, tears, eyedrop, waterworks",,,,,
3493,专辑,專輯,zhuānjí,"album, special issue, record album, special issue of periodical, short films, special collection of pamphlets, short films, etc., special collection of pamphlets, short f, etc.",,,,,
3494,恐惧,恐懼,kǒngjù,"fear, dread",,,,,
3495,教导,教導,jiàodǎo,"instruct, give guidance",,,,,
3496,田,田,tián,"farmland, glebe, cropland, Surname, field, plow, Tian",,,,,
3497,仅有,僅有,jǐnyǒu,"have only..., there are only...",,,,,
3498,移植,移植,yízhí,"transplant, graft",,,,,
3499,核酸,核酸,hésuān,"nucleic acid, [Biochemistry] nucleic acid, nucleic acid",,,,,
3500,教导,教導,jiàodǎo,"instruct, give guidance",,,,,
3501,赶紧,趕緊,gǎnjǐn,"hasten, double-quick, losing no time, hurriedly",,,,,
3502,业绩,業績,yèjī,achievement,,,,,
3503,点,點,diǎn,"put (a dot), drip, sow in holes, check one by one, select, choose, hint, point out, mention, light, burn, kindle, touch on briefly, skim, order (dishes/etc.)",,,,,
3504,平静,平靜,píngjìng,"calm, quiet, tranquil",,,,,
3505,口号,口號,kǒuhào,"motto, shibboleth, slogan, watch word, watchcry, catchword, war_cry, cant, watchword, buzzword",,,,,
3506,山西,山西,shānxī,"Shansi, Shanxi province, Shanxi",,,,,
3507,出版品,出版品,chūbǎnpǐn,publication,,,,,
3508,逃避,逃避,táobì,"get by, sidestep, get_around, weasel, fly, avoid, evade, ditch, shirk, evasive, fudge, escape, retreat, elude, put off, get off, skive, hedge, welsh, circumvent, wangle, duck, skirt, get away, get out, bilk, hide, ware, evasion, flee, parry, dodge",,,,,
3509,咬,咬,yǎo,"incriminate, grip, articulation, incriminate sb. else (usu. falsely), be nitpicking (about use of words), incrimination, articulate, bark, snap at, squeak, crunch, gnaw, tooth, pronounce, gnaw_at, prick, snap, knap, nip, bite off, begnaw, pronounce distinctly, pronunciation, be nitpicking, take, bite, seize with teeth, sting, incriminate sb. else",,,,,
3510,平静,平靜,píngjìng,"calm, quiet, tranquil",,,,,
3511,有关,有關,yǒuguān,with regard to,,,,,
3512,背,背,bèi,back of body/object,,,,,
3513,石油,石油,shíyóu,"crude, rock oil, crude oil, oil, coal oil, fossil_oil, fossil oil, petroleum",,,,,
3514,雪,雪,xuě,snow,,,,,
3515,局长,局長,júzhǎng,"chief, head of bureau, director (of...), superintendent, commissioner, director",,,,,
3516,展览,展覽,zhǎnlǎn,"exhibit, show, display",,,,,
3517,面貌,面貌,miànmào,"aspect, face, physiognomy, look, vestige, visage, appearance, features",,,,,
3518,现实,現實,xiànshí,"practical, pragmatic",,,,,
3519,秘书长,秘書長,mìshūzhǎng,secretary-general,,,,,
3520,讨厌,討厭,tǎoyàn,"disincline, to loathe, be disgusted with, to have a dislike of, scunner, to dislike, despise, keck, to take an aversion to, loathe, loathing, disrelish, hate, detest, dislike, disgusting, disfavor",,,,,
3521,移植,移植,yízhí,"transplant, graft",,,,,
3522,插,插,chā,"stuff, plug, get_in, insertion, insert, poke, thrust, tip, interposition, squeeze, stick, interpose, stick_in, stick in, shove",,,,,
3523,东部,東部,dōngbù,"orient, East, eastward, east",,,,,
3524,决心,決心,juéxīn,"determination, resolution",,,,,
3525,联邦,聯邦,liánbāng,"federacy, union, federal, nation, confederation, commonwealth, federation, confederacy",,,,,
3526,电台,電台,diàntái,"transceiver, transmitter-receiver, broadcasting station",,,,,
3527,讲座,講座,jiǎngzuò,"lecture, professorship, cathedra, talk-in, course of lecture, chair, course of lectures",,,,,
3528,猫,貓,māo,"pussycat, puss, malkin, cat, kitty, tabby, felid, feline, true cat, pussy",,,,,
3529,新兴,新興,xīnxīng,"burgeoning, new and developing, newly_arisen, rising",,,,,
3530,演讲,演講,yǎnjiǎng,"lecture, make speech",,,,,
3531,台电,台電,táidiàn,Taiwan Power Company,,,,,
3532,曰,曰,yuē,"say, speak",,,,,
3533,选民,選民,xuǎnmín,"elector, voter, constituent, constituency, vote, electorate",,,,,
3534,充份,充份,chōngfèn,"full, sufficient, ample, abundant",,,,,
3535,俱乐部,俱樂部,jùlèbù,"club, (social) club, casino, Verein",,,,,
3536,锦标赛,錦標賽,jǐnbiāosài,"championship, tournament, tourney, series, championship contest",,,,,
3537,始,始,shǐ,"not until, not...until, only then",,,,,
3538,门,門,mén,m.[general],,,,,
3539,英,英,yīng,"Britain, England",,,,,
3540,推,推,tuī,"push, decline, refuse, reject, put off, postpone, delay",,,,,
3541,拿到,拿到,nádào,"take, get_hold_of, get",,,,,
3542,童年,童年,tóngnián,childhood,,,,,
3543,期限,期限,qíxiàn,"time limit, allowed time, deadline, term",,,,,
3544,恶化,惡化,èhuà,worsen,,,,,
3545,证实,證實,zhèngshí,"confirm, verify",,,,,
3546,硕士,碩士,shuòshì,"Master (of Arts), M.A., eminent scholar",,,,,
3547,编辑,編輯,biānjí,"edit, compile",,,,,
3548,审核,審核,shěnhé,examine and verify,,,,,
3549,远,遠,yuǎn,far behind/beyond,,,,,
3550,分局,分局,fēnjú,branch office,,,,,
3551,申报,申報,shēnbào,"report to higher body, declare (dutiable goods)",,,,,
3552,与否,與否,yǔfǒu,"particle: meaning ""whether or not""",,,,,
3553,迈向,邁向,màixiàng,step/stride to,,,,,
3554,总之,總之,zǒngzhī,"in a word, tout ensemble, on the whole, all in all, altogether, in short",,,,,
3555,职务,職務,zhíwù,"engagement, job, part, office, line of duty, contribution, ministration, task, responsibility, commission, post, line of work, affair, hat, function, situation, occupation, line, province, share, duties, business, duty",,,,,
3556,延续,延續,yánxù,"continue, go on, last",,,,,
3557,吓,嚇,xià,"bounce, intimidate, frighten, daunt, bludgeon, scare, cow, bluster, horrify, huff, threaten",,,,,
3558,费率,費率,fèilù,"charge per unit, cost rate, tariff, rate",,,,,
3559,美国人,美國人,měiguórén,American,,,,,
3560,高速,高速,gāosù,"great speed, velocity, high speed, high",,,,,
3561,商标,商標,shāngbiāo,"marque, mark, trade name, brand, logotype, monotype, nameplate, label, idiograph, trademark",,,,,
3562,嫌,嫌,xián,"dislike, mind",,,,,
3563,进修,進修,jìnxiū,"engage in advanced studies, take refresher course",,,,,
3564,传递,傳遞,chuándì,"transmit, deliver, transfer",,,,,
3565,场合,場合,chǎnghé,"conjuncture, situation, event, occasion, social occasion, affair",,,,,
3566,诗人,詩人,shīrén,"muse, rhymist, swan, lark, Parnassus, Maker, minstrel, harmonist, metrist, maker, bulbul, songster, versifier, poet, singer, eisteddfod, bard",,,,,
3567,腰,腰,yāo,"isthmus, bend, haunch, middle, strategic pass, cingulum, reins, loin, pocket, small of the back, strait, waist of a garment, middle part, waist",,,,,
3568,传递,傳遞,chuándì,"transmit, deliver, transfer",,,,,
3569,股价,股價,gǔjià,"price of stock, stock price",,,,,
3570,歌声,歌聲,gēshēng,"voice, song, singing, sound of singing, singing voice",,,,,
3571,桃园,桃園,táoyuán,TaoYuan （city in Taiwan）,,,,,
3572,温馨,溫馨,wēnxīn,warm and fragrant,,,,,
3573,无比,無比,wúbǐ,"unparalleled, matchless",,,,,
3574,着重,著重,zhuózhòng,"underscore, accent, concentrate, emphasize, attach importance, stress, set off, underline, accentuate, bring out",,,,,
3575,减轻,減輕,jiǎnqīng,"lighten, ease, mitigate",,,,,
3576,提,提,tí,"carry, take (in hand with arm down), lift, raise",,,,,
3577,意味,意味,yìwèi,"signify, mean, imply",,,,,
3578,说不定,說不定,shuōbúdìng,"perhaps, maybe",,,,,
3579,公民,公民,gōngmín,"freeman, citizen, denizen, national, civic, freewoman, commonwealth, burgher, civics",,,,,
3580,中兴,中興,zhōngxīng,"renaissance, resurgence",,,,,
3581,移动,移動,yídòng,"move, shift",,,,,
3582,减轻,減輕,jiǎnqīng,"lighten, ease, mitigate",,,,,
3583,有待,有待,yǒudài,"be pending, await, remain (to be done), remain",,,,,
3584,船员,船員,chuányuán,"crew, sailorman, sailor, shipmate, crewman, tarpaulin, old salt, seaman, bargeman, tar, boatman, Jack-tar, mariner, sea dog, gob, waister, seafarer",,,,,
3585,中兴,中興,zhōngxīng,"renaissance, resurgence",,,,,
3586,丢,丟,diōu,"discard, put aside",,,,,
3587,走路,走路,zǒulù,"go away, stroam, go on foot, walk",,,,,
3588,身材,身材,shēncái,"stature, figure",,,,,
3589,好玩,好玩,hǎowán,"amusing, interesting",,,,,
3590,师父,師父,shīfù,"guru, address for nun/etc., teacher, tutor, address for monk, professional, master, nun, a polite form of address to a monk or nun, address for monk/nun/etc., etc.",,,,,
3591,架,架,jià,m.[general],,,,,
3592,服装,服裝,fúzhuāng,"turnout, wearing_apparel, clothing, investiture, rigging, costuming, toggery, habilimentation, habiliment, drapery, garb, attire, toilette, frock, costume, dress, investment, garmenture, rig, garment, setout, implement, garniture, getup, outfit",,,,,
3593,枚,枚,méi,"enzyme, flare, ferment, school, mine, Surname, stick used as mouth gag, piece, rocket, m.[general],",,,,,
3594,陈列,陳列,chénliè,"display, exhibit",,,,,
3595,移动,移動,yídòng,"move, shift",,,,,
3596,前者,前者,qiánzhě,"predecessor, the former, former",,,,,
3597,宝贵,寶貴,bǎoguì,"valuable, precious",,,,,
3598,兴起,興起,xīngqǐ,"rise, spring up, be on the upgrade",,,,,
3599,遭受,遭受,zāoshòu,suffer,,,,,
3600,联合,聯合,liánhé,"joint, combined",,,,,
3601,兴起,興起,xīngqǐ,"rise, spring up, be on the upgrade",,,,,
3602,摸,摸,mō,"feel out, sound out, fumble, feel for, palpate, feel, stroke, finger, try to find out, touch, grope for, feel/sound out",,,,,
3603,下,下,xià,"go downwards, descend, alight, go to, exit, leave",,,,,
3604,逻辑,邏輯,luójí,logic,,,,,
3605,奶奶,奶奶,nǎinǎi,"nanna, address for married woman, granny, gran, grandmother, grandma, respectful form of address for an old woman, paternal grandmother",,,,,
3606,价位,價位,jiàwèi,price,,,,,
3607,宝贵,寶貴,bǎoguì,"valuable, precious",,,,,
3608,牙齿,牙齒,yáchǐ,"ivory, grinder, snapper, chopper, masticator, dental, teeth, pearly, peg, dens, tooth",,,,,
3609,武力,武力,wǔlì,"military unit, armory, armoury, armed force, saber, arsenal, military force, armed strength, armed might, force, bayonet, force of arms",,,,,
3610,肿瘤,腫瘤,zhǒngliú,tumor,,,,,
3611,题材,題材,tícái,"subject_matter, theme, material, content, subject, subject matter, depicted object",,,,,
3612,典型,典型,diǎnxíng,"typical, representative",,,,,
3613,作风,作風,zuòfēng,"path, way of life, idiom, style, way, style of work, expressive style, fashion",,,,,
3614,初步,初步,chūbù,"initially, preliminarily, tentatively",,,,,
3615,胃,胃,wèi,"ventriculus, solar_plexus, venter, kyte, gizzard, belly, tummy, paunch, stomach, craw, gastric, breadbasket, gut, tum, abomasum",,,,,
3616,从未,從未,cóngwèi,"ne'er, never",,,,,
3617,旅行社,旅行社,lǔxíngshè,"a tourist agency, travel_agency, a travel agency, travel service/agent, travel service, travel agent, travel agency",,,,,
3618,聊天,聊天,liáotiān,"jaw, visit, talk, claver, confabulate, chaffer, chat, chatter, quack, schmoose, gossip, gos, chin, natter, confab, chitchat, coze",,,,,
3619,执着,執著,zhízhuó,"rigid, punctilious",,,,,
3620,乡土,鄉土,xiāngtǔ,home village,,,,,
3621,顿,頓,dùn,m.[event],,,,,
3622,非法,非法,fēifǎ,"illegal, wrongfully, wrongful, unlawful, illegitimately, illicitly, unlawfully, lawlessly, nefariously, nefarious, illegally, illegitimate, lawless, illicit",,,,,
3623,统计,統計,tǒngjì,"add up, count",,,,,
3624,演唱,演唱,yǎnchàng,sing in performance,,,,,
3625,十足,十足,shízú,100 percent;out-and-out;downright,,,,,
3626,介绍,介紹,jièshào,introduction,,,,,
3627,古人,古人,gǔrén,"forefathers, our forefather, ancient, ancients, antiquity",,,,,
3628,穷,窮,qióng,"exhaust, exhausted, impoverished, hard-pressed, pursue to limit, poor",,,,,
3629,演唱,演唱,yǎnchàng,sing in performance,,,,,
3630,细,細,xì,"fine, exquisite, minute, in small particles, meticulous, thin and soft, thin, careful, light, trifling, slender, delicate, detailed",,,,,
3631,体力,體力,tǐlì,"breath, brawn, strength, bottom, main, thews, stamina, vigor, energy, physical strength, vigour, vim, physical power, strength of body, vitality, physical power/strength, thew, muscle, sinew",,,,,
3632,涉嫌,涉嫌,shèxián,"alleged, be a suspect, be suspected of being involved",,,,,
3633,同性恋,同性戀,tóngxìngliàn,"homoeroticism, homosexual, homo, inversion, homosexuality, homosexualism, gay, gayness",,,,,
3634,无聊,無聊,wúliáo,"bored, boring, senseless, silly, stupid",,,,,
3635,机种,機種,jīzhǒng,machine model,,,,,
3636,土,土,tǔ,"soil, earth, clay, land",,,,,
3637,边缘,邊緣,biānyuán,"margin, brink, periphery, bead, brim, borderline, skirt, lip, fringe, delimitation, flange, threshold, boundary line, perimeter, rand, outer boundary, hem, line, border, verge, marginality, marge, skirting, edging, edge, corner, rim",,,,,
3638,平安,平安,píngān,"safe and sound, quiet and stable",,,,,
3639,出面,出面,chūmiàn,"act in one's own capacity or on behalf o, act in one's own capacity or on behalf of an organization, act in one's own capacity or on behalf of an organ, appear personally",,,,,
3640,半导体,半導體,bàndǎotǐ,IC,,,,,
3641,平安,平安,píngān,"safe and sound, quiet and stable",,,,,
3642,工研院,工研院,gōngyányuàn,Industrial Technology Research Institute,,,,,
3643,灯,燈,dēng,"blowlamp, lantern, light source, light, lamp, tube, valve, burner",,,,,
3644,地板,地板,dìbǎn,"boarding, planking, hatch, plat, floorboard, hatchway, floor board, flooring, planch, floor, footplate",,,,,
3645,舒适,舒適,shūshì,"comfortable, cozy",,,,,
3646,著作权,著作權,zhùzuòquán,"right of first publication, copyright",,,,,
3647,细节,細節,xìjié,"circumstance, minutiae, nicety, minutia, speciality, item, detail, particulars, punctilio, particular, point, specific, respect, regard, details",,,,,
3648,侵害,侵害,qīnhài,"encroach on (other's rights), violate",,,,,
3649,好看,好看,hǎokàn,"embarrassed, interesting, nice, good-looking, delightful",,,,,
3650,立,立,lì,"set up, erect",,,,,
3651,器材,器材,qìcái,"materials, materiel, equipment",,,,,
3652,地形,地形,dìxíng,"topography, physique, landscape, terrain, chorography, landform",,,,,
3653,欢乐,歡樂,huānlè,"happy, joyous, gay",,,,,
3654,说出,說出,shuōchū,"disclose, utter, articulation, bite out, talk, escape, broach, outtell, get off, articulate, pass, speak, fall, disembosom, babble, shoot, speak out, outspeak, mouth, verbalize",,,,,
3655,阳明,陽明,yángmíng,"philosopher who stressed intuition in opposition to Zhu Xi's ""investigation of things""",,,,,
3656,正义,正義,zhèngyì,justice,,,,,
3657,分散,分散,fēnsàn,"divert, diversify, diffract, disperse, deconcentrate, decentralize, dispel, disgregate, decentralization, scatter, distract, decentralise, shed, break up, dispersal",,,,,
3658,回忆,回憶,huíyì,"recollect, recall",,,,,
3659,测验,測驗,cèyàn,test,,,,,
3660,欢乐,歡樂,huānlè,"happy, joyous, gay",,,,,
3661,海报,海報,hǎibào,"throwaway, poster, bill, flier, flyer, broadside, a playbill, a placard, circular, playbill, placard, broadsheet, handbill, a poster",,,,,
3662,高阶,高階,gāojiē,high-class,,,,,
3663,副教授,副教授,fùjiàoshòu,"associate_professor, associate professor",,,,,
3664,信念,信念,xìnniàn,"confession, tenet, strong belief, belief, creed, persuasion, conviction, opinion, faith",,,,,
3665,花费,花費,huāfèi,"spend, expend",,,,,
3666,自在,自在,zìzài,"comfortable, unrestrained, at_ease, free",,,,,
3667,刺激,刺激,cìjī,stimulation,,,,,
3668,技能,技能,jìnéng,"know-how, mastery of a technique, ability, acquisition, acquirement, mastery of a skill, proficiency, skill, craft, technical ability, technique, mastery of a skill/technique, facility, quality, faculty",,,,,
3669,私立,私立,sīlì,"privately run, private",,,,,
3670,回忆,回憶,huíyì,"recollect, recall",,,,,
3671,维修,維修,wéixiū,"keep in (good) repair, maintain",,,,,
3672,压迫,壓迫,yāpò,"oppress, repress, constrict",,,,,
3673,戏剧,戲劇,xìjù,"dramatic_work, dramatic composition, theatricals, dramatic work, stage, theatre, theater, drama, dramaturgy, play, dramatic art, boards, dramatics",,,,,
3674,公佈,公佈,gōngbù,"promulgate, announce, publish",,,,,
3675,廿,廿,niàn,det.: twenty,,,,,
3676,公佈,公佈,gōngbù,"promulgate, announce, publish",,,,,
3677,升学,升學,shēngxué,enter higher school,,,,,
3678,闹,鬧,nào,"give vent, be troubled by, give vent to anger, suffer from, make a noise, do, stir up trouble, make, go in for",,,,,
3679,上下,上下,shàngxià,"above and below, up and down, high and low, superior and inferior, senior and junior, old and young, ruler and subject, heaven and earth",,,,,
3680,说道,說道,shuōdào,"talk over, say",,,,,
3681,升学,升學,shēngxué,enter higher school,,,,,
3682,自有,自有,zìyǒu,"have, possess, own",,,,,
3683,维修,維修,wéixiū,"keep in (good) repair, maintain",,,,,
3684,传,傳,chuán,"pass (on), hand down, impart, teach, spread, transmit",,,,,
3685,走上,走上,zǒushàng,"move toward, take, mount, head for",,,,,
3686,没办法,沒辦法,méibànfǎ,"unable to, cannot",,,,,
3687,爬,爬,pá,"swarm, creep, shin, grabble, crawl, climb, go up, trail, climb up, mount, clamber, scramble",,,,,
3688,哪些,哪些,nǎxiē,det.: which,,,,,
3689,清洁,清潔,qīngjié,"clean, sanitary",,,,,
